--Insert data:
use DBMSN3
GO
--Table stores:
INSERT INTO BRANCHES (BRANCH_ID, BRANCH_NAME, PHONE, EMAIL, ADDRESS, CITY, STATE, ZIP_CODE) VALUES ('AHTX', 'American Hardware Southlake', '(972) 422-2575','sounthlakestore@amerhard.com','Southlake Town Square 285 Grand Ave','Sounthlake','Texas','76092');
INSERT INTO BRANCHES (BRANCH_ID, BRANCH_NAME, PHONE, EMAIL, ADDRESS, CITY, STATE, ZIP_CODE) VALUES ('AHCA', 'American Hardware San Francisco', '(415) 843-6473','sanfranciscostore@amerhard.com','Fisherman Wharf Pier 39','San Francisco','California','94133');
INSERT INTO BRANCHES (BRANCH_ID, BRANCH_NAME, PHONE, EMAIL, ADDRESS, CITY, STATE, ZIP_CODE) VALUES ('AHNJ', 'American Hardware Jersey','(609) 931-8311','jerseystore@amerhard.com','Liberty State Park 200 Morris Pesin Dr','New Jersey','New Jersey','07305');
INSERT INTO BRANCHES (BRANCH_ID, BRANCH_NAME, PHONE, EMAIL, ADDRESS, CITY, STATE, ZIP_CODE) VALUES ('AHFL', 'American Hardware Orlando', '(206) 742-9281','orlandostore@amerhard.com','7403 S Orange Blossom Trl #5709','Orlando','Florida','32789');
INSERT INTO BRANCHES (BRANCH_ID, BRANCH_NAME, PHONE, EMAIL, ADDRESS, CITY, STATE, ZIP_CODE) VALUES ('AHMA', 'American Hardware Boston', '(206) 431-0981','bostonstore@amerhard.com','185 Columbia Rd','Boston','Massachusetts','02108');
--Table Employees:
INSERT INTO EMPLOYEES (EMPLOYEE_ID, FIRST_NAME, LAST_NAME, EMAIL, PHONE, HIRE_DATE, JOB_TITLE, BRANCH_ID)
VALUES ('AHTX01', 'Tommy', 'Bailey', 'tommy.bailey@example.com', '515.123.4567', '2012-06-17', 'Branch Manager', 'AHTX');
INSERT INTO EMPLOYEES (EMPLOYEE_ID, FIRST_NAME, LAST_NAME, EMAIL, PHONE, HIRE_DATE, JOB_TITLE, BRANCH_ID)
VALUES ('AHTX02', 'Jude', 'Rivera', 'jude.rivera@example.com', '515.123.4568', '2014-09-21', 'Vice Branch Manager', 'AHTX');
INSERT INTO EMPLOYEES (EMPLOYEE_ID, FIRST_NAME, LAST_NAME, EMAIL, PHONE, HIRE_DATE, JOB_TITLE, BRANCH_ID)
VALUES ('AHTX03', 'Blake', 'Cooper', 'blake.cooper@example.com', '515.123.4569', '2011-01-13', 'Stock Manager', 'AHTX');
INSERT INTO EMPLOYEES (EMPLOYEE_ID, FIRST_NAME, LAST_NAME, EMAIL, PHONE, HIRE_DATE, JOB_TITLE, BRANCH_ID)
VALUES ('AHTX04', 'Louie', 'Richardson', 'louie.richardson@example.com', '590.423.4567', '2012-01-03', 'Accountant', 'AHTX');
INSERT INTO EMPLOYEES (EMPLOYEE_ID, FIRST_NAME, LAST_NAME, EMAIL, PHONE, HIRE_DATE, JOB_TITLE, BRANCH_ID)
VALUES ('AHTX05', 'Nathan', 'Cox', 'nathan.cox@example.com', '590.423.4568', '2013-05-21', 'Technician', 'AHTX');
INSERT INTO EMPLOYEES (EMPLOYEE_ID, FIRST_NAME, LAST_NAME, EMAIL, PHONE, HIRE_DATE, JOB_TITLE, BRANCH_ID)
VALUES ('AHTX06', 'Gabriel', 'Howard', 'gabriel.howard@example.com', '590.423.4569', '2012-06-25', 'Sales Associate', 'AHTX');
INSERT INTO EMPLOYEES (EMPLOYEE_ID, FIRST_NAME, LAST_NAME, EMAIL, PHONE, HIRE_DATE, JOB_TITLE, BRANCH_ID)
VALUES ('AHTX07', 'Charles', 'Ward', 'charles.ward@example.com', '590.423.4560', '2012-02-05', 'Sales Associate', 'AHTX');
INSERT INTO EMPLOYEES (EMPLOYEE_ID, FIRST_NAME, LAST_NAME, EMAIL, PHONE, HIRE_DATE, JOB_TITLE, BRANCH_ID)
VALUES ('AHTX08', 'Bobby', 'Torres', 'bobby.torres@example.com', '590.423.5567', '2012-02-07', 'Sales Associate', 'AHTX');
INSERT INTO EMPLOYEES (EMPLOYEE_ID, FIRST_NAME, LAST_NAME, EMAIL, PHONE, HIRE_DATE, JOB_TITLE, BRANCH_ID)
VALUES ('AHTX09', 'Mohammad', 'Peterson', 'mohammad.peterson@example.com', '515.124.4569', '2016-08-17', 'Stock Clerk', 'AHTX');
INSERT INTO EMPLOYEES (EMPLOYEE_ID, FIRST_NAME, LAST_NAME, EMAIL, PHONE, HIRE_DATE, JOB_TITLE, BRANCH_ID)
VALUES ('AHTX10', 'Ryan', 'Gray', 'ryan.gray@example.com', '515.124.4169', '2016-08-16', 'Stock Clerk', 'AHTX');
INSERT INTO EMPLOYEES (EMPLOYEE_ID, FIRST_NAME, LAST_NAME, EMAIL, PHONE, HIRE_DATE, JOB_TITLE, BRANCH_ID)
VALUES ('AHTX11', 'Tyler', 'Ramirez', 'tyler.ramirez@example.com', '515.124.4269', '2016-09-28', 'Stock Clerk', 'AHTX');
INSERT INTO EMPLOYEES (EMPLOYEE_ID, FIRST_NAME, LAST_NAME, EMAIL, PHONE, HIRE_DATE, JOB_TITLE, BRANCH_ID)
VALUES ('AHTX12', 'Elliott', 'James', 'elliott.james@example.com', '515.124.4369', '2016-09-30', 'Stock Clerk', 'AHTX');
INSERT INTO EMPLOYEES (EMPLOYEE_ID, FIRST_NAME, LAST_NAME, EMAIL, PHONE, HIRE_DATE, JOB_TITLE, BRANCH_ID)
VALUES ('AHTX13', 'Albert', 'Watson', 'albert.watson@example.com', '515.124.4469', '2016-03-07', 'Stock Clerk', 'AHTX');
INSERT INTO EMPLOYEES (EMPLOYEE_ID, FIRST_NAME, LAST_NAME, EMAIL, PHONE, HIRE_DATE, JOB_TITLE, BRANCH_ID)
VALUES ('AHTX14', 'Elliot', 'Brooks', 'elliot.brooks@example.com', '515.124.4567', '2016-12-07', 'Delivery Staff', 'AHTX');
INSERT INTO EMPLOYEES (EMPLOYEE_ID, FIRST_NAME, LAST_NAME, EMAIL, PHONE, HIRE_DATE, JOB_TITLE, BRANCH_ID)
VALUES ('AHTX15', 'Rory', 'Kelly', 'rory.kelly@example.com', '515.127.4561', '2016-12-07', 'Delivery Staff', 'AHTX');
INSERT INTO EMPLOYEES (EMPLOYEE_ID, FIRST_NAME, LAST_NAME, EMAIL, PHONE, HIRE_DATE, JOB_TITLE, BRANCH_ID)
VALUES ('AHTX16', 'Alex', 'Sanders', 'alex.sanders@example.com', '515.127.4562', '2016-05-18', 'Delivery Staff', 'AHTX');
INSERT INTO EMPLOYEES (EMPLOYEE_ID, FIRST_NAME, LAST_NAME, EMAIL, PHONE, HIRE_DATE, JOB_TITLE, BRANCH_ID)
VALUES ('AHTX17', 'Frederick', 'Price', 'frederick.price@example.com', '515.127.4563', '2016-12-24', 'Delivery Staff', 'AHTX');
INSERT INTO EMPLOYEES (EMPLOYEE_ID, FIRST_NAME, LAST_NAME, EMAIL, PHONE, HIRE_DATE, JOB_TITLE, BRANCH_ID)
VALUES ('AHTX18', 'Ollie', 'Bennett', 'ollie.bennett@example.com', '515.127.4564', '2016-07-24', 'Customer Service Representative', 'AHTX');
INSERT INTO EMPLOYEES (EMPLOYEE_ID, FIRST_NAME, LAST_NAME, EMAIL, PHONE, HIRE_DATE, JOB_TITLE, BRANCH_ID)
VALUES ('AHTX19', 'Louis', 'Wood', 'louis.wood@example.com', '515.127.4565', '2016-11-15', 'Security Guard', 'AHTX');
INSERT INTO EMPLOYEES (EMPLOYEE_ID, FIRST_NAME, LAST_NAME, EMAIL, PHONE, HIRE_DATE, JOB_TITLE, BRANCH_ID)
VALUES ('AHTX20', 'Dexter', 'Barnes', 'dexter.barnes@example.com', '515.127.4566', '2016-08-10', 'Security Guard', 'AHTX');
INSERT INTO EMPLOYEES (EMPLOYEE_ID, FIRST_NAME, LAST_NAME, EMAIL, PHONE, HIRE_DATE, JOB_TITLE, BRANCH_ID)
VALUES ('AHCA01', 'Jaxon', 'Ross', 'jaxon.ross@example.com', '650.123.1234', '2016-07-18', 'Branch Manager', 'AHCA');
INSERT INTO EMPLOYEES (EMPLOYEE_ID, FIRST_NAME, LAST_NAME, EMAIL, PHONE, HIRE_DATE, JOB_TITLE, BRANCH_ID)
VALUES ('AHCA02', 'Liam', 'Henderson', 'liam.henderson@example.com', '650.123.2234', '2016-04-10', 'Vice Branch Manager', 'AHCA');
INSERT INTO EMPLOYEES (EMPLOYEE_ID, FIRST_NAME, LAST_NAME, EMAIL, PHONE, HIRE_DATE, JOB_TITLE, BRANCH_ID)
VALUES ('AHCA03', 'Jackson', 'Coleman', 'jackson.coleman@example.com', '650.123.3234', '2016-05-01', 'Stock Manager', 'AHCA');
INSERT INTO EMPLOYEES (EMPLOYEE_ID, FIRST_NAME, LAST_NAME, EMAIL, PHONE, HIRE_DATE, JOB_TITLE, BRANCH_ID)
VALUES ('AHCA04', 'Callum', 'Jenkins', 'callum.jenkins@example.com', '650.123.4234', '2016-10-10', 'Accountant', 'AHCA');
INSERT INTO EMPLOYEES (EMPLOYEE_ID, FIRST_NAME, LAST_NAME, EMAIL, PHONE, HIRE_DATE, JOB_TITLE, BRANCH_ID)
VALUES ('AHCA05', 'Ronnie', 'Perry', 'ronnie.perry@example.com', '650.123.5234', '2016-11-16', 'Technician', 'AHCA');
INSERT INTO EMPLOYEES (EMPLOYEE_ID, FIRST_NAME, LAST_NAME, EMAIL, PHONE, HIRE_DATE, JOB_TITLE, BRANCH_ID)
VALUES ('AHCA06', 'Leon', 'Powell', 'leon.powell@example.com', '650.124.1214', '2012-07-16', 'Sales Associate', 'AHCA');
INSERT INTO EMPLOYEES (EMPLOYEE_ID, FIRST_NAME, LAST_NAME, EMAIL, PHONE, HIRE_DATE, JOB_TITLE, BRANCH_ID)
VALUES ('AHCA07', 'Kai', 'Long', 'kai.long@example.com', '650.124.1224', '2011-09-28', 'Sales Associate', 'AHCA');
INSERT INTO EMPLOYEES (EMPLOYEE_ID, FIRST_NAME, LAST_NAME, EMAIL, PHONE, HIRE_DATE, JOB_TITLE, BRANCH_ID)
VALUES ('AHCA08', 'Aaron', 'Patterson', 'aaron.patterson@example.com', '650.124.1334', '2012-01-14', 'Sales Associate', 'AHCA');
INSERT INTO EMPLOYEES (EMPLOYEE_ID, FIRST_NAME, LAST_NAME, EMAIL, PHONE, HIRE_DATE, JOB_TITLE, BRANCH_ID)
VALUES ('AHCA09', 'Roman', 'Hughes', 'roman.hughes@example.com', '650.124.1434', '2016-03-08', 'Stock Clerk', 'AHCA');
INSERT INTO EMPLOYEES (EMPLOYEE_ID, FIRST_NAME, LAST_NAME, EMAIL, PHONE, HIRE_DATE, JOB_TITLE, BRANCH_ID)
VALUES ('AHCA10', 'Austin', 'Flores', 'austin.flores@example.com', '650.124.5234', '2016-08-20', 'Stock Clerk', 'AHCA');
INSERT INTO EMPLOYEES (EMPLOYEE_ID, FIRST_NAME, LAST_NAME, EMAIL, PHONE, HIRE_DATE, JOB_TITLE, BRANCH_ID)
VALUES ('AHCA11', 'Ellis', 'Washington', 'ellis.washington@example.com', '650.124.6234', '2016-10-30', 'Stock Clerk', 'AHCA');
INSERT INTO EMPLOYEES (EMPLOYEE_ID, FIRST_NAME, LAST_NAME, EMAIL, PHONE, HIRE_DATE, JOB_TITLE, BRANCH_ID)
VALUES ('AHCA12', 'Jamie', 'Butler', 'jamie.butler@example.com', '650.124.7234', '2016-02-16', 'Stock Clerk', 'AHCA');
INSERT INTO EMPLOYEES (EMPLOYEE_ID, FIRST_NAME, LAST_NAME, EMAIL, PHONE, HIRE_DATE, JOB_TITLE, BRANCH_ID)
VALUES ('AHCA13', 'Reggie', 'Simmons', 'reggie.simmons@example.com', '650.124.8234', '2016-04-10', 'Stock Clerk', 'AHCA');
INSERT INTO EMPLOYEES (EMPLOYEE_ID, FIRST_NAME, LAST_NAME, EMAIL, PHONE, HIRE_DATE, JOB_TITLE, BRANCH_ID)
VALUES ('AHCA14', 'Seth', 'Foster', 'seth.foster@example.com', '650.127.1934', '2016-06-14', 'Delivery Staff', 'AHCA');
INSERT INTO EMPLOYEES (EMPLOYEE_ID, FIRST_NAME, LAST_NAME, EMAIL, PHONE, HIRE_DATE, JOB_TITLE, BRANCH_ID)
VALUES ('AHCA15', 'Carter', 'Gonzales', 'carter.gonzales@example.com', '650.127.1834', '2016-08-26', 'Delivery Staff', 'AHCA');
INSERT INTO EMPLOYEES (EMPLOYEE_ID, FIRST_NAME, LAST_NAME, EMAIL, PHONE, HIRE_DATE, JOB_TITLE, BRANCH_ID)
VALUES ('AHCA16', 'Felix', 'Bryant', 'felix.bryant@example.com', '650.127.1734', '2016-12-12', 'Delivery Staff', 'AHCA');
INSERT INTO EMPLOYEES (EMPLOYEE_ID, FIRST_NAME, LAST_NAME, EMAIL, PHONE, HIRE_DATE, JOB_TITLE, BRANCH_ID)
VALUES ('AHCA17', 'Ibrahim', 'Alexander', 'ibrahim.alexander@example.com', '650.127.1634', '2016-02-06', 'Delivery Staff', 'AHCA');
INSERT INTO EMPLOYEES (EMPLOYEE_ID, FIRST_NAME, LAST_NAME, EMAIL, PHONE, HIRE_DATE, JOB_TITLE, BRANCH_ID)
VALUES ('AHCA18', 'Sonny', 'Russell', 'sonny.russell@example.com', '650.121.1234', '2016-07-14', 'Customer Service Representative', 'AHCA');
INSERT INTO EMPLOYEES (EMPLOYEE_ID, FIRST_NAME, LAST_NAME, EMAIL, PHONE, HIRE_DATE, JOB_TITLE, BRANCH_ID)
VALUES ('AHCA19', 'Kian', 'Griffin', 'kian.griffin@example.com', '650.121.2034', '2016-10-26', 'Security Guard', 'AHCA');
INSERT INTO EMPLOYEES (EMPLOYEE_ID, FIRST_NAME, LAST_NAME, EMAIL, PHONE, HIRE_DATE, JOB_TITLE, BRANCH_ID)
VALUES ('AHCA20', 'Caleb', 'Diaz', 'caleb.diaz@example.com', '650.121.2019', '2016-02-12', 'Security Guard', 'AHCA');
INSERT INTO EMPLOYEES (EMPLOYEE_ID, FIRST_NAME, LAST_NAME, EMAIL, PHONE, HIRE_DATE, JOB_TITLE, BRANCH_ID)
VALUES ('AHNJ01', 'Connor', 'Hayes', 'connor.hayes@example.com', '650.121.1834', '2016-04-06', 'Branch Manager', 'AHNJ');
INSERT INTO EMPLOYEES (EMPLOYEE_ID, FIRST_NAME, LAST_NAME, EMAIL, PHONE, HIRE_DATE, JOB_TITLE, BRANCH_ID)
VALUES ('AHNJ02', 'Amelia', 'Myers', 'amelia.myers@example.com', '650.121.8009', '2016-10-17', 'Vice Branch Manager', 'AHNJ');
INSERT INTO EMPLOYEES (EMPLOYEE_ID, FIRST_NAME, LAST_NAME, EMAIL, PHONE, HIRE_DATE, JOB_TITLE, BRANCH_ID)
VALUES ('AHNJ03', 'Olivia', 'Ford', 'olivia.ford@example.com', '650.121.2994', '2016-01-29', 'Stock Manager', 'AHNJ');
INSERT INTO EMPLOYEES (EMPLOYEE_ID, FIRST_NAME, LAST_NAME, EMAIL, PHONE, HIRE_DATE, JOB_TITLE, BRANCH_ID)
VALUES ('AHNJ04', 'Emily', 'Hamilton', 'emily.hamilton@example.com', '650.121.2874', '2016-03-15', 'Accountant', 'AHNJ');
INSERT INTO EMPLOYEES (EMPLOYEE_ID, FIRST_NAME, LAST_NAME, EMAIL, PHONE, HIRE_DATE, JOB_TITLE, BRANCH_ID)
VALUES ('AHNJ05', 'Isla', 'Graham', 'isla.graham@example.com', '650.121.2004', '2016-07-09', 'Technician', 'AHNJ');
INSERT INTO EMPLOYEES (EMPLOYEE_ID, FIRST_NAME, LAST_NAME, EMAIL, PHONE, HIRE_DATE, JOB_TITLE, BRANCH_ID)
VALUES ('AHNJ06', 'Ava', 'Sullivan', 'ava.sullivan@example.com', '011.44.1344.429268', '2013-10-01', 'Sales Associate', 'AHNJ');
INSERT INTO EMPLOYEES (EMPLOYEE_ID, FIRST_NAME, LAST_NAME, EMAIL, PHONE, HIRE_DATE, JOB_TITLE, BRANCH_ID)
VALUES ('AHNJ07', 'Ella', 'Wallace', 'ella.wallace@example.com', '011.44.1344.467268', '2014-01-05', 'Sales Associate', 'AHNJ');
INSERT INTO EMPLOYEES (EMPLOYEE_ID, FIRST_NAME, LAST_NAME, EMAIL, PHONE, HIRE_DATE, JOB_TITLE, BRANCH_ID)
VALUES ('AHNJ08', 'Jessica', 'Woods', 'jessica.woods@example.com', '011.44.1344.429278', '2013-03-10', 'Sales Associate', 'AHNJ');
INSERT INTO EMPLOYEES (EMPLOYEE_ID, FIRST_NAME, LAST_NAME, EMAIL, PHONE, HIRE_DATE, JOB_TITLE, BRANCH_ID)
VALUES ('AHNJ09', 'Isabella', 'Cole', 'isabella.cole@example.com', '011.44.1344.619268', '2016-10-15', 'Stock Clerk', 'AHNJ');
INSERT INTO EMPLOYEES (EMPLOYEE_ID, FIRST_NAME, LAST_NAME, EMAIL, PHONE, HIRE_DATE, JOB_TITLE, BRANCH_ID)
VALUES ('AHNJ10', 'Mia', 'West', 'mia.west@example.com', '011.44.1344.429018', '2016-01-29', 'Stock Clerk', 'AHNJ');
INSERT INTO EMPLOYEES (EMPLOYEE_ID, FIRST_NAME, LAST_NAME, EMAIL, PHONE, HIRE_DATE, JOB_TITLE, BRANCH_ID)
VALUES ('AHNJ11', 'Poppy', 'Jordan', 'poppy.jordan@example.com', '011.44.1344.129268', '2016-01-30', 'Stock Clerk', 'AHNJ');
INSERT INTO EMPLOYEES (EMPLOYEE_ID, FIRST_NAME, LAST_NAME, EMAIL, PHONE, HIRE_DATE, JOB_TITLE, BRANCH_ID)
VALUES ('AHNJ12', 'Sophie', 'Owens', 'sophie.owens@example.com', '011.44.1344.345268', '2016-03-24', 'Stock Clerk', 'AHNJ');
INSERT INTO EMPLOYEES (EMPLOYEE_ID, FIRST_NAME, LAST_NAME, EMAIL, PHONE, HIRE_DATE, JOB_TITLE, BRANCH_ID)
VALUES ('AHNJ13', 'Sophia', 'Reynolds', 'sophia.reynolds@example.com', '011.44.1344.478968', '2016-08-20', 'Stock Clerk', 'AHNJ');
INSERT INTO EMPLOYEES (EMPLOYEE_ID, FIRST_NAME, LAST_NAME, EMAIL, PHONE, HIRE_DATE, JOB_TITLE, BRANCH_ID)
VALUES ('AHNJ14', 'Lily', 'Fisher', 'lily.fisher@example.com', '011.44.1344.498718', '2016-03-30', 'Delivery Staff', 'AHNJ');
INSERT INTO EMPLOYEES (EMPLOYEE_ID, FIRST_NAME, LAST_NAME, EMAIL, PHONE, HIRE_DATE, JOB_TITLE, BRANCH_ID)
VALUES ('AHNJ15', 'Grace', 'Ellis', 'grace.ellis@example.com', '011.44.1344.987668', '2016-12-09', 'Delivery Staff', 'AHNJ');
INSERT INTO EMPLOYEES (EMPLOYEE_ID, FIRST_NAME, LAST_NAME, EMAIL, PHONE, HIRE_DATE, JOB_TITLE, BRANCH_ID)
VALUES ('AHNJ16', 'Evie', 'Harrison', 'evie.harrison@example.com', '011.44.1344.486508', '2016-11-23', 'Delivery Staff', 'AHNJ');
INSERT INTO EMPLOYEES (EMPLOYEE_ID, FIRST_NAME, LAST_NAME, EMAIL, PHONE, HIRE_DATE, JOB_TITLE, BRANCH_ID)
VALUES ('AHNJ17', 'Scarlett', 'Gibson', 'scarlett.gibson@example.com', '011.44.1345.429268', '2016-01-30', 'Delivery Staff', 'AHNJ');
INSERT INTO EMPLOYEES (EMPLOYEE_ID, FIRST_NAME, LAST_NAME, EMAIL, PHONE, HIRE_DATE, JOB_TITLE, BRANCH_ID)
VALUES ('AHNJ18', 'Ruby', 'Mcdonald', 'ruby.mcdonald@example.com', '011.44.1345.929268', '2016-03-04', 'Customer Service Representative', 'AHNJ');
INSERT INTO EMPLOYEES (EMPLOYEE_ID, FIRST_NAME, LAST_NAME, EMAIL, PHONE, HIRE_DATE, JOB_TITLE, BRANCH_ID)
VALUES ('AHNJ19', 'Chloe', 'Cruz', 'chloe.cruz@example.com', '011.44.1345.829268', '2016-08-01', 'Security Guard', 'AHNJ');
INSERT INTO EMPLOYEES (EMPLOYEE_ID, FIRST_NAME, LAST_NAME, EMAIL, PHONE, HIRE_DATE, JOB_TITLE, BRANCH_ID)
VALUES ('AHNJ20', 'Isabelle', 'Marshall', 'isabelle.marshall@example.com', '011.44.1345.729268', '2016-03-10', 'Security Guard', 'AHNJ');
INSERT INTO EMPLOYEES (EMPLOYEE_ID, FIRST_NAME, LAST_NAME, EMAIL, PHONE, HIRE_DATE, JOB_TITLE, BRANCH_ID)
VALUES ('AHFL01', 'Lola', 'Ramos', 'lola.ramos@example.com', '650.507.9876', '2012-01-24', 'Branch Manager', 'AHFL');
INSERT INTO EMPLOYEES (EMPLOYEE_ID, FIRST_NAME, LAST_NAME, EMAIL, PHONE, HIRE_DATE, JOB_TITLE, BRANCH_ID)
VALUES ('AHFL02', 'Willow', 'Reyes', 'willow.reyes@example.com', '650.507.9877', '2013-02-23', 'Vice Branch Manager', 'AHFL');
INSERT INTO EMPLOYEES (EMPLOYEE_ID, FIRST_NAME, LAST_NAME, EMAIL, PHONE, HIRE_DATE, JOB_TITLE, BRANCH_ID)
VALUES ('AHFL03', 'Ivy', 'Burns', 'ivy.burns@example.com', '650.507.9878', '2014-06-21', 'Stock Manager', 'AHFL');
INSERT INTO EMPLOYEES (EMPLOYEE_ID, FIRST_NAME, LAST_NAME, EMAIL, PHONE, HIRE_DATE, JOB_TITLE, BRANCH_ID)
VALUES ('AHFL04', 'Erin', 'Gordon', 'erin.gordon@example.com', '650.507.9879', '2012-02-03', 'Accountant', 'AHFL');
INSERT INTO EMPLOYEES (EMPLOYEE_ID, FIRST_NAME, LAST_NAME, EMAIL, PHONE, HIRE_DATE, JOB_TITLE, BRANCH_ID)
VALUES ('AHFL05', 'Holly', 'Shaw', 'holly.shaw@example.com', '650.509.1876', '2013-01-27', 'Technician', 'AHFL');
INSERT INTO EMPLOYEES (EMPLOYEE_ID, FIRST_NAME, LAST_NAME, EMAIL, PHONE, HIRE_DATE, JOB_TITLE, BRANCH_ID)
VALUES ('AHFL06', 'Emilia', 'Holmes', 'emilia.holmes@example.com', '650.509.2876', '2013-02-20', 'Sales Associate', 'AHFL');
INSERT INTO EMPLOYEES (EMPLOYEE_ID, FIRST_NAME, LAST_NAME, EMAIL, PHONE, HIRE_DATE, JOB_TITLE, BRANCH_ID)
VALUES ('AHFL07', 'Molly', 'Rice', 'molly.rice@example.com', '650.509.3876', '2012-06-24', 'Sales Associate', 'AHFL');
INSERT INTO EMPLOYEES (EMPLOYEE_ID, FIRST_NAME, LAST_NAME, EMAIL, PHONE, HIRE_DATE, JOB_TITLE, BRANCH_ID)
VALUES ('AHFL08', 'Ellie', 'Robertson', 'ellie.robertson@example.com', '650.509.4876', '2013-02-07', 'Sales Associate', 'AHFL');
INSERT INTO EMPLOYEES (EMPLOYEE_ID, FIRST_NAME, LAST_NAME, EMAIL, PHONE, HIRE_DATE, JOB_TITLE, BRANCH_ID)
VALUES ('AHFL09', 'Jasmine', 'Hunt', 'jasmine.hunt@example.com', '650.505.1876', '2014-06-14', 'Stock Clerk', 'AHFL');
INSERT INTO EMPLOYEES (EMPLOYEE_ID, FIRST_NAME, LAST_NAME, EMAIL, PHONE, HIRE_DATE, JOB_TITLE, BRANCH_ID)
VALUES ('AHFL10', 'Eliza', 'Black', 'eliza.black@example.com', '650.505.2876', '2012-08-13', 'Stock Clerk', 'AHFL');
INSERT INTO EMPLOYEES (EMPLOYEE_ID, FIRST_NAME, LAST_NAME, EMAIL, PHONE, HIRE_DATE, JOB_TITLE, BRANCH_ID)
VALUES ('AHFL11', 'Lilly', 'Daniels', 'lilly.daniels@example.com', '650.505.3876', '2013-07-11', 'Stock Clerk', 'AHFL');
INSERT INTO EMPLOYEES (EMPLOYEE_ID, FIRST_NAME, LAST_NAME, EMAIL, PHONE, HIRE_DATE, JOB_TITLE, BRANCH_ID)
VALUES ('AHFL12', 'Abigail', 'Palmer', 'abigail.palmer@example.com', '650.505.4876', '2014-12-19', 'Stock Clerk', 'AHFL');
INSERT INTO EMPLOYEES (EMPLOYEE_ID, FIRST_NAME, LAST_NAME, EMAIL, PHONE, HIRE_DATE, JOB_TITLE, BRANCH_ID)
VALUES ('AHFL13', 'Georgia', 'Mills', 'georgia.mills@example.com', '650.501.1876', '2012-02-04', 'Stock Clerk', 'AHFL');
INSERT INTO EMPLOYEES (EMPLOYEE_ID, FIRST_NAME, LAST_NAME, EMAIL, PHONE, HIRE_DATE, JOB_TITLE, BRANCH_ID)
VALUES ('AHFL14', 'Maisie', 'Nichols', 'maisie.nichols@example.com', '650.501.2876', '2013-03-03', 'Delivery Staff', 'AHFL');
INSERT INTO EMPLOYEES (EMPLOYEE_ID, FIRST_NAME, LAST_NAME, EMAIL, PHONE, HIRE_DATE, JOB_TITLE, BRANCH_ID)
VALUES ('AHFL15', 'Eleanor', 'Grant', 'eleanor.grant@example.com', '650.501.3876', '2014-07-01', 'Delivery Staff', 'AHFL');
INSERT INTO EMPLOYEES (EMPLOYEE_ID, FIRST_NAME, LAST_NAME, EMAIL, PHONE, HIRE_DATE, JOB_TITLE, BRANCH_ID)
VALUES ('AHFL16', 'Hannah', 'Knight', 'hannah.knight@example.com', '650.501.4876', '2012-03-17', 'Delivery Staff', 'AHFL');
INSERT INTO EMPLOYEES (EMPLOYEE_ID, FIRST_NAME, LAST_NAME, EMAIL, PHONE, HIRE_DATE, JOB_TITLE, BRANCH_ID)
VALUES ('AHFL17', 'Harriet', 'Ferguson', 'harriet.ferguson@example.com', '650.507.9811', '2013-04-24', 'Delivery Staff', 'AHFL');
INSERT INTO EMPLOYEES (EMPLOYEE_ID, FIRST_NAME, LAST_NAME, EMAIL, PHONE, HIRE_DATE, JOB_TITLE, BRANCH_ID)
VALUES ('AHFL18', 'Amber', 'Rose', 'amber.rose@example.com', '650.507.9822', '2014-05-23', 'Customer Service Representative', 'AHFL');
INSERT INTO EMPLOYEES (EMPLOYEE_ID, FIRST_NAME, LAST_NAME, EMAIL, PHONE, HIRE_DATE, JOB_TITLE, BRANCH_ID)
VALUES ('AHFL19', 'Bella', 'Stone', 'bella.stone@example.com', '650.507.9833', '2012-06-21', 'Security Guard', 'AHFL');
INSERT INTO EMPLOYEES (EMPLOYEE_ID, FIRST_NAME, LAST_NAME, EMAIL, PHONE, HIRE_DATE, JOB_TITLE, BRANCH_ID)
VALUES ('AHFL20', 'Thea', 'Hawkins', 'thea.hawkins@example.com', '650.507.9844', '2013-01-13', 'Security Guard', 'AHFL');
INSERT INTO EMPLOYEES (EMPLOYEE_ID, FIRST_NAME, LAST_NAME, EMAIL, PHONE, HIRE_DATE, JOB_TITLE, BRANCH_ID)
VALUES ('AHMA01', 'Annabelle', 'Dunn', 'annabelle.dunn@example.com', '515.123.4444', '2012-09-17', 'Branch Manager', 'AHMA');
INSERT INTO EMPLOYEES (EMPLOYEE_ID, FIRST_NAME, LAST_NAME, EMAIL, PHONE, HIRE_DATE, JOB_TITLE, BRANCH_ID)
VALUES ('AHMA02', 'Emma', 'Perkins', 'emma.perkins@example.com', '515.123.5555', '2013-02-17', 'Vice Branch Manager', 'AHMA');
INSERT INTO EMPLOYEES (EMPLOYEE_ID, FIRST_NAME, LAST_NAME, EMAIL, PHONE, HIRE_DATE, JOB_TITLE, BRANCH_ID)
VALUES ('AHMA03', 'Amelie', 'Hudson', 'amelie.hudson@example.com', '603.123.6666', '2014-08-17', 'Stock Manager', 'AHMA');
INSERT INTO EMPLOYEES (EMPLOYEE_ID, FIRST_NAME, LAST_NAME, EMAIL, PHONE, HIRE_DATE, JOB_TITLE, BRANCH_ID)
VALUES ('AHMA04', 'Harper', 'Spencer', 'harper.spencer@example.com', '515.123.7777', '2012-06-07', 'Accountant', 'AHMA');
INSERT INTO EMPLOYEES (EMPLOYEE_ID, FIRST_NAME, LAST_NAME, EMAIL, PHONE, HIRE_DATE, JOB_TITLE, BRANCH_ID)
VALUES ('AHMA05', 'Gracie', 'Gardner', 'gracie.gardner@example.com', '515.123.8888', '2013-06-07', 'Technician', 'AHMA');
INSERT INTO EMPLOYEES (EMPLOYEE_ID, FIRST_NAME, LAST_NAME, EMAIL, PHONE, HIRE_DATE, JOB_TITLE, BRANCH_ID)
VALUES ('AHMA06', 'Rose', 'Stephens', 'rose.stephens@example.com', '515.123.8080', '2014-06-07', 'Sales Associate', 'AHMA');
INSERT INTO EMPLOYEES (EMPLOYEE_ID, FIRST_NAME, LAST_NAME, EMAIL, PHONE, HIRE_DATE, JOB_TITLE, BRANCH_ID)
VALUES ('AHMA07', 'Summer', 'Payne', 'summer.payne@example.com', '515.123.8181', '2012-06-07', 'Sales Associate', 'AHMA');
INSERT INTO EMPLOYEES (EMPLOYEE_ID, FIRST_NAME, LAST_NAME, EMAIL, PHONE, HIRE_DATE, JOB_TITLE, BRANCH_ID)
VALUES ('AHMA08', 'Michael', 'Smith', 'michael.smith@example.com', '515.124.1111', '2013-01-15', 'Sales Associate', 'AHMA');
INSERT INTO EMPLOYEES (EMPLOYEE_ID, FIRST_NAME, LAST_NAME, EMAIL, PHONE, HIRE_DATE, JOB_TITLE, BRANCH_ID)
VALUES ('AHMA09', 'Jennifer', 'Johnson', 'jennifer.johnson@example.com', '515.124.2222', '2014-03-20', 'Stock Clerk', 'AHMA');
INSERT INTO EMPLOYEES (EMPLOYEE_ID, FIRST_NAME, LAST_NAME, EMAIL, PHONE, HIRE_DATE, JOB_TITLE, BRANCH_ID)
VALUES ('AHMA10', 'David', 'Williams', 'david.williams@example.com', '515.124.3333', '2012-04-10', 'Stock Clerk', 'AHMA');
INSERT INTO EMPLOYEES (EMPLOYEE_ID, FIRST_NAME, LAST_NAME, EMAIL, PHONE, HIRE_DATE, JOB_TITLE, BRANCH_ID)
VALUES ('AHMA11', 'Linda', 'Brown', 'linda.brown@example.com', '603.124.4444', '2013-05-05', 'Stock Clerk', 'AHMA');
INSERT INTO EMPLOYEES (EMPLOYEE_ID, FIRST_NAME, LAST_NAME, EMAIL, PHONE, HIRE_DATE, JOB_TITLE, BRANCH_ID)
VALUES ('AHMA12', 'James', 'Jones', 'james.jones@example.com', '515.124.5555', '2014-06-12', 'Stock Clerk', 'AHMA');
INSERT INTO EMPLOYEES (EMPLOYEE_ID, FIRST_NAME, LAST_NAME, EMAIL, PHONE, HIRE_DATE, JOB_TITLE, BRANCH_ID)
VALUES ('AHMA13', 'Patricia', 'Garcia', 'patricia.garcia@example.com', '515.124.6666', '2012-07-18', 'Stock Clerk', 'AHMA');
INSERT INTO EMPLOYEES (EMPLOYEE_ID, FIRST_NAME, LAST_NAME, EMAIL, PHONE, HIRE_DATE, JOB_TITLE, BRANCH_ID)
VALUES ('AHMA14', 'Robert', 'Miller', 'robert.miller@example.com', '515.124.7777', '2013-08-22', 'Delivery Staff', 'AHMA');
INSERT INTO EMPLOYEES (EMPLOYEE_ID, FIRST_NAME, LAST_NAME, EMAIL, PHONE, HIRE_DATE, JOB_TITLE, BRANCH_ID)
VALUES ('AHMA15', 'Mary', 'Davis', 'mary.davis@example.com', '603.124.8888', '2014-09-30', 'Delivery Staff', 'AHMA');
INSERT INTO EMPLOYEES (EMPLOYEE_ID, FIRST_NAME, LAST_NAME, EMAIL, PHONE, HIRE_DATE, JOB_TITLE, BRANCH_ID)
VALUES ('AHMA16', 'William', 'Rodriguez', 'william.rodriguez@example.com', '515.125.1111', '2012-10-11', 'Delivery Staff', 'AHMA');
INSERT INTO EMPLOYEES (EMPLOYEE_ID, FIRST_NAME, LAST_NAME, EMAIL, PHONE, HIRE_DATE, JOB_TITLE, BRANCH_ID)
VALUES ('AHMA17', 'Elizabeth', 'Martinez', 'elizabeth.martinez@example.com', '515.125.2222', '2013-11-19', 'Delivery Staff', 'AHMA');
INSERT INTO EMPLOYEES (EMPLOYEE_ID, FIRST_NAME, LAST_NAME, EMAIL, PHONE, HIRE_DATE, JOB_TITLE, BRANCH_ID)
VALUES ('AHMA18', 'Richard', 'Hernandez', 'richard.hernandez@example.com', '603.125.3333', '2014-12-04', 'Customer Service Representative', 'AHMA');
INSERT INTO EMPLOYEES (EMPLOYEE_ID, FIRST_NAME, LAST_NAME, EMAIL, PHONE, HIRE_DATE, JOB_TITLE, BRANCH_ID)
VALUES ('AHMA19', 'Susan', 'Lopez', 'susan.lopez@example.com', '515.125.4444', '2012-01-10', 'Security Guard', 'AHMA');
INSERT INTO EMPLOYEES (EMPLOYEE_ID, FIRST_NAME, LAST_NAME, EMAIL, PHONE, HIRE_DATE, JOB_TITLE, BRANCH_ID)
VALUES ('AHMA20', 'Joseph', 'Gonzalez', 'joseph.gonzalez@example.com', '515.125.5555', '2013-02-15', 'Security Guard', 'AHMA');

--Table product_categories:
Insert into PRODUCT_CATEGORIES (CATEGORY_ID,CATEGORY_NAME) values (1,'CPU');
Insert into PRODUCT_CATEGORIES (CATEGORY_ID,CATEGORY_NAME) values (2,'Video Card');
Insert into PRODUCT_CATEGORIES (CATEGORY_ID,CATEGORY_NAME) values (3,'RAM');
Insert into PRODUCT_CATEGORIES (CATEGORY_ID,CATEGORY_NAME) values (4,'Mother Board');
Insert into PRODUCT_CATEGORIES (CATEGORY_ID,CATEGORY_NAME) values (5,'Storage');

--Table products
Insert into PRODUCTS (PRODUCT_ID,PRODUCT_NAME,DESCRIPTION,STANDARD_COST,LIST_PRICE,CATEGORY_ID) values ('PRD0001','Intel Xeon E5-2699 V3 (OEM/Tray)','Speed:2.3GHz,Cores:18,TDP:145W',2867.51,3410.46,1);
Insert into PRODUCTS (PRODUCT_ID,PRODUCT_NAME,DESCRIPTION,STANDARD_COST,LIST_PRICE,CATEGORY_ID) values ('PRD0002','Intel Xeon E5-2697 V3','Speed:2.6GHz,Cores:14,TDP:145W',2326.27,2774.98,1);
Insert into PRODUCTS (PRODUCT_ID,PRODUCT_NAME,DESCRIPTION,STANDARD_COST,LIST_PRICE,CATEGORY_ID) values ('PRD0003','Intel Xeon E5-2698 V3 (OEM/Tray)','Speed:2.3GHz,Cores:16,TDP:135W',2035.18,2660.72,1);
Insert into PRODUCTS (PRODUCT_ID,PRODUCT_NAME,DESCRIPTION,STANDARD_COST,LIST_PRICE,CATEGORY_ID) values ('PRD0004','Intel Xeon E5-2697 V4','Speed:2.3GHz,Cores:18,TDP:145W',2144.4,2554.99,1);
Insert into PRODUCTS (PRODUCT_ID,PRODUCT_NAME,DESCRIPTION,STANDARD_COST,LIST_PRICE,CATEGORY_ID) values ('PRD0005','Intel Xeon E5-2685 V3 (OEM/Tray)','Speed:2.6GHz,Cores:12,TDP:120W',2012.11,2501.69,1);
Insert into PRODUCTS (PRODUCT_ID,PRODUCT_NAME,DESCRIPTION,STANDARD_COST,LIST_PRICE,CATEGORY_ID) values ('PRD0006','Intel Xeon E5-2695 V3 (OEM/Tray)','Speed:2.3GHz,Cores:14,TDP:120W',1925.13,2431.95,1);
Insert into PRODUCTS (PRODUCT_ID,PRODUCT_NAME,DESCRIPTION,STANDARD_COST,LIST_PRICE,CATEGORY_ID) values ('PRD0007','Intel Xeon E5-2697 V2','Speed:2.7GHz,Cores:12,TDP:130W',2101.59,2377.09,1);
Insert into PRODUCTS (PRODUCT_ID,PRODUCT_NAME,DESCRIPTION,STANDARD_COST,LIST_PRICE,CATEGORY_ID) values ('PRD0008','Intel Xeon E5-2695 V4','Speed:2.1GHz,Cores:18,TDP:120W',1780.35,2269.99,1);
Insert into PRODUCTS (PRODUCT_ID,PRODUCT_NAME,DESCRIPTION,STANDARD_COST,LIST_PRICE,CATEGORY_ID) values ('PRD0009','Intel Xeon E5-2695 V2','Speed:2.4GHz,Cores:12,TDP:115W',1793.53,2259.99,1);
Insert into PRODUCTS (PRODUCT_ID,PRODUCT_NAME,DESCRIPTION,STANDARD_COST,LIST_PRICE,CATEGORY_ID) values ('PRD0010','Intel Xeon E5-2643 V2 (OEM/Tray)','Speed:3.5GHz,Cores:6,TDP:130W',1940.18,2200,1);
Insert into PRODUCTS (PRODUCT_ID,PRODUCT_NAME,DESCRIPTION,STANDARD_COST,LIST_PRICE,CATEGORY_ID) values ('PRD0011','Intel Xeon E5-2690 (OEM/Tray)','Speed:2.9GHz,Cores:8,TDP:135W',1888.33,2116.72,1);
Insert into PRODUCTS (PRODUCT_ID,PRODUCT_NAME,DESCRIPTION,STANDARD_COST,LIST_PRICE,CATEGORY_ID) values ('PRD0012','Intel Xeon E5-2687W V3','Speed:3.1GHz,Cores:10,TDP:160W',1781.47,2064.99,1);
Insert into PRODUCTS (PRODUCT_ID,PRODUCT_NAME,DESCRIPTION,STANDARD_COST,LIST_PRICE,CATEGORY_ID) values ('PRD0013','Intel Xeon E5-2687W V4','Speed:3.0GHz,Cores:12,TDP:160W',1723.83,2042.69,1);
Insert into PRODUCTS (PRODUCT_ID,PRODUCT_NAME,DESCRIPTION,STANDARD_COST,LIST_PRICE,CATEGORY_ID) values ('PRD0014','Intel Xeon E5-2667 V3 (OEM/Tray)','Speed:3.2GHz,Cores:8,TDP:135W',1504.08,2009.46,1);
Insert into PRODUCTS (PRODUCT_ID,PRODUCT_NAME,DESCRIPTION,STANDARD_COST,LIST_PRICE,CATEGORY_ID) values ('PRD0015','Intel Xeon E5-2690 V4','Speed:2.6GHz,Cores:14,TDP:135W',1499.26,1994.49,1);
Insert into PRODUCTS (PRODUCT_ID,PRODUCT_NAME,DESCRIPTION,STANDARD_COST,LIST_PRICE,CATEGORY_ID) values ('PRD0016','Intel Xeon E5-2690 V3','Speed:2.6GHz,Cores:12,TDP:135W',1540.35,1908.73,1);
Insert into PRODUCTS (PRODUCT_ID,PRODUCT_NAME,DESCRIPTION,STANDARD_COST,LIST_PRICE,CATEGORY_ID) values ('PRD0017','Intel Xeon E5-2470V2','Speed:2.4GHz,Cores:10,TDP:95W',1671.95,1904.7,1);
Insert into PRODUCTS (PRODUCT_ID,PRODUCT_NAME,DESCRIPTION,STANDARD_COST,LIST_PRICE,CATEGORY_ID) values ('PRD0018','Intel Xeon E5-2683 V4','Speed:2.1GHz,Cores:16,TDP:120W',1706.95,1899.99,1);
Insert into PRODUCTS (PRODUCT_ID,PRODUCT_NAME,DESCRIPTION,STANDARD_COST,LIST_PRICE,CATEGORY_ID) values ('PRD0019','Intel Xeon E5-2637 V2 (OEM/Tray)','Speed:3.5GHz,Cores:4,TDP:130W',1323.12,1850,1);
Insert into PRODUCTS (PRODUCT_ID,PRODUCT_NAME,DESCRIPTION,STANDARD_COST,LIST_PRICE,CATEGORY_ID) values ('PRD0020','Intel Xeon E5-2683 V4 (OEM/Tray)','Speed:2.1GHz,Cores:16,TDP:120W',1369.83,1844.89,1);
Insert into PRODUCTS (PRODUCT_ID,PRODUCT_NAME,DESCRIPTION,STANDARD_COST,LIST_PRICE,CATEGORY_ID) values ('PRD0021','Intel Core i7-4960X Extreme Edition','Speed:3.6GHz,Cores:6,TDP:130W',1496.43,1805.97,1);
Insert into PRODUCTS (PRODUCT_ID,PRODUCT_NAME,DESCRIPTION,STANDARD_COST,LIST_PRICE,CATEGORY_ID) values ('PRD0022','Intel Xeon E5-2699 V4 (OEM/Tray)','Speed:2.2GHz,Cores:22,TDP:145W',1535.62,1756,1);
Insert into PRODUCTS (PRODUCT_ID,PRODUCT_NAME,DESCRIPTION,STANDARD_COST,LIST_PRICE,CATEGORY_ID) values ('PRD0023','Intel Xeon E5-1680 V3 (OEM/Tray)','Speed:3.2GHz,Cores:8,TDP:140W',1519.85,1751.99,1);
Insert into PRODUCTS (PRODUCT_ID,PRODUCT_NAME,DESCRIPTION,STANDARD_COST,LIST_PRICE,CATEGORY_ID) values ('PRD0024','Intel Xeon E5-2643 V4 (OEM/Tray)','Speed:3.4GHz,Cores:6,TDP:135W',1225.59,1708.86,1);
Insert into PRODUCTS (PRODUCT_ID,PRODUCT_NAME,DESCRIPTION,STANDARD_COST,LIST_PRICE,CATEGORY_ID) values ('PRD0025','Intel Core i7-6950X (OEM/Tray)','Speed:3.0GHz,Cores:10,TDP:140W',1479.56,1704.37,1);
Insert into PRODUCTS (PRODUCT_ID,PRODUCT_NAME,DESCRIPTION,STANDARD_COST,LIST_PRICE,CATEGORY_ID) values ('PRD0026','Intel Xeon E5-2670 V3','Speed:2.3GHz,Cores:12,TDP:120W',1453.94,1676.98,1);
Insert into PRODUCTS (PRODUCT_ID,PRODUCT_NAME,DESCRIPTION,STANDARD_COST,LIST_PRICE,CATEGORY_ID) values ('PRD0027','Intel Xeon E5-2680','Speed:2.7GHz,Cores:8,TDP:130W',1479.95,1666.61,1);
Insert into PRODUCTS (PRODUCT_ID,PRODUCT_NAME,DESCRIPTION,STANDARD_COST,LIST_PRICE,CATEGORY_ID) values ('PRD0028','Intel Xeon E5-2680 V4','Speed:2.4GHz,Cores:14,TDP:120W',1365.13,1639.99,1);
Insert into PRODUCTS (PRODUCT_ID,PRODUCT_NAME,DESCRIPTION,STANDARD_COST,LIST_PRICE,CATEGORY_ID) values ('PRD0029','Intel Xeon E5-2680 V3 (OEM/Tray)','Speed:2.5GHz,Cores:12,TDP:120W',1166.89,1638.89,1);
Insert into PRODUCTS (PRODUCT_ID,PRODUCT_NAME,DESCRIPTION,STANDARD_COST,LIST_PRICE,CATEGORY_ID) values ('PRD0030','Intel Core i7-6950X','Speed:3.0GHz,Cores:10,TDP:140W',1052.92,1499.89,1);
Insert into PRODUCTS (PRODUCT_ID,PRODUCT_NAME,DESCRIPTION,STANDARD_COST,LIST_PRICE,CATEGORY_ID) values ('PRD0031','Intel Xeon E5-2643 V3 (OEM/Tray)','Speed:3.4GHz,Cores:6,TDP:135W',1266.37,1469.96,1);
Insert into PRODUCTS (PRODUCT_ID,PRODUCT_NAME,DESCRIPTION,STANDARD_COST,LIST_PRICE,CATEGORY_ID) values ('PRD0032','Intel Xeon E5-2660 V4','Speed:2.0GHz,Cores:14,TDP:105W',1194.03,1388.89,1);
Insert into PRODUCTS (PRODUCT_ID,PRODUCT_NAME,DESCRIPTION,STANDARD_COST,LIST_PRICE,CATEGORY_ID) values ('PRD0033','Intel Xeon E5-2660 V3','Speed:2.6GHz,Cores:10,TDP:105W',1041.99,1299.73,1);
Insert into PRODUCTS (PRODUCT_ID,PRODUCT_NAME,DESCRIPTION,STANDARD_COST,LIST_PRICE,CATEGORY_ID) values ('PRD0034','Intel Xeon E5-2660 V3 (OEM/Tray)','Speed:2.6GHz,Cores:10,TDP:105W',902.18,1274.99,1);
Insert into PRODUCTS (PRODUCT_ID,PRODUCT_NAME,DESCRIPTION,STANDARD_COST,LIST_PRICE,CATEGORY_ID) values ('PRD0035','Intel Xeon E5-2650 V2','Speed:2.6GHz,Cores:8,TDP:95W',961.11,1249,1);
Insert into PRODUCTS (PRODUCT_ID,PRODUCT_NAME,DESCRIPTION,STANDARD_COST,LIST_PRICE,CATEGORY_ID) values ('PRD0036','Intel Xeon E5-2650 V3','Speed:2.3GHz,Cores:10,TDP:105W',906.63,1204.98,1);
Insert into PRODUCTS (PRODUCT_ID,PRODUCT_NAME,DESCRIPTION,STANDARD_COST,LIST_PRICE,CATEGORY_ID) values ('PRD0037','Intel Core i7-990X Extreme Edition','Speed:3.47GHz,Cores:6,TDP:130W',1072.79,1199.99,1);
Insert into PRODUCTS (PRODUCT_ID,PRODUCT_NAME,DESCRIPTION,STANDARD_COST,LIST_PRICE,CATEGORY_ID) values ('PRD0038','Intel Xeon E5-2650 V4','Speed:2.2GHz,Cores:12,TDP:105W',945.11,1099.99,1);
Insert into PRODUCTS (PRODUCT_ID,PRODUCT_NAME,DESCRIPTION,STANDARD_COST,LIST_PRICE,CATEGORY_ID) values ('PRD0039','Intel Xeon E5-2650','Speed:2.0GHz,Cores:8,TDP:95W',869.03,1064.99,1);
Insert into PRODUCTS (PRODUCT_ID,PRODUCT_NAME,DESCRIPTION,STANDARD_COST,LIST_PRICE,CATEGORY_ID) values ('PRD0040','Intel Core i9-7900X','Speed:3.3GHz,Cores:10,TDP:140W',855.82,1029.99,1);
Insert into PRODUCTS (PRODUCT_ID,PRODUCT_NAME,DESCRIPTION,STANDARD_COST,LIST_PRICE,CATEGORY_ID) values ('PRD0041','Intel Xeon E5-1660 V3 (OEM/Tray)','Speed:3.0GHz,Cores:8,TDP:140W',914.52,1019.99,1);
Insert into PRODUCTS (PRODUCT_ID,PRODUCT_NAME,DESCRIPTION,STANDARD_COST,LIST_PRICE,CATEGORY_ID) values ('PRD0042','Intel Xeon E5-2650L V3 (OEM/Tray)','Speed:1.8GHz,Cores:12,TDP:65W',779.17,1010.46,1);
Insert into PRODUCTS (PRODUCT_ID,PRODUCT_NAME,DESCRIPTION,STANDARD_COST,LIST_PRICE,CATEGORY_ID) values ('PRD0043','Intel Core i7-5960X','Speed:3.0GHz,Cores:8,TDP:140W',865.59,1009.79,1);
Insert into PRODUCTS (PRODUCT_ID,PRODUCT_NAME,DESCRIPTION,STANDARD_COST,LIST_PRICE,CATEGORY_ID) values ('PRD0044','Intel Core 2 Extreme QX6800','Speed:2.93GHz,Cores:4,TDP:100W',787.72,1003.98,1);
Insert into PRODUCTS (PRODUCT_ID,PRODUCT_NAME,DESCRIPTION,STANDARD_COST,LIST_PRICE,CATEGORY_ID) values ('PRD0045','Intel Core i7-5960X (OEM/Tray)','Speed:3.0GHz,Cores:8,TDP:140W',879.8,977.99,1);
Insert into PRODUCTS (PRODUCT_ID,PRODUCT_NAME,DESCRIPTION,STANDARD_COST,LIST_PRICE,CATEGORY_ID) values ('PRD0046','Intel Xeon E5-2650 V3 (OEM/Tray)','Speed:2.3GHz,Cores:10,TDP:105W',799.98,939.49,1);
Insert into PRODUCTS (PRODUCT_ID,PRODUCT_NAME,DESCRIPTION,STANDARD_COST,LIST_PRICE,CATEGORY_ID) values ('PRD0047','Intel Xeon E5-2640 V4','Speed:2.4GHz,Cores:10,TDP:90W',738.71,899.99,1);
Insert into PRODUCTS (PRODUCT_ID,PRODUCT_NAME,DESCRIPTION,STANDARD_COST,LIST_PRICE,CATEGORY_ID) values ('PRD0048','Intel Xeon E5-2640 V3','Speed:2.6GHz,Cores:8,TDP:90W',668.24,899.99,1);
Insert into PRODUCTS (PRODUCT_ID,PRODUCT_NAME,DESCRIPTION,STANDARD_COST,LIST_PRICE,CATEGORY_ID) values ('PRD0049','Intel Core 2 Extreme QX9775','Speed:3.2GHz,Cores:4,TDP:150W',737.68,892,1);
Insert into PRODUCTS (PRODUCT_ID,PRODUCT_NAME,DESCRIPTION,STANDARD_COST,LIST_PRICE,CATEGORY_ID) values ('PRD0050','Intel Core i7-6900K','Speed:3.2GHz,Cores:8,TDP:140W',792.89,889.89,1);
Insert into PRODUCTS (PRODUCT_ID,PRODUCT_NAME,DESCRIPTION,STANDARD_COST,LIST_PRICE,CATEGORY_ID) values ('PRD0051','Intel Core i7-6900K (OEM/Tray)','Speed:3.2GHz,Cores:8,TDP:140W',620.28,827.37,1);
Insert into PRODUCTS (PRODUCT_ID,PRODUCT_NAME,DESCRIPTION,STANDARD_COST,LIST_PRICE,CATEGORY_ID) values ('PRD0052','AMD Opteron 6378','Speed:2.4GHz,Cores:16,TDP:115W',651.92,826.99,1);
Insert into PRODUCTS (PRODUCT_ID,PRODUCT_NAME,DESCRIPTION,STANDARD_COST,LIST_PRICE,CATEGORY_ID) values ('PRD0053','Intel Core i7-3960X Extreme Edition','Speed:3.3GHz,Cores:6,TDP:130W',573.41,800.74,1);
Insert into PRODUCTS (PRODUCT_ID,PRODUCT_NAME,DESCRIPTION,STANDARD_COST,LIST_PRICE,CATEGORY_ID) values ('PRD0054','Intel Core i7-4770K','Speed:3.5GHz,Cores:4,TDP:84W',714.15,799,1);
Insert into PRODUCTS (PRODUCT_ID,PRODUCT_NAME,DESCRIPTION,STANDARD_COST,LIST_PRICE,CATEGORY_ID) values ('PRD0055','Intel Xeon E5-2687W','Speed:3.1GHz,Cores:8,TDP:150W',581.16,710.99,1);
Insert into PRODUCTS (PRODUCT_ID,PRODUCT_NAME,DESCRIPTION,STANDARD_COST,LIST_PRICE,CATEGORY_ID) values ('PRD0056','Intel Xeon E5-2680 V2','Speed:2.8GHz,Cores:10,TDP:115W',567.81,701.95,1);
Insert into PRODUCTS (PRODUCT_ID,PRODUCT_NAME,DESCRIPTION,STANDARD_COST,LIST_PRICE,CATEGORY_ID) values ('PRD0057','Intel Core i7-980','Speed:3.33GHz,Cores:6,TDP:130W',563.7,699.99,1);
Insert into PRODUCTS (PRODUCT_ID,PRODUCT_NAME,DESCRIPTION,STANDARD_COST,LIST_PRICE,CATEGORY_ID) values ('PRD0058','Intel Core i7-7820X','Speed:3.6GHz,Cores:8,TDP:140W',511.1,678.75,1);
Insert into PRODUCTS (PRODUCT_ID,PRODUCT_NAME,DESCRIPTION,STANDARD_COST,LIST_PRICE,CATEGORY_ID) values ('PRD0059','Intel Core i7-3930K','Speed:3.2GHz,Cores:6,TDP:130W',509.32,660,1);
Insert into PRODUCTS (PRODUCT_ID,PRODUCT_NAME,DESCRIPTION,STANDARD_COST,LIST_PRICE,CATEGORY_ID) values ('PRD0060','Intel Xeon E5-2630 V4','Speed:2.2GHz,Cores:10,TDP:85W',528.95,647.99,1);
Insert into PRODUCTS (PRODUCT_ID,PRODUCT_NAME,DESCRIPTION,STANDARD_COST,LIST_PRICE,CATEGORY_ID) values ('PRD0061','Intel Xeon E5-2630 V3','Speed:2.4GHz,Cores:8,TDP:85W',499.96,629.99,1);
Insert into PRODUCTS (PRODUCT_ID,PRODUCT_NAME,DESCRIPTION,STANDARD_COST,LIST_PRICE,CATEGORY_ID) values ('PRD0062','Intel Core i7-4930K','Speed:3.4GHz,Cores:6,TDP:130W',527.69,624.04,1);
Insert into PRODUCTS (PRODUCT_ID,PRODUCT_NAME,DESCRIPTION,STANDARD_COST,LIST_PRICE,CATEGORY_ID) values ('PRD0063','Intel Core i7-4790K','Speed:4.0GHz,Cores:4,TDP:88W',461.92,620.95,1);
Insert into PRODUCTS (PRODUCT_ID,PRODUCT_NAME,DESCRIPTION,STANDARD_COST,LIST_PRICE,CATEGORY_ID) values ('PRD0064','Intel Xeon E5-2640 V2','Speed:2.0GHz,Cores:8,TDP:95W',545.19,608.95,1);
Insert into PRODUCTS (PRODUCT_ID,PRODUCT_NAME,DESCRIPTION,STANDARD_COST,LIST_PRICE,CATEGORY_ID) values ('PRD0065','Intel Xeon E5-1650 V4','Speed:3.6GHz,Cores:6,TDP:140W',535.47,601.99,1);
Insert into PRODUCTS (PRODUCT_ID,PRODUCT_NAME,DESCRIPTION,STANDARD_COST,LIST_PRICE,CATEGORY_ID) values ('PRD0066','Intel Xeon E5-1650 V4 (OEM/Tray)','Speed:3.6GHz,Cores:6,TDP:140W',453.14,594.99,1);
Insert into PRODUCTS (PRODUCT_ID,PRODUCT_NAME,DESCRIPTION,STANDARD_COST,LIST_PRICE,CATEGORY_ID) values ('PRD0067','Intel Xeon E5-2630 V3 (OEM/Tray)','Speed:2.4GHz,Cores:8,TDP:85W',421.9,589.99,1);
Insert into PRODUCTS (PRODUCT_ID,PRODUCT_NAME,DESCRIPTION,STANDARD_COST,LIST_PRICE,CATEGORY_ID) values ('PRD0068','Intel Xeon E5-2630 V2','Speed:2.6GHz,Cores:6,TDP:80W',493.48,588.95,1);
Insert into PRODUCTS (PRODUCT_ID,PRODUCT_NAME,DESCRIPTION,STANDARD_COST,LIST_PRICE,CATEGORY_ID) values ('PRD0069','Intel Xeon E5-1650 V3','Speed:3.5GHz,Cores:6,TDP:140W',399.77,564.89,1);
Insert into PRODUCTS (PRODUCT_ID,PRODUCT_NAME,DESCRIPTION,STANDARD_COST,LIST_PRICE,CATEGORY_ID) values ('PRD0070','Intel Core i7-5930K','Speed:3.5GHz,Cores:6,TDP:140W',481.56,554.99,1);
Insert into PRODUCTS (PRODUCT_ID,PRODUCT_NAME,DESCRIPTION,STANDARD_COST,LIST_PRICE,CATEGORY_ID) values ('PRD0071','PNY VCQP6000-PB','Chipset:Quadro P6000,Memory:24GBCore Clock:1.42GHz',4058.99,5499.99,2);
Insert into PRODUCTS (PRODUCT_ID,PRODUCT_NAME,DESCRIPTION,STANDARD_COST,LIST_PRICE,CATEGORY_ID) values ('PRD0072','PNY VCQM6000-24GB-PB','Chipset:Quadro M6000,Memory:24GBCore Clock:988MHz',3619.14,4139,2);
Insert into PRODUCTS (PRODUCT_ID,PRODUCT_NAME,DESCRIPTION,STANDARD_COST,LIST_PRICE,CATEGORY_ID) values ('PRD0073','PNY VCQM6000-PB','Chipset:Quadro M6000,Memory:12GBCore Clock:988MHz',2505.04,3254.99,2);
Insert into PRODUCTS (PRODUCT_ID,PRODUCT_NAME,DESCRIPTION,STANDARD_COST,LIST_PRICE,CATEGORY_ID) values ('PRD0074','ATI FirePro W9000','Chipset:FirePro W9000,Memory:6GBCore Clock:975MHz',2785.55,3192.97,2);
Insert into PRODUCTS (PRODUCT_ID,PRODUCT_NAME,DESCRIPTION,STANDARD_COST,LIST_PRICE,CATEGORY_ID) values ('PRD0075','ATI FirePro S9150','Chipset:FirePro S9150,Memory:16GBCore Clock:900MHz',2628.06,3177.44,2);
Insert into PRODUCTS (PRODUCT_ID,PRODUCT_NAME,DESCRIPTION,STANDARD_COST,LIST_PRICE,CATEGORY_ID) values ('PRD0076','AMD FirePro W9100','Chipset:FirePro W9100,Memory:16GBCore Clock:930MHz',2483.38,2998.89,2);
Insert into PRODUCTS (PRODUCT_ID,PRODUCT_NAME,DESCRIPTION,STANDARD_COST,LIST_PRICE,CATEGORY_ID) values ('PRD0077','EVGA 12G-P4-3992-KR','Chipset:GeForce GTX Titan Z,Memory:12GBCore Clock:732MHz',2313.07,2799.99,2);
Insert into PRODUCTS (PRODUCT_ID,PRODUCT_NAME,DESCRIPTION,STANDARD_COST,LIST_PRICE,CATEGORY_ID) values ('PRD0078','AMD 100-505989','Chipset:FirePro W9100,Memory:32GBCore Clock:930MHz',2128.67,2699.99,2);
Insert into PRODUCTS (PRODUCT_ID,PRODUCT_NAME,DESCRIPTION,STANDARD_COST,LIST_PRICE,CATEGORY_ID) values ('PRD0079','PNY VCQK6000-PB','Chipset:Quadro K6000,Memory:12GBCore Clock:902MHz',1740.31,2290.79,2);
Insert into PRODUCTS (PRODUCT_ID,PRODUCT_NAME,DESCRIPTION,STANDARD_COST,LIST_PRICE,CATEGORY_ID) values ('PRD0080','PNY VCQP5000-PB','Chipset:Quadro P5000,Memory:16GBCore Clock:1.61GHz',1602.21,2015.11,2);
Insert into PRODUCTS (PRODUCT_ID,PRODUCT_NAME,DESCRIPTION,STANDARD_COST,LIST_PRICE,CATEGORY_ID) values ('PRD0081','HP C2J95AT','Chipset:Quadro K5000,Memory:4GBCore Clock:706MHz',1715.91,1999.89,2);
Insert into PRODUCTS (PRODUCT_ID,PRODUCT_NAME,DESCRIPTION,STANDARD_COST,LIST_PRICE,CATEGORY_ID) values ('PRD0082','EVGA 12G-P4-1999-KR','Chipset:GeForce GTX Titan X,Memory:12GBCore Clock:1.15GHz',1328.03,1799.99,2);
Insert into PRODUCTS (PRODUCT_ID,PRODUCT_NAME,DESCRIPTION,STANDARD_COST,LIST_PRICE,CATEGORY_ID) values ('PRD0083','PNY VCQM5000-PB','Chipset:Quadro M5000,Memory:8GBCore Clock:861MHz',1268.42,1759.99,2);
Insert into PRODUCTS (PRODUCT_ID,PRODUCT_NAME,DESCRIPTION,STANDARD_COST,LIST_PRICE,CATEGORY_ID) values ('PRD0084','ATI FirePro S9050','Chipset:FirePro S9050,Memory:12GBCore Clock:900MHz',1237.04,1699,2);
Insert into PRODUCTS (PRODUCT_ID,PRODUCT_NAME,DESCRIPTION,STANDARD_COST,LIST_PRICE,CATEGORY_ID) values ('PRD0085','AMD 100-5056062','Chipset:Vega Frontier Edition Liquid,Memory:16GBCore Clock:1.5GHz',1343.84,1499.99,2);
Insert into PRODUCTS (PRODUCT_ID,PRODUCT_NAME,DESCRIPTION,STANDARD_COST,LIST_PRICE,CATEGORY_ID) values ('PRD0086','PNY VCQK5200-PB','Chipset:Quadro K5200,Memory:8GBCore Clock:667MHz',1129.39,1449.98,2);
Insert into PRODUCTS (PRODUCT_ID,PRODUCT_NAME,DESCRIPTION,STANDARD_COST,LIST_PRICE,CATEGORY_ID) values ('PRD0087','AMD FirePro S7000','Chipset:FirePro S7000,Memory:4GBCore Clock:950MHz',936.42,1218.5,2);
Insert into PRODUCTS (PRODUCT_ID,PRODUCT_NAME,DESCRIPTION,STANDARD_COST,LIST_PRICE,CATEGORY_ID) values ('PRD0088','AMD 100-506061','Chipset:Vega Frontier Edition,Memory:16GBCore Clock:1.44GHz',706.99,999.99,2);
Insert into PRODUCTS (PRODUCT_ID,PRODUCT_NAME,DESCRIPTION,STANDARD_COST,LIST_PRICE,CATEGORY_ID) values ('PRD0089','ATI FirePro R5000','Chipset:FirePro R5000,Memory:2GBCore Clock:825MHz',760.59,999.99,2);
Insert into PRODUCTS (PRODUCT_ID,PRODUCT_NAME,DESCRIPTION,STANDARD_COST,LIST_PRICE,CATEGORY_ID) values ('PRD0090','PNY VCQK4200-PB','Chipset:Quadro K4200,Memory:4GBCore Clock:771MHz',799.05,949.89,2);
Insert into PRODUCTS (PRODUCT_ID,PRODUCT_NAME,DESCRIPTION,STANDARD_COST,LIST_PRICE,CATEGORY_ID) values ('PRD0091','Asus GTX780TI-3GD5','Chipset:GeForce GTX 780 Ti,Memory:3GBCore Clock:876MHz',781.91,899.99,2);
Insert into PRODUCTS (PRODUCT_ID,PRODUCT_NAME,DESCRIPTION,STANDARD_COST,LIST_PRICE,CATEGORY_ID) values ('PRD0092','MSI GTX 1080 TI LIGHTNING Z','Chipset:GeForce GTX 1080 Ti,Memory:11GBCore Clock:1.61GHz',688.35,873.98,2);
Insert into PRODUCTS (PRODUCT_ID,PRODUCT_NAME,DESCRIPTION,STANDARD_COST,LIST_PRICE,CATEGORY_ID) values ('PRD0093','Asus ROG-POSEIDON-GTX1080TI-P11G-GAMING','Chipset:GeForce GTX 1080 Ti,Memory:11GBCore Clock:1.62GHz',696.14,864.98,2);
Insert into PRODUCTS (PRODUCT_ID,PRODUCT_NAME,DESCRIPTION,STANDARD_COST,LIST_PRICE,CATEGORY_ID) values ('PRD0094','MSI GTX 1080 TI LIGHTNING X','Chipset:GeForce GTX 1080 Ti,Memory:11GBCore Clock:1.57GHz',742.94,863.98,2);
Insert into PRODUCTS (PRODUCT_ID,PRODUCT_NAME,DESCRIPTION,STANDARD_COST,LIST_PRICE,CATEGORY_ID) values ('PRD0095','Zotac ZT-P10810A-10P','Chipset:GeForce GTX 1080 Ti,Memory:11GBCore Clock:1.48GHz',702.35,849.99,2);
Insert into PRODUCTS (PRODUCT_ID,PRODUCT_NAME,DESCRIPTION,STANDARD_COST,LIST_PRICE,CATEGORY_ID) values ('PRD0096','MSI GAMING','Chipset:GeForce GTX 780 Ti,Memory:3GBCore Clock:1.02GHz',753.18,849.99,2);
Insert into PRODUCTS (PRODUCT_ID,PRODUCT_NAME,DESCRIPTION,STANDARD_COST,LIST_PRICE,CATEGORY_ID) values ('PRD0097','Asus STRIX-GTX1080TI-O11G-GAMING','Chipset:GeForce GTX 1080 Ti,Memory:11GBCore Clock:1.57GHz',691.13,829.99,2);
Insert into PRODUCTS (PRODUCT_ID,PRODUCT_NAME,DESCRIPTION,STANDARD_COST,LIST_PRICE,CATEGORY_ID) values ('PRD0098','PNY VCQP4000-PB','Chipset:Quadro P4000,Memory:8GBCore Clock:1.23GHz',724,829.89,2);
Insert into PRODUCTS (PRODUCT_ID,PRODUCT_NAME,DESCRIPTION,STANDARD_COST,LIST_PRICE,CATEGORY_ID) values ('PRD0099','Gigabyte GV-N108TAORUSX W-11GD','Chipset:GeForce GTX 1080 Ti,Memory:11GBCore Clock:1.63GHz',596.05,824.98,2);
Insert into PRODUCTS (PRODUCT_ID,PRODUCT_NAME,DESCRIPTION,STANDARD_COST,LIST_PRICE,CATEGORY_ID) values ('PRD0100','Zotac ZT-70203-10P','Chipset:GeForce GTX 780,Memory:3GBCore Clock:1.01GHz',580.42,820.61,2);
Insert into PRODUCTS (PRODUCT_ID,PRODUCT_NAME,DESCRIPTION,STANDARD_COST,LIST_PRICE,CATEGORY_ID) values ('PRD0101','EVGA 11G-P4-6598-KR','Chipset:GeForce GTX 1080 Ti,Memory:11GBCore Clock:1.56GHz',663.54,809.99,2);
Insert into PRODUCTS (PRODUCT_ID,PRODUCT_NAME,DESCRIPTION,STANDARD_COST,LIST_PRICE,CATEGORY_ID) values ('PRD0102','MSI GTX 1080 TI SEA HAWK X','Chipset:GeForce GTX 1080 Ti,Memory:11GBCore Clock:1.57GHz',691.32,804.98,2);
Insert into PRODUCTS (PRODUCT_ID,PRODUCT_NAME,DESCRIPTION,STANDARD_COST,LIST_PRICE,CATEGORY_ID) values ('PRD0103','Corsair CB-9060011-WW','Chipset:GeForce GTX 1080 Ti,Memory:11GBCore Clock:1.57GHz',573.51,799.99,2);
Insert into PRODUCTS (PRODUCT_ID,PRODUCT_NAME,DESCRIPTION,STANDARD_COST,LIST_PRICE,CATEGORY_ID) values ('PRD0104','MSI GTX 1080 TI AERO 11G OC','Chipset:GeForce GTX 1080 Ti,Memory:11GBCore Clock:1.51GHz',715.72,798.26,2);
Insert into PRODUCTS (PRODUCT_ID,PRODUCT_NAME,DESCRIPTION,STANDARD_COST,LIST_PRICE,CATEGORY_ID) values ('PRD0105','NVIDIA VCQM4000-PB','Chipset:Quadro M4000,Memory:8GBCore Clock:N/A',682.09,790,2);
Insert into PRODUCTS (PRODUCT_ID,PRODUCT_NAME,DESCRIPTION,STANDARD_COST,LIST_PRICE,CATEGORY_ID) values ('PRD0106','Gigabyte GV-N108TAORUS X-11GD','Chipset:GeForce GTX 1080 Ti,Memory:11GBCore Clock:1.61GHz',688.35,784.98,2);
Insert into PRODUCTS (PRODUCT_ID,PRODUCT_NAME,DESCRIPTION,STANDARD_COST,LIST_PRICE,CATEGORY_ID) values ('PRD0107','Gigabyte GV-N1070WF2OC-8GD','Chipset:GeForce GTX 1070,Memory:8GBCore Clock:1.56GHz',551.62,769.99,2);
Insert into PRODUCTS (PRODUCT_ID,PRODUCT_NAME,DESCRIPTION,STANDARD_COST,LIST_PRICE,CATEGORY_ID) values ('PRD0108','MSI GeForce GTX 1080 TI ARMOR 11G OC','Chipset:GeForce GTX 1080 Ti,Memory:11GBCore Clock:1.48GHz',644.19,764.98,2);
Insert into PRODUCTS (PRODUCT_ID,PRODUCT_NAME,DESCRIPTION,STANDARD_COST,LIST_PRICE,CATEGORY_ID) values ('PRD0109','EVGA 11G-P4-6696-KR','Chipset:GeForce GTX 1080 Ti,Memory:11GBCore Clock:1.56GHz',594.46,759.99,2);
Insert into PRODUCTS (PRODUCT_ID,PRODUCT_NAME,DESCRIPTION,STANDARD_COST,LIST_PRICE,CATEGORY_ID) values ('PRD0110','MSI GeForce GTX 1080 Ti GAMING X 11G','Chipset:GeForce GTX 1080 Ti,Memory:11GBCore Clock:1.57GHz',666.59,759.99,2);
Insert into PRODUCTS (PRODUCT_ID,PRODUCT_NAME,DESCRIPTION,STANDARD_COST,LIST_PRICE,CATEGORY_ID) values ('PRD0111','Zotac ZT-P10810C-10P','Chipset:GeForce GTX 1080 Ti,Memory:11GBCore Clock:1.65GHz',535.03,759.99,2);
Insert into PRODUCTS (PRODUCT_ID,PRODUCT_NAME,DESCRIPTION,STANDARD_COST,LIST_PRICE,CATEGORY_ID) values ('PRD0112','Zotac ZT-P10810D-10P','Chipset:GeForce GTX 1080 Ti,Memory:11GBCore Clock:1.57GHz',580.1,759.99,2);
Insert into PRODUCTS (PRODUCT_ID,PRODUCT_NAME,DESCRIPTION,STANDARD_COST,LIST_PRICE,CATEGORY_ID) values ('PRD0113','PNY VCGGTX1080T11XGPB-OC','Chipset:GeForce GTX 1080 Ti,Memory:11GBCore Clock:1.53GHz',600.92,759.99,2);
Insert into PRODUCTS (PRODUCT_ID,PRODUCT_NAME,DESCRIPTION,STANDARD_COST,LIST_PRICE,CATEGORY_ID) values ('PRD0114','Zotac ZT-P10810G-10P','Chipset:GeForce GTX 1080 Ti,Memory:11GBCore Clock:1.51GHz',598.25,754.98,2);
Insert into PRODUCTS (PRODUCT_ID,PRODUCT_NAME,DESCRIPTION,STANDARD_COST,LIST_PRICE,CATEGORY_ID) values ('PRD0115','Gigabyte GV-N98TWF3OC-6GD','Chipset:GeForce GTX 980 Ti,Memory:6GBCore Clock:1.06GHz',633.29,749.99,2);
Insert into PRODUCTS (PRODUCT_ID,PRODUCT_NAME,DESCRIPTION,STANDARD_COST,LIST_PRICE,CATEGORY_ID) values ('PRD0116','PNY VCGGTX780T3XPB-OC','Chipset:GeForce GTX 780 Ti,Memory:3GBCore Clock:980MHz',592.12,749.99,2);
Insert into PRODUCTS (PRODUCT_ID,PRODUCT_NAME,DESCRIPTION,STANDARD_COST,LIST_PRICE,CATEGORY_ID) values ('PRD0117','MSI GTX 980 Ti Gaming 6G','Chipset:GeForce GTX 980 Ti,Memory:6GBCore Clock:1.18GHz',539.98,745.32,2);
Insert into PRODUCTS (PRODUCT_ID,PRODUCT_NAME,DESCRIPTION,STANDARD_COST,LIST_PRICE,CATEGORY_ID) values ('PRD0118','Gigabyte GV-N108TAORUS-11GD','Chipset:GeForce GTX 1080 Ti,Memory:11GBCore Clock:1.59GHz',605.3,744.98,2);
Insert into PRODUCTS (PRODUCT_ID,PRODUCT_NAME,DESCRIPTION,STANDARD_COST,LIST_PRICE,CATEGORY_ID) values ('PRD0119','EVGA 06G-P4-4998-KR','Chipset:GeForce GTX 980 Ti,Memory:6GBCore Clock:1.19GHz',521.03,741.78,2);
Insert into PRODUCTS (PRODUCT_ID,PRODUCT_NAME,DESCRIPTION,STANDARD_COST,LIST_PRICE,CATEGORY_ID) values ('PRD0120','MSI GTX 1080 Ti DUKE 11G OC','Chipset:GeForce GTX 1080 Ti,Memory:11GBCore Clock:1.53GHz',555.07,739.99,2);
INSERT INTO PRODUCTS (PRODUCT_ID,PRODUCT_NAME,DESCRIPTION,STANDARD_COST,LIST_PRICE,CATEGORY_ID) VALUES ('PRD0121','Crucial','Speed:DDR4-2133,Type:288-pin DIMM,CAS:15Module:4x16GBSize:64GB',1139.23,1620.99,3);
INSERT INTO PRODUCTS (PRODUCT_ID,PRODUCT_NAME,DESCRIPTION,STANDARD_COST,LIST_PRICE,CATEGORY_ID) VALUES ('PRD0122','G.Skill TridentZ RGB','Speed:DDR4-3200,Type:288-pin DIMM,CAS:14Module:8x16GBSize:128GB',1330.26,1504.99,3);
INSERT INTO PRODUCTS (PRODUCT_ID,PRODUCT_NAME,DESCRIPTION,STANDARD_COST,LIST_PRICE,CATEGORY_ID) VALUES ('PRD0123','Corsair Dominator Platinum','Speed:DDR4-3200,Type:288-pin DIMM,CAS:16Module:8x16GBSize:128GB',1051.97,1449.99,3);
INSERT INTO PRODUCTS (PRODUCT_ID,PRODUCT_NAME,DESCRIPTION,STANDARD_COST,LIST_PRICE,CATEGORY_ID) VALUES ('PRD0124','G.Skill Trident Z','Speed:DDR4-3200,Type:288-pin DIMM,CAS:14Module:8x16GBSize:128GB',1163.49,1431.99,3);
INSERT INTO PRODUCTS (PRODUCT_ID,PRODUCT_NAME,DESCRIPTION,STANDARD_COST,LIST_PRICE,CATEGORY_ID) VALUES ('PRD0125','G.Skill Trident Z RGB','Speed:DDR4-3333,Type:288-pin DIMM,CAS:16Module:8x16GBSize:128GB',1174.36,1418.99,3);
INSERT INTO PRODUCTS (PRODUCT_ID,PRODUCT_NAME,DESCRIPTION,STANDARD_COST,LIST_PRICE,CATEGORY_ID) VALUES ('PRD0126','G.Skill Ripjaws V Series','Speed:DDR4-3000,Type:288-pin DIMM,CAS:14Module:8x16GBSize:128GB',1139.87,1318.99,3);
INSERT INTO PRODUCTS (PRODUCT_ID,PRODUCT_NAME,DESCRIPTION,STANDARD_COST,LIST_PRICE,CATEGORY_ID) VALUES ('PRD0127','Corsair Dominator Platinum','Speed:DDR4-2800,Type:288-pin DIMM,CAS:15Module:8x16GBSize:128GB',1131.68,1314.99,3);
INSERT INTO PRODUCTS (PRODUCT_ID,PRODUCT_NAME,DESCRIPTION,STANDARD_COST,LIST_PRICE,CATEGORY_ID) VALUES ('PRD0128','Corsair Vengeance LPX','Speed:DDR4-3000,Type:288-pin DIMM,CAS:15Module:8x16GBSize:128GB',912.98,1299.99,3);
INSERT INTO PRODUCTS (PRODUCT_ID,PRODUCT_NAME,DESCRIPTION,STANDARD_COST,LIST_PRICE,CATEGORY_ID) VALUES ('PRD0129','Corsair Dominator Platinum','Speed:DDR4-2666,Type:288-pin DIMM,CAS:15Module:8x16GBSize:128GB',1068.66,1264.99,3);
INSERT INTO PRODUCTS (PRODUCT_ID,PRODUCT_NAME,DESCRIPTION,STANDARD_COST,LIST_PRICE,CATEGORY_ID) VALUES ('PRD0130','Corsair Vengeance LPX','Speed:DDR4-2400,Type:288-pin DIMM,CAS:15Module:8x16GBSize:128GB',1019.51,1199.99,3);
INSERT INTO PRODUCTS (PRODUCT_ID,PRODUCT_NAME,DESCRIPTION,STANDARD_COST,LIST_PRICE,CATEGORY_ID) VALUES ('PRD0131','Corsair Dominator Platinum','Speed:DDR4-2400,Type:288-pin DIMM,CAS:15Module:8x16GBSize:128GB',1002.47,1199.99,3);
INSERT INTO PRODUCTS (PRODUCT_ID,PRODUCT_NAME,DESCRIPTION,STANDARD_COST,LIST_PRICE,CATEGORY_ID) VALUES ('PRD0132','Corsair Vengeance LPX','Speed:DDR4-2666,Type:288-pin DIMM,CAS:15Module:8x16GBSize:128GB',867.52,1163.99,3);
INSERT INTO PRODUCTS (PRODUCT_ID,PRODUCT_NAME,DESCRIPTION,STANDARD_COST,LIST_PRICE,CATEGORY_ID) VALUES ('PRD0133','Corsair Vengeance LPX','Speed:DDR4-2133,Type:288-pin DIMM,CAS:15Module:8x16GBSize:128GB',821.91,1099.99,3);
INSERT INTO PRODUCTS (PRODUCT_ID,PRODUCT_NAME,DESCRIPTION,STANDARD_COST,LIST_PRICE,CATEGORY_ID) VALUES ('PRD0134','G.Skill Ripjaws 4 Series','Speed:DDR4-2800,Type:288-pin DIMM,CAS:15Module:8x16GBSize:128GB',834.06,1073.99,3);
INSERT INTO PRODUCTS (PRODUCT_ID,PRODUCT_NAME,DESCRIPTION,STANDARD_COST,LIST_PRICE,CATEGORY_ID) VALUES ('PRD0135','G.Skill Ripjaws 4 Series','Speed:DDR4-2400,Type:288-pin DIMM,CAS:14Module:8x16GBSize:128GB',836.03,1055.99,3);
INSERT INTO PRODUCTS (PRODUCT_ID,PRODUCT_NAME,DESCRIPTION,STANDARD_COST,LIST_PRICE,CATEGORY_ID) VALUES ('PRD0136','Kingston HyperX Beast','Speed:DDR3-1866,Type:240-pin DIMM,CAS:10Module:8x8GBSize:64GB',708.91,863.05,3);
INSERT INTO PRODUCTS (PRODUCT_ID,PRODUCT_NAME,DESCRIPTION,STANDARD_COST,LIST_PRICE,CATEGORY_ID) VALUES ('PRD0137','Crucial','Speed:DDR4-2133,Type:288-pin DIMM,CAS:15Module:2x16GBSize:32GB',580.33,811.99,3);
INSERT INTO PRODUCTS (PRODUCT_ID,PRODUCT_NAME,DESCRIPTION,STANDARD_COST,LIST_PRICE,CATEGORY_ID) VALUES ('PRD0138','Corsair Vengeance Pro','Speed:DDR3-2133,Type:240-pin DIMM,CAS:11Module:8x8GBSize:64GB',596.25,808.92,3);
INSERT INTO PRODUCTS (PRODUCT_ID,PRODUCT_NAME,DESCRIPTION,STANDARD_COST,LIST_PRICE,CATEGORY_ID) VALUES ('PRD0139','Corsair Dominator Platinum','Speed:DDR4-3200,Type:288-pin DIMM,CAS:15Module:8x8GBSize:64GB',700.5,804.99,3);
INSERT INTO PRODUCTS (PRODUCT_ID,PRODUCT_NAME,DESCRIPTION,STANDARD_COST,LIST_PRICE,CATEGORY_ID) VALUES ('PRD0140','G.Skill Trident Z RGB','Speed:DDR4-3600,Type:288-pin DIMM,CAS:17Module:4x16GBSize:64GB',622.47,799.99,3);
INSERT INTO PRODUCTS (PRODUCT_ID,PRODUCT_NAME,DESCRIPTION,STANDARD_COST,LIST_PRICE,CATEGORY_ID) VALUES ('PRD0141','Crucial','Speed:DDR4-2400,Type:288-pin DIMM,CAS:17Module:1x64GBSize:64GB',604.04,799,3);
INSERT INTO PRODUCTS (PRODUCT_ID,PRODUCT_NAME,DESCRIPTION,STANDARD_COST,LIST_PRICE,CATEGORY_ID) VALUES ('PRD0142','G.Skill Trident Z','Speed:DDR4-3600,Type:288-pin DIMM,CAS:17Module:4x16GBSize:64GB',594.04,768.99,3);
INSERT INTO PRODUCTS (PRODUCT_ID,PRODUCT_NAME,DESCRIPTION,STANDARD_COST,LIST_PRICE,CATEGORY_ID) VALUES ('PRD0143','Crucial','Speed:DDR4-2133,Type:288-pin DIMM,CAS:15Module:4x16GBSize:64GB',590.13,766.11,3);
INSERT INTO PRODUCTS (PRODUCT_ID,PRODUCT_NAME,DESCRIPTION,STANDARD_COST,LIST_PRICE,CATEGORY_ID) VALUES ('PRD0144','G.Skill Trident Z','Speed:DDR4-3200,Type:288-pin DIMM,CAS:14Module:8x8GBSize:64GB',647.83,760.99,3);
INSERT INTO PRODUCTS (PRODUCT_ID,PRODUCT_NAME,DESCRIPTION,STANDARD_COST,LIST_PRICE,CATEGORY_ID) VALUES ('PRD0145','G.Skill Trident Z','Speed:DDR4-3200,Type:288-pin DIMM,CAS:14Module:8x8GBSize:64GB',556.8,758.99,3);
INSERT INTO PRODUCTS (PRODUCT_ID,PRODUCT_NAME,DESCRIPTION,STANDARD_COST,LIST_PRICE,CATEGORY_ID) VALUES ('PRD0146','Corsair Dominator Platinum','Speed:DDR4-3466,Type:288-pin DIMM,CAS:16Module:4x16GBSize:64GB',609.89,749.99,3);
INSERT INTO PRODUCTS (PRODUCT_ID,PRODUCT_NAME,DESCRIPTION,STANDARD_COST,LIST_PRICE,CATEGORY_ID) VALUES ('PRD0147','Kingston','Speed:DDR4-2133,Type:288-pin DIMM,CAS:15Module:4x16GBSize:64GB',650.48,741.63,3);
INSERT INTO PRODUCTS (PRODUCT_ID,PRODUCT_NAME,DESCRIPTION,STANDARD_COST,LIST_PRICE,CATEGORY_ID) VALUES ('PRD0148','Corsair Vengeance LPX','Speed:DDR4-3333,Type:288-pin DIMM,CAS:15Module:4x16GBSize:64GB',609.53,734.99,3);
INSERT INTO PRODUCTS (PRODUCT_ID,PRODUCT_NAME,DESCRIPTION,STANDARD_COST,LIST_PRICE,CATEGORY_ID) VALUES ('PRD0149','G.Skill Trident Z','Speed:DDR4-3400,Type:288-pin DIMM,CAS:16Module:4x16GBSize:64GB',565.39,731.99,3);
INSERT INTO PRODUCTS (PRODUCT_ID,PRODUCT_NAME,DESCRIPTION,STANDARD_COST,LIST_PRICE,CATEGORY_ID) VALUES ('PRD0150','G.Skill Trident Z','Speed:DDR4-3466,Type:288-pin DIMM,CAS:16Module:4x16GBSize:64GB',601.56,725.99,3);
INSERT INTO PRODUCTS (PRODUCT_ID,PRODUCT_NAME,DESCRIPTION,STANDARD_COST,LIST_PRICE,CATEGORY_ID) VALUES ('PRD0151','G.Skill Trident Z','Speed:DDR4-3333,Type:288-pin DIMM,CAS:16Module:4x16GBSize:64GB',532.27,722.99,3);
INSERT INTO PRODUCTS (PRODUCT_ID,PRODUCT_NAME,DESCRIPTION,STANDARD_COST,LIST_PRICE,CATEGORY_ID) VALUES ('PRD0152','G.Skill Ripjaws V Series','Speed:DDR4-3200,Type:288-pin DIMM,CAS:14Module:8x8GBSize:64GB',603.22,721.99,3);
INSERT INTO PRODUCTS (PRODUCT_ID,PRODUCT_NAME,DESCRIPTION,STANDARD_COST,LIST_PRICE,CATEGORY_ID) VALUES ('PRD0153','Corsair Dominator Platinum','Speed:DDR4-3200,Type:288-pin DIMM,CAS:15Module:4x16GBSize:64GB',616.53,719.99,3);
INSERT INTO PRODUCTS (PRODUCT_ID,PRODUCT_NAME,DESCRIPTION,STANDARD_COST,LIST_PRICE,CATEGORY_ID) VALUES ('PRD0154','Corsair Dominator Platinum','Speed:DDR4-3333,Type:288-pin DIMM,CAS:15Module:4x16GBSize:64GB',538.55,719.99,3);
INSERT INTO PRODUCTS (PRODUCT_ID,PRODUCT_NAME,DESCRIPTION,STANDARD_COST,LIST_PRICE,CATEGORY_ID) VALUES ('PRD0155','G.Skill Trident Z','Speed:DDR4-3200,Type:288-pin DIMM,CAS:14Module:4x16GBSize:64GB',585.26,713.99,3);
INSERT INTO PRODUCTS (PRODUCT_ID,PRODUCT_NAME,DESCRIPTION,STANDARD_COST,LIST_PRICE,CATEGORY_ID) VALUES ('PRD0156','G.Skill Trident Z','Speed:DDR4-3200,Type:288-pin DIMM,CAS:14Module:4x16GBSize:64GB',533.21,713.99,3);
INSERT INTO PRODUCTS (PRODUCT_ID,PRODUCT_NAME,DESCRIPTION,STANDARD_COST,LIST_PRICE,CATEGORY_ID) VALUES ('PRD0157','G.Skill Trident Z','Speed:DDR4-3200,Type:288-pin DIMM,CAS:15Module:4x16GBSize:64GB',580.21,704.99,3);
INSERT INTO PRODUCTS (PRODUCT_ID,PRODUCT_NAME,DESCRIPTION,STANDARD_COST,LIST_PRICE,CATEGORY_ID) VALUES ('PRD0158','G.Skill Ripjaws V Series','Speed:DDR4-3333,Type:288-pin DIMM,CAS:16Module:4x16GBSize:64GB',618.63,704.99,3);
INSERT INTO PRODUCTS (PRODUCT_ID,PRODUCT_NAME,DESCRIPTION,STANDARD_COST,LIST_PRICE,CATEGORY_ID) VALUES ('PRD0159','G.Skill Ripjaws V Series','Speed:DDR4-3333,Type:288-pin DIMM,CAS:16Module:4x16GBSize:64GB',633.65,704.99,3);
INSERT INTO PRODUCTS (PRODUCT_ID,PRODUCT_NAME,DESCRIPTION,STANDARD_COST,LIST_PRICE,CATEGORY_ID) VALUES ('PRD0160','Corsair Vengeance LPX','Speed:DDR4-3200,Type:288-pin DIMM,CAS:15Module:8x8GBSize:64GB',565.73,699.99,3);
INSERT INTO PRODUCTS (PRODUCT_ID,PRODUCT_NAME,DESCRIPTION,STANDARD_COST,LIST_PRICE,CATEGORY_ID) VALUES ('PRD0161','Corsair Dominator Platinum','Speed:DDR4-2800,Type:288-pin DIMM,CAS:15Module:8x8GBSize:64GB',578.46,699.89,3);
INSERT INTO PRODUCTS (PRODUCT_ID,PRODUCT_NAME,DESCRIPTION,STANDARD_COST,LIST_PRICE,CATEGORY_ID) VALUES ('PRD0162','Corsair Vengeance LPX','Speed:DDR4-3333,Type:288-pin DIMM,CAS:15Module:4x16GBSize:64GB',595.42,699.01,3);
INSERT INTO PRODUCTS (PRODUCT_ID,PRODUCT_NAME,DESCRIPTION,STANDARD_COST,LIST_PRICE,CATEGORY_ID) VALUES ('PRD0163','G.Skill Ripjaws V Series','Speed:DDR4-3200,Type:288-pin DIMM,CAS:14Module:4x16GBSize:64GB',617.62,695.99,3);
INSERT INTO PRODUCTS (PRODUCT_ID,PRODUCT_NAME,DESCRIPTION,STANDARD_COST,LIST_PRICE,CATEGORY_ID) VALUES ('PRD0164','G.Skill Ripjaws V Series','Speed:DDR4-3200,Type:288-pin DIMM,CAS:14Module:4x16GBSize:64GB',577.25,695.99,3);
INSERT INTO PRODUCTS (PRODUCT_ID,PRODUCT_NAME,DESCRIPTION,STANDARD_COST,LIST_PRICE,CATEGORY_ID) VALUES ('PRD0165','G.Skill Ripjaws V Series','Speed:DDR4-3200,Type:288-pin DIMM,CAS:15Module:4x16GBSize:64GB',517.78,686.99,3);
INSERT INTO PRODUCTS (PRODUCT_ID,PRODUCT_NAME,DESCRIPTION,STANDARD_COST,LIST_PRICE,CATEGORY_ID) VALUES ('PRD0166','G.Skill Ripjaws V Series','Speed:DDR4-3200,Type:288-pin DIMM,CAS:15Module:4x16GBSize:64GB',546.64,686.99,3);
INSERT INTO PRODUCTS (PRODUCT_ID,PRODUCT_NAME,DESCRIPTION,STANDARD_COST,LIST_PRICE,CATEGORY_ID) VALUES ('PRD0167','G.Skill Ripjaws V Series','Speed:DDR4-3200,Type:288-pin DIMM,CAS:15Module:8x8GBSize:64GB',602.4,680.99,3);
INSERT INTO PRODUCTS (PRODUCT_ID,PRODUCT_NAME,DESCRIPTION,STANDARD_COST,LIST_PRICE,CATEGORY_ID) VALUES ('PRD0168','G.Skill Ripjaws V Series','Speed:DDR4-3000,Type:288-pin DIMM,CAS:14Module:8x8GBSize:64GB',546.05,677.99,3);
INSERT INTO PRODUCTS (PRODUCT_ID,PRODUCT_NAME,DESCRIPTION,STANDARD_COST,LIST_PRICE,CATEGORY_ID) VALUES ('PRD0169','Kingston','Speed:DDR3-1333,Type:240-pin DIMM,CAS:9Module:4x16GBSize:64GB',556.84,671.38,3);
INSERT INTO PRODUCTS (PRODUCT_ID,PRODUCT_NAME,DESCRIPTION,STANDARD_COST,LIST_PRICE,CATEGORY_ID) VALUES ('PRD0170','Corsair Dominator Platinum','Speed:DDR4-2666,Type:288-pin DIMM,CAS:15Module:8x8GBSize:64GB',537.63,659.99,3);
INSERT INTO PRODUCTS (PRODUCT_ID,PRODUCT_NAME,DESCRIPTION,STANDARD_COST,LIST_PRICE,CATEGORY_ID) VALUES ('PRD0171','Kingston','Speed:DDR3-1600,Type:240-pin DIMM,CAS:11Module:4x8GBSize:32GB',566.98,653.5,3);
INSERT INTO PRODUCTS (PRODUCT_ID,PRODUCT_NAME,DESCRIPTION,STANDARD_COST,LIST_PRICE,CATEGORY_ID) VALUES ('PRD0172','G.Skill Trident X','Speed:DDR3-3100,Type:240-pin DIMM,CAS:12Module:2x4GBSize:8GB',507.32,649.99,3);
INSERT INTO PRODUCTS (PRODUCT_ID,PRODUCT_NAME,DESCRIPTION,STANDARD_COST,LIST_PRICE,CATEGORY_ID) VALUES ('PRD0173','Corsair Vengeance LPX','Speed:DDR4-3200,Type:288-pin DIMM,CAS:15Module:4x16GBSize:64GB',571.7,645.99,3);
INSERT INTO PRODUCTS (PRODUCT_ID,PRODUCT_NAME,DESCRIPTION,STANDARD_COST,LIST_PRICE,CATEGORY_ID) VALUES ('PRD0174','G.Skill Ripjaws V Series','Speed:DDR4-3000,Type:288-pin DIMM,CAS:14Module:4x16GBSize:64GB',499.09,645.99,3);
INSERT INTO PRODUCTS (PRODUCT_ID,PRODUCT_NAME,DESCRIPTION,STANDARD_COST,LIST_PRICE,CATEGORY_ID) VALUES ('PRD0175','G.Skill Ripjaws V Series','Speed:DDR4-2800,Type:288-pin DIMM,CAS:14Module:4x16GBSize:64GB',452.54,645.2,3);
INSERT INTO PRODUCTS (PRODUCT_ID,PRODUCT_NAME,DESCRIPTION,STANDARD_COST,LIST_PRICE,CATEGORY_ID) VALUES ('PRD0176','Kingston','Speed:DDR3-1600,Type:240-pin DIMM,CAS:11Module:4x16GBSize:64GB',474.18,644,3);
Insert into PRODUCTS (PRODUCT_ID,PRODUCT_NAME,DESCRIPTION,STANDARD_COST,LIST_PRICE,CATEGORY_ID) values ('PRD0177','G.Skill Ripjaws V Series','Speed:DDR4-3200,Type:288-pin DIMM,CAS:16Module:8x8GBSize:64GB',510.93,640.99,3);
Insert into PRODUCTS (PRODUCT_ID,PRODUCT_NAME,DESCRIPTION,STANDARD_COST,LIST_PRICE,CATEGORY_ID) values ('PRD0178','G.Skill Ripjaws V Series','Speed:DDR4-3000,Type:288-pin DIMM,CAS:15Module:8x8GBSize:64GB',450.36,640.99,3);
Insert into PRODUCTS (PRODUCT_ID,PRODUCT_NAME,DESCRIPTION,STANDARD_COST,LIST_PRICE,CATEGORY_ID) values ('PRD0179','Kingston HyperX Predator','Speed:DDR4-3000,Type:288-pin DIMM,CAS:15Module:4x16GBSize:64GB',471.78,635.99,3);
Insert into PRODUCTS (PRODUCT_ID,PRODUCT_NAME,DESCRIPTION,STANDARD_COST,LIST_PRICE,CATEGORY_ID) values ('PRD0180','Supermicro X10SDV-8C-TLN4F','CPU:Xeon D-1541,Form Factor:Mini ITX,RAM Slots:4,Max RAM:64GB',664.29,948.99,4);
Insert into PRODUCTS (PRODUCT_ID,PRODUCT_NAME,DESCRIPTION,STANDARD_COST,LIST_PRICE,CATEGORY_ID) values ('PRD0181','Intel DP35DPM','CPU:LGA775,Form Factor:ATX,RAM Slots:4,Max RAM:8GB',626.22,789.79,4);
Insert into PRODUCTS (PRODUCT_ID,PRODUCT_NAME,DESCRIPTION,STANDARD_COST,LIST_PRICE,CATEGORY_ID) values ('PRD0182','Asus X99-E-10G WS','CPU:LGA2011-3,Form Factor:SSI CEB,RAM Slots:8,Max RAM:128GB',582.02,649,4);
Insert into PRODUCTS (PRODUCT_ID,PRODUCT_NAME,DESCRIPTION,STANDARD_COST,LIST_PRICE,CATEGORY_ID) values ('PRD0183','Asus ROG MAXIMUS IX EXT--E','CPU:LGA1151,Form Factor:EATX,RAM Slots:4,Max RAM:64GB',480.89,573.99,4);
Insert into PRODUCTS (PRODUCT_ID,PRODUCT_NAME,DESCRIPTION,STANDARD_COST,LIST_PRICE,CATEGORY_ID) values ('PRD0184','Asus RAMPAGE V EXT--E','CPU:LGA2011-3,Form Factor:EATX,RAM Slots:8,Max RAM:64GB',459,572.96,4);
Insert into PRODUCTS (PRODUCT_ID,PRODUCT_NAME,DESCRIPTION,STANDARD_COST,LIST_PRICE,CATEGORY_ID) values ('PRD0185','Asus Z10PE-D8 WS','CPU:LGA2011-3 x 2,Form Factor:SSI EEB,RAM Slots:8,Max RAM:512GB',504.14,561.59,4);
Insert into PRODUCTS (PRODUCT_ID,PRODUCT_NAME,DESCRIPTION,STANDARD_COST,LIST_PRICE,CATEGORY_ID) values ('PRD0186','MSI X99A GODLIKE GAMING CARBON','CPU:LGA2011-3,Form Factor:EATX,RAM Slots:8,Max RAM:128GB',415,549.59,4);
Insert into PRODUCTS (PRODUCT_ID,PRODUCT_NAME,DESCRIPTION,STANDARD_COST,LIST_PRICE,CATEGORY_ID) values ('PRD0187','Supermicro H8DG6-F','CPU:G34 x 2,Form Factor:EATX,RAM Slots:16,Max RAM:512GB',416.64,525.99,4);
Insert into PRODUCTS (PRODUCT_ID,PRODUCT_NAME,DESCRIPTION,STANDARD_COST,LIST_PRICE,CATEGORY_ID) values ('PRD0188','Asus Rampage V Edition 10','CPU:LGA2011-3,Form Factor:EATX,RAM Slots:8,Max RAM:128GB',452.5,519.99,4);
Insert into PRODUCTS (PRODUCT_ID,PRODUCT_NAME,DESCRIPTION,STANDARD_COST,LIST_PRICE,CATEGORY_ID) values ('PRD0189','Gigabyte GA-Z270X-Gaming 9','CPU:LGA1151,Form Factor:EATX,RAM Slots:4,Max RAM:64GB',380.05,503.98,4);
Insert into PRODUCTS (PRODUCT_ID,PRODUCT_NAME,DESCRIPTION,STANDARD_COST,LIST_PRICE,CATEGORY_ID) values ('PRD0190','Gigabyte X299 AORUS Gaming 9','CPU:LGA2066,Form Factor:ATX,RAM Slots:8,Max RAM:128GB',395.24,499.99,4);
Insert into PRODUCTS (PRODUCT_ID,PRODUCT_NAME,DESCRIPTION,STANDARD_COST,LIST_PRICE,CATEGORY_ID) values ('PRD0191','ASRock E3C224D4M-16RE','CPU:LGA1150,Form Factor:ATX,RAM Slots:4,Max RAM:32GB',364.79,499.99,4);
Insert into PRODUCTS (PRODUCT_ID,PRODUCT_NAME,DESCRIPTION,STANDARD_COST,LIST_PRICE,CATEGORY_ID) values ('PRD0192','Asus PRIME X299-DELUXE','CPU:LGA2066,Form Factor:ATX,RAM Slots:8,Max RAM:128GB',409.92,487.3,4);
Insert into PRODUCTS (PRODUCT_ID,PRODUCT_NAME,DESCRIPTION,STANDARD_COST,LIST_PRICE,CATEGORY_ID) values ('PRD0193','Asus X99-E WS/USB 3.1','CPU:LGA2011-3,Form Factor:SSI CEB,RAM Slots:8,Max RAM:128GB',428.89,482.49,4);
Insert into PRODUCTS (PRODUCT_ID,PRODUCT_NAME,DESCRIPTION,STANDARD_COST,LIST_PRICE,CATEGORY_ID) values ('PRD0194','Supermicro X9SRH-7TF','CPU:LGA2011,Form Factor:ATX,RAM Slots:8,Max RAM:64GB',411.64,479.99,4);
Insert into PRODUCTS (PRODUCT_ID,PRODUCT_NAME,DESCRIPTION,STANDARD_COST,LIST_PRICE,CATEGORY_ID) values ('PRD0195','Asus Z10PE-D16 WS','CPU:LGA2011-3 x 2,Form Factor:SSI EEB,RAM Slots:16,Max RAM:1TB',332.52,469.99,4);
Insert into PRODUCTS (PRODUCT_ID,PRODUCT_NAME,DESCRIPTION,STANDARD_COST,LIST_PRICE,CATEGORY_ID) values ('PRD0196','ASRock X99 Extreme11','CPU:LGA2011-3,Form Factor:EATX,RAM Slots:8,Max RAM:128GB',380.55,469.99,4);
Insert into PRODUCTS (PRODUCT_ID,PRODUCT_NAME,DESCRIPTION,STANDARD_COST,LIST_PRICE,CATEGORY_ID) values ('PRD0197','Supermicro MBD-X10DAX','CPU:LGA2011-3 x 2,Form Factor:EATX,RAM Slots:16,Max RAM:',385.24,443.72,4);
Insert into PRODUCTS (PRODUCT_ID,PRODUCT_NAME,DESCRIPTION,STANDARD_COST,LIST_PRICE,CATEGORY_ID) values ('PRD0198','Asus X99-DELUXE/U3.1','CPU:LGA2011-3,Form Factor:ATX,RAM Slots:8,Max RAM:64GB',332.38,440.3,4);
Insert into PRODUCTS (PRODUCT_ID,PRODUCT_NAME,DESCRIPTION,STANDARD_COST,LIST_PRICE,CATEGORY_ID) values ('PRD0199','Supermicro X11SSL-CF','CPU:LGA1151,Form Factor:Micro ATX,RAM Slots:4,Max RAM:64GB',317.81,419.99,4);
Insert into PRODUCTS (PRODUCT_ID,PRODUCT_NAME,DESCRIPTION,STANDARD_COST,LIST_PRICE,CATEGORY_ID) values ('PRD0200','Asus KGPE-D16','CPU:G34 x 2,Form Factor:SSI EEB,RAM Slots:16,Max RAM:256GB',360.72,417.98,4);
Insert into PRODUCTS (PRODUCT_ID,PRODUCT_NAME,DESCRIPTION,STANDARD_COST,LIST_PRICE,CATEGORY_ID) values ('PRD0201','Asus Z10PE-D16','CPU:LGA2011-3 Narrow x 2,Form Factor:SSI EEB,RAM Slots:16,Max RAM:1TB',293.3,402.99,4);
Insert into PRODUCTS (PRODUCT_ID,PRODUCT_NAME,DESCRIPTION,STANDARD_COST,LIST_PRICE,CATEGORY_ID) values ('PRD0202','ASRock C2750D4I','CPU:Atom C2750,Form Factor:Mini ITX,RAM Slots:4,Max RAM:64GB',339.55,401.98,4);
Insert into PRODUCTS (PRODUCT_ID,PRODUCT_NAME,DESCRIPTION,STANDARD_COST,LIST_PRICE,CATEGORY_ID) values ('PRD0203','Gigabyte X299 AORUS Gaming 7','CPU:LGA2066,Form Factor:ATX,RAM Slots:8,Max RAM:128GB',283.91,399.99,4);
Insert into PRODUCTS (PRODUCT_ID,PRODUCT_NAME,DESCRIPTION,STANDARD_COST,LIST_PRICE,CATEGORY_ID) values ('PRD0204','MSI X99A GODLIKE GAMING','CPU:LGA2011-3,Form Factor:EATX,RAM Slots:8,Max RAM:128GB',302.95,399.99,4);
Insert into PRODUCTS (PRODUCT_ID,PRODUCT_NAME,DESCRIPTION,STANDARD_COST,LIST_PRICE,CATEGORY_ID) values ('PRD0205','MSI X299 GAMING M7 ACK','CPU:LGA2066,Form Factor:ATX,RAM Slots:8,Max RAM:128GB',278.71,397.42,4);
Insert into PRODUCTS (PRODUCT_ID,PRODUCT_NAME,DESCRIPTION,STANDARD_COST,LIST_PRICE,CATEGORY_ID) values ('PRD0206','Supermicro MBD-X10DRI-O','CPU:LGA2011-3 Narrow x 2,Form Factor:EATX,RAM Slots:16,Max RAM:1TB',291.34,394.99,4);
Insert into PRODUCTS (PRODUCT_ID,PRODUCT_NAME,DESCRIPTION,STANDARD_COST,LIST_PRICE,CATEGORY_ID) values ('PRD0207','Asus MAXIMUS IX FORMULA','CPU:LGA1151,Form Factor:ATX,RAM Slots:4,Max RAM:64GB',339.12,388.99,4);
Insert into PRODUCTS (PRODUCT_ID,PRODUCT_NAME,DESCRIPTION,STANDARD_COST,LIST_PRICE,CATEGORY_ID) values ('PRD0208','Asus X99-DELUXE II','CPU:LGA2011-3,Form Factor:ATX,RAM Slots:8,Max RAM:128GB',289.33,383.98,4);
Insert into PRODUCTS (PRODUCT_ID,PRODUCT_NAME,DESCRIPTION,STANDARD_COST,LIST_PRICE,CATEGORY_ID) values ('PRD0209','ASRock Fatal1ty X299 Professional Gaming i9','CPU:LGA2066,Form Factor:ATX,RAM Slots:8,Max RAM:128GB',287.5,382.98,4);
Insert into PRODUCTS (PRODUCT_ID,PRODUCT_NAME,DESCRIPTION,STANDARD_COST,LIST_PRICE,CATEGORY_ID) values ('PRD0210','ASRock EP2C612 WS','CPU:LGA2011-3 x 2,Form Factor:SSI EEB,RAM Slots:8,Max RAM:',308.84,358.49,4);
Insert into PRODUCTS (PRODUCT_ID,PRODUCT_NAME,DESCRIPTION,STANDARD_COST,LIST_PRICE,CATEGORY_ID) values ('PRD0211','ASRock Z270 SuperCarrier','CPU:LGA1151,Form Factor:ATX,RAM Slots:4,Max RAM:64GB',264.35,353.98,4);
Insert into PRODUCTS (PRODUCT_ID,PRODUCT_NAME,DESCRIPTION,STANDARD_COST,LIST_PRICE,CATEGORY_ID) values ('PRD0212','Asus MAXIMUS VIII EXT--E/ASSEMBLY','CPU:LGA1151,Form Factor:EATX,RAM Slots:4,Max RAM:64GB',253.41,353.98,4);
Insert into PRODUCTS (PRODUCT_ID,PRODUCT_NAME,DESCRIPTION,STANDARD_COST,LIST_PRICE,CATEGORY_ID) values ('PRD0213','Asus STRIX X299-E GAMING','CPU:LGA2066,Form Factor:ATX,RAM Slots:8,Max RAM:128GB',306,349.99,4);
Insert into PRODUCTS (PRODUCT_ID,PRODUCT_NAME,DESCRIPTION,STANDARD_COST,LIST_PRICE,CATEGORY_ID) values ('PRD0214','Gigabyte X299 AORUS Ultra Gaming','CPU:LGA2066,Form Factor:ATX,RAM Slots:8,Max RAM:128GB',287.78,343.99,4);
Insert into PRODUCTS (PRODUCT_ID,PRODUCT_NAME,DESCRIPTION,STANDARD_COST,LIST_PRICE,CATEGORY_ID) values ('PRD0215','Asus TUF X299 MARK 1','CPU:LGA2066,Form Factor:ATX,RAM Slots:8,Max RAM:128GB',241.15,339.99,4);
Insert into PRODUCTS (PRODUCT_ID,PRODUCT_NAME,DESCRIPTION,STANDARD_COST,LIST_PRICE,CATEGORY_ID) values ('PRD0216','Asus Z170-WS','CPU:LGA1151,Form Factor:ATX,RAM Slots:4,Max RAM:64GB',279.4,338.99,4);
Insert into PRODUCTS (PRODUCT_ID,PRODUCT_NAME,DESCRIPTION,STANDARD_COST,LIST_PRICE,CATEGORY_ID) values ('PRD0217','MSI X299 GAMING PRO CARBON AC','CPU:LGA2066,Form Factor:ATX,RAM Slots:8,Max RAM:128GB',238.8,337.81,4);
Insert into PRODUCTS (PRODUCT_ID,PRODUCT_NAME,DESCRIPTION,STANDARD_COST,LIST_PRICE,CATEGORY_ID) values ('PRD0218','MSI X99A XPOWER GAMING TITANIUM','CPU:LGA2011-3,Form Factor:EATX,RAM Slots:8,Max RAM:128GB',257.23,329.99,4);
Insert into PRODUCTS (PRODUCT_ID,PRODUCT_NAME,DESCRIPTION,STANDARD_COST,LIST_PRICE,CATEGORY_ID) values ('PRD0219','Asus ROG STRIX X99 GAMING','CPU:LGA2011-3,Form Factor:ATX,RAM Slots:8,Max RAM:128GB',255.86,319.99,4);
Insert into PRODUCTS (PRODUCT_ID,PRODUCT_NAME,DESCRIPTION,STANDARD_COST,LIST_PRICE,CATEGORY_ID) values ('PRD0220','Asus SABERTOOTH X99','CPU:LGA2011-3,Form Factor:ATX,RAM Slots:8,Max RAM:64GB',252.57,312.67,4);
Insert into PRODUCTS (PRODUCT_ID,PRODUCT_NAME,DESCRIPTION,STANDARD_COST,LIST_PRICE,CATEGORY_ID) values ('PRD0221','Asus PRIME X299-A','CPU:LGA2066,Form Factor:ATX,RAM Slots:8,Max RAM:128GB',274.56,309.85,4);
Insert into PRODUCTS (PRODUCT_ID,PRODUCT_NAME,DESCRIPTION,STANDARD_COST,LIST_PRICE,CATEGORY_ID) values ('PRD0222','Gigabyte GA-X99-UD5 WIFI','CPU:LGA2011-3,Form Factor:EATX,RAM Slots:8,Max RAM:64GB',217.83,305,4);
Insert into PRODUCTS (PRODUCT_ID,PRODUCT_NAME,DESCRIPTION,STANDARD_COST,LIST_PRICE,CATEGORY_ID) values ('PRD0223','ASRock EP2C602-4L/D16','CPU:LGA2011 x 2,Form Factor:SSI EEB,RAM Slots:16,Max RAM:512GB',225.47,301.99,4);
Insert into PRODUCTS (PRODUCT_ID,PRODUCT_NAME,DESCRIPTION,STANDARD_COST,LIST_PRICE,CATEGORY_ID) values ('PRD0224','MSI Z170A KRAIT GAMING 3X','CPU:LGA1151,Form Factor:ATX,RAM Slots:4,Max RAM:64GB',245.4,299.89,4);
Insert into PRODUCTS (PRODUCT_ID,PRODUCT_NAME,DESCRIPTION,STANDARD_COST,LIST_PRICE,CATEGORY_ID) values ('PRD0225','MSI Z170 Krait Gaming','CPU:LGA1151,Form Factor:ATX,RAM Slots:4,Max RAM:64GB',231.58,299.89,4);
Insert into PRODUCTS (PRODUCT_ID,PRODUCT_NAME,DESCRIPTION,STANDARD_COST,LIST_PRICE,CATEGORY_ID) values ('PRD0226','MSI Z170A KRAIT GAMING','CPU:LGA1151,Form Factor:ATX,RAM Slots:4,Max RAM:64GB',262.4,299.89,4);
Insert into PRODUCTS (PRODUCT_ID,PRODUCT_NAME,DESCRIPTION,STANDARD_COST,LIST_PRICE,CATEGORY_ID) values ('PRD0227','Asus MAXIMUS IX CODE','CPU:LGA1151,Form Factor:ATX,RAM Slots:4,Max RAM:64GB',266.15,298.98,4);
Insert into PRODUCTS (PRODUCT_ID,PRODUCT_NAME,DESCRIPTION,STANDARD_COST,LIST_PRICE,CATEGORY_ID) values ('PRD0228','Asus Sabertooth 990FX','CPU:AM3+,Form Factor:ATX,RAM Slots:4,Max RAM:32GB',252.31,295.72,4);
Insert into PRODUCTS (PRODUCT_ID,PRODUCT_NAME,DESCRIPTION,STANDARD_COST,LIST_PRICE,CATEGORY_ID) values ('PRD0229','MSI X99A WORKSTATION','CPU:LGA2011-3,Form Factor:ATX,RAM Slots:8,Max RAM:128GB',239.95,289.97,4);
Insert into PRODUCTS (PRODUCT_ID,PRODUCT_NAME,DESCRIPTION,STANDARD_COST,LIST_PRICE,CATEGORY_ID) values ('PRD0230','Intel DG43RK','CPU:LGA775,Form Factor:Micro ATX,RAM Slots:4,Max RAM:8GB',219.69,289.79,4);
Insert into PRODUCTS (PRODUCT_ID,PRODUCT_NAME,DESCRIPTION,STANDARD_COST,LIST_PRICE,CATEGORY_ID) values ('PRD0231','Asus VANGUARD B85','CPU:LGA1150,Form Factor:Micro ATX,RAM Slots:4,Max RAM:32GB',258.1,287,4);
Insert into PRODUCTS (PRODUCT_ID,PRODUCT_NAME,DESCRIPTION,STANDARD_COST,LIST_PRICE,CATEGORY_ID) values ('PRD0232','EVGA Z270 Classified K','CPU:LGA1151,Form Factor:EATX,RAM Slots:4,Max RAM:64GB',234.26,283.98,4);
Insert into PRODUCTS (PRODUCT_ID,PRODUCT_NAME,DESCRIPTION,STANDARD_COST,LIST_PRICE,CATEGORY_ID) values ('PRD0233','EVGA Classified','CPU:LGA2011-3,Form Factor:EATX,RAM Slots:8,Max RAM:128GB',240.62,283.98,4);
Insert into PRODUCTS (PRODUCT_ID,PRODUCT_NAME,DESCRIPTION,STANDARD_COST,LIST_PRICE,CATEGORY_ID) values ('PRD0234','MSI Z270 XPOWER GAMING TITANIUM','CPU:LGA1151,Form Factor:ATX,RAM Slots:4,Max RAM:64GB',212.69,282.98,4);
Insert into PRODUCTS (PRODUCT_ID,PRODUCT_NAME,DESCRIPTION,STANDARD_COST,LIST_PRICE,CATEGORY_ID) values ('PRD0235','ASRock X299 Taichi','CPU:LGA2066,Form Factor:ATX,RAM Slots:8,Max RAM:128GB',214.36,282.98,4);
Insert into PRODUCTS (PRODUCT_ID,PRODUCT_NAME,DESCRIPTION,STANDARD_COST,LIST_PRICE,CATEGORY_ID) values ('PRD0236','MSI X299 TOMAHAWK ARCTIC','CPU:LGA2066,Form Factor:ATX,RAM Slots:8,Max RAM:128GB',223.92,281.98,4);
Insert into PRODUCTS (PRODUCT_ID,PRODUCT_NAME,DESCRIPTION,STANDARD_COST,LIST_PRICE,CATEGORY_ID) values ('PRD0237','Supermicro X10SAT-O','CPU:LGA1150,Form Factor:ATX,RAM Slots:4,Max RAM:32GB',207.08,281.97,4);
Insert into PRODUCTS (PRODUCT_ID,PRODUCT_NAME,DESCRIPTION,STANDARD_COST,LIST_PRICE,CATEGORY_ID) values ('PRD0238','Gigabyte X299 AORUS Gaming 3','CPU:LGA2066,Form Factor:ATX,RAM Slots:8,Max RAM:128GB',227.48,280.98,4);
Insert into PRODUCTS (PRODUCT_ID,PRODUCT_NAME,DESCRIPTION,STANDARD_COST,LIST_PRICE,CATEGORY_ID) values ('PRD0239','Supermicro MBD-X10DAL-I-O','CPU:LGA2011-3 x 2,Form Factor:ATX,RAM Slots:8,Max RAM:512GB',239.28,279.99,4);
Insert into PRODUCTS (PRODUCT_ID,PRODUCT_NAME,DESCRIPTION,STANDARD_COST,LIST_PRICE,CATEGORY_ID) values ('PRD0240','Western Digital WD10EZEX','Series:Caviar Blue,Type:7200RPM,Capacity:1TB,Cache:64MB',35.83,47.88,5);
Insert into PRODUCTS (PRODUCT_ID,PRODUCT_NAME,DESCRIPTION,STANDARD_COST,LIST_PRICE,CATEGORY_ID) values ('PRD0241','Seagate ST2000DM006','Series:Barracuda,Type:7200RPM,Capacity:2TB,Cache:64MB',47.93,66.89,5);
Insert into PRODUCTS (PRODUCT_ID,PRODUCT_NAME,DESCRIPTION,STANDARD_COST,LIST_PRICE,CATEGORY_ID) values ('PRD0242','Samsung MZ-75E250B/AM','Series:850 EVO-Series,Type:SSD,Capacity:250GB,Cache:N/A',87.98,104.88,5);
Insert into PRODUCTS (PRODUCT_ID,PRODUCT_NAME,DESCRIPTION,STANDARD_COST,LIST_PRICE,CATEGORY_ID) values ('PRD0243','Samsung MZ-75E500B/AM','Series:850 EVO-Series,Type:SSD,Capacity:500GB,Cache:N/A',157.81,178.09,5);
Insert into PRODUCTS (PRODUCT_ID,PRODUCT_NAME,DESCRIPTION,STANDARD_COST,LIST_PRICE,CATEGORY_ID) values ('PRD0244','SanDisk SDSSDA-240G-G26','Series:SSD PLUS,Type:SSD,Capacity:240GB,Cache:N/A',61.1,83.88,5);
Insert into PRODUCTS (PRODUCT_ID,PRODUCT_NAME,DESCRIPTION,STANDARD_COST,LIST_PRICE,CATEGORY_ID) values ('PRD0245','Samsung MZ-V6E250','Series:960 EVO,Type:SSD,Capacity:250GB,Cache:512MB',92.98,127.88,5);
Insert into PRODUCTS (PRODUCT_ID,PRODUCT_NAME,DESCRIPTION,STANDARD_COST,LIST_PRICE,CATEGORY_ID) values ('PRD0246','Kingston SA400S37/120G','Series:A400,Type:SSD,Capacity:120GB,Cache:N/A',40.63,54.99,5);
Insert into PRODUCTS (PRODUCT_ID,PRODUCT_NAME,DESCRIPTION,STANDARD_COST,LIST_PRICE,CATEGORY_ID) values ('PRD0247','Samsung MZ-75E1T0B/AM','Series:850 EVO-Series,Type:SSD,Capacity:1TB,Cache:N/A',260.23,339.99,5);
Insert into PRODUCTS (PRODUCT_ID,PRODUCT_NAME,DESCRIPTION,STANDARD_COST,LIST_PRICE,CATEGORY_ID) values ('PRD0248','Samsung MZ-V6E500','Series:960 EVO,Type:SSD,Capacity:500GB,Cache:512MB',209.62,234,5);
Insert into PRODUCTS (PRODUCT_ID,PRODUCT_NAME,DESCRIPTION,STANDARD_COST,LIST_PRICE,CATEGORY_ID) values ('PRD0249','Seagate ST3000DM008','Series:Barracuda,Type:7200RPM,Capacity:3TB,Cache:64MB',61.63,83.61,5);
Insert into PRODUCTS (PRODUCT_ID,PRODUCT_NAME,DESCRIPTION,STANDARD_COST,LIST_PRICE,CATEGORY_ID) values ('PRD0250','Western Digital WDS250G1B0A','Series:Blue,Type:SSD,Capacity:250GB,Cache:N/A',72.54,89.89,5);
Insert into PRODUCTS (PRODUCT_ID,PRODUCT_NAME,DESCRIPTION,STANDARD_COST,LIST_PRICE,CATEGORY_ID) values ('PRD0251','ADATA ASU800SS-128GT-C','Series:Ultimate SU800,Type:SSD,Capacity:128GB,Cache:N/A',37.78,52.65,5);
Insert into PRODUCTS (PRODUCT_ID,PRODUCT_NAME,DESCRIPTION,STANDARD_COST,LIST_PRICE,CATEGORY_ID) values ('PRD0252','Seagate ST1000DM010','Series:BarraCuda,Type:7200RPM,Capacity:1TB,Cache:64MB',42.18,49.37,5);
Insert into PRODUCTS (PRODUCT_ID,PRODUCT_NAME,DESCRIPTION,STANDARD_COST,LIST_PRICE,CATEGORY_ID) values ('PRD0253','Samsung MZ-75E4T0B','Series:850 EVO,Type:SSD,Capacity:4TB,Cache:4GB',1153.64,1499.99,5);
Insert into PRODUCTS (PRODUCT_ID,PRODUCT_NAME,DESCRIPTION,STANDARD_COST,LIST_PRICE,CATEGORY_ID) values ('PRD0254','Intel SSDPECME040T401','Series:DC P3608,Type:SSD,Capacity:4TB,Cache:N/A',7123.66,8867.99,5);
Insert into PRODUCTS (PRODUCT_ID,PRODUCT_NAME,DESCRIPTION,STANDARD_COST,LIST_PRICE,CATEGORY_ID) values ('PRD0255','Western Digital WD2003FZEX','Series:BLACK SERIES,Type:7200RPM,Capacity:2TB,Cache:64MB',91.76,117.45,5);
Insert into PRODUCTS (PRODUCT_ID,PRODUCT_NAME,DESCRIPTION,STANDARD_COST,LIST_PRICE,CATEGORY_ID) values ('PRD0256','Samsung MZ-V6P512BW','Series:960 PRO,Type:SSD,Capacity:512GB,Cache:512MB',223.99,279.99,5);
Insert into PRODUCTS (PRODUCT_ID,PRODUCT_NAME,DESCRIPTION,STANDARD_COST,LIST_PRICE,CATEGORY_ID) values ('PRD0257','Hitachi HUS724030ALE641','Series:Ultrastar 7K4000,Type:7200RPM,Capacity:3TB,Cache:64MB',54.03,65.92,5);
Insert into PRODUCTS (PRODUCT_ID,PRODUCT_NAME,DESCRIPTION,STANDARD_COST,LIST_PRICE,CATEGORY_ID) values ('PRD0258','Samsung MZ-V6P2T0BW','Series:960 Pro,Type:SSD,Capacity:2TB,Cache:2GB',840.11,1199.99,5);
Insert into PRODUCTS (PRODUCT_ID,PRODUCT_NAME,DESCRIPTION,STANDARD_COST,LIST_PRICE,CATEGORY_ID) values ('PRD0259','Seagate ST10000DM0004','Series:BarraCuda Pro,Type:7200RPM,Capacity:10TB,Cache:256MB',284.23,399.99,5);
Insert into PRODUCTS (PRODUCT_ID,PRODUCT_NAME,DESCRIPTION,STANDARD_COST,LIST_PRICE,CATEGORY_ID) values ('PRD0260','ADATA ASU800SS-512GT-C','Series:Ultimate SU800,Type:SSD,Capacity:512GB,Cache:N/A',113.29,136.69,5);
Insert into PRODUCTS (PRODUCT_ID,PRODUCT_NAME,DESCRIPTION,STANDARD_COST,LIST_PRICE,CATEGORY_ID) values ('PRD0261','Samsung MZ-V6E1T0','Series:960 EVO,Type:SSD,Capacity:1TB,Cache:1000MB',358.06,449.99,5);
Insert into PRODUCTS (PRODUCT_ID,PRODUCT_NAME,DESCRIPTION,STANDARD_COST,LIST_PRICE,CATEGORY_ID) values ('PRD0262','Western Digital WD1003FZEX','Series:BLACK SERIES,Type:7200RPM,Capacity:1TB,Cache:64MB',61.76,70.89,5);
Insert into PRODUCTS (PRODUCT_ID,PRODUCT_NAME,DESCRIPTION,STANDARD_COST,LIST_PRICE,CATEGORY_ID) values ('PRD0263','SanDisk SDSSDA-120G-G26','Series:SSD PLUS,Type:SSD,Capacity:120GB,Cache:N/A',52.7,59.99,5);
Insert into PRODUCTS (PRODUCT_ID,PRODUCT_NAME,DESCRIPTION,STANDARD_COST,LIST_PRICE,CATEGORY_ID) values ('PRD0264','Crucial CT525MX300SSD1','Series:MX300,Type:SSD,Capacity:525GB,Cache:N/A',135.59,150.99,5);
Insert into PRODUCTS (PRODUCT_ID,PRODUCT_NAME,DESCRIPTION,STANDARD_COST,LIST_PRICE,CATEGORY_ID) values ('PRD0265','Hitachi A7K1000-1000','Series:Ultrastar,Type:7200RPM,Capacity:1TB,Cache:32MB',29.94,41.99,5);
Insert into PRODUCTS (PRODUCT_ID,PRODUCT_NAME,DESCRIPTION,STANDARD_COST,LIST_PRICE,CATEGORY_ID) values ('PRD0266','Samsung MZ-V6P1T0BW','Series:960 Pro,Type:SSD,Capacity:1TB,Cache:1GB',466.49,579.99,5);
Insert into PRODUCTS (PRODUCT_ID,PRODUCT_NAME,DESCRIPTION,STANDARD_COST,LIST_PRICE,CATEGORY_ID) values ('PRD0267','Samsung MZ-7KE256BW','Series:850 Pro Series,Type:SSD,Capacity:256GB,Cache:N/A',97.19,119.99,5);
Insert into PRODUCTS (PRODUCT_ID,PRODUCT_NAME,DESCRIPTION,STANDARD_COST,LIST_PRICE,CATEGORY_ID) values ('PRD0268','Seagate ST2000DX002','Series:FireCuda,Type:Hybrid,Capacity:2TB,Cache:64MB',64.48,90.99,5);
Insert into PRODUCTS (PRODUCT_ID,PRODUCT_NAME,DESCRIPTION,STANDARD_COST,LIST_PRICE,CATEGORY_ID) values ('PRD0269','Western Digital WD5000AACS','Series:Caviar Green,Type:5400RPM,Capacity:500GB,Cache:16MB',20.14,26.99,5);
Insert into PRODUCTS (PRODUCT_ID,PRODUCT_NAME,DESCRIPTION,STANDARD_COST,LIST_PRICE,CATEGORY_ID) values ('PRD0270','SanDisk SDSSDHII-240G-G25','Series:Ultra II,Type:SSD,Capacity:240GB,Cache:N/A',73.39,84.95,5);
Insert into PRODUCTS (PRODUCT_ID,PRODUCT_NAME,DESCRIPTION,STANDARD_COST,LIST_PRICE,CATEGORY_ID) values ('PRD0271','PNY SSD7CS1311-120-RB','Series:CS1311,Type:SSD,Capacity:120GB,Cache:N/A',50.59,57.98,5);
Insert into PRODUCTS (PRODUCT_ID,PRODUCT_NAME,DESCRIPTION,STANDARD_COST,LIST_PRICE,CATEGORY_ID) values ('PRD0272','PNY SSD9SC240GMDA-RB','Series:XLR8,Type:SSD,Capacity:240GB,Cache:N/A',58.4,80.72,5);
Insert into PRODUCTS (PRODUCT_ID,PRODUCT_NAME,DESCRIPTION,STANDARD_COST,LIST_PRICE,CATEGORY_ID) values ('PRD0273','Crucial CT1050MX300SSD1','Series:MX300,Type:SSD,Capacity:1.1TB,Cache:N/A',192.52,267.99,5);
Insert into PRODUCTS (PRODUCT_ID,PRODUCT_NAME,DESCRIPTION,STANDARD_COST,LIST_PRICE,CATEGORY_ID) values ('PRD0274','Western Digital WDS250G1B0B','Series:Blue,Type:SSD,Capacity:250GB,Cache:N/A',70.71,89.99,5);
Insert into PRODUCTS (PRODUCT_ID,PRODUCT_NAME,DESCRIPTION,STANDARD_COST,LIST_PRICE,CATEGORY_ID) values ('PRD0275','Samsung MZ-75E120B/AM','Series:850 EVO-Series,Type:SSD,Capacity:120GB,Cache:N/A',74.41,88.99,5);
Insert into PRODUCTS (PRODUCT_ID,PRODUCT_NAME,DESCRIPTION,STANDARD_COST,LIST_PRICE,CATEGORY_ID) values ('PRD0276','Western Digital WDS500G1B0B','Series:Blue,Type:SSD,Capacity:500GB,Cache:N/A',106.89,149.88,5);
Insert into PRODUCTS (PRODUCT_ID,PRODUCT_NAME,DESCRIPTION,STANDARD_COST,LIST_PRICE,CATEGORY_ID) values ('PRD0277','Hitachi HUA723020ALA640','Series:Ultrastar 7K3000,Type:7200RPM,Capacity:2TB,Cache:64MB',45.18,59.99,5);
Insert into PRODUCTS (PRODUCT_ID,PRODUCT_NAME,DESCRIPTION,STANDARD_COST,LIST_PRICE,CATEGORY_ID) values ('PRD0278','Western Digital WD2500AVVS','Series:AV-GP,Type:5400RPM,Capacity:250GB,Cache:8MB',12.63,15.55,5);
Insert into PRODUCTS (PRODUCT_ID,PRODUCT_NAME,DESCRIPTION,STANDARD_COST,LIST_PRICE,CATEGORY_ID) values ('PRD0279','Seagate ST1000DX002','Series:FireCuda,Type:Hybrid,Capacity:1TB,Cache:64MB',55.41,68.06,5);
Insert into PRODUCTS (PRODUCT_ID,PRODUCT_NAME,DESCRIPTION,STANDARD_COST,LIST_PRICE,CATEGORY_ID) values ('PRD0280','Crucial CT275MX300SSD1','Series:MX300,Type:SSD,Capacity:275GB,Cache:N/A',79.21,97.88,5);
Insert into PRODUCTS (PRODUCT_ID,PRODUCT_NAME,DESCRIPTION,STANDARD_COST,LIST_PRICE,CATEGORY_ID) values ('PRD0281','Seagate ST31000340NS - FFP','Series:Barracuda ES,Type:7200RPM,Capacity:1TB,Cache:32MB',34.4,43.99,5);
Insert into PRODUCTS (PRODUCT_ID,PRODUCT_NAME,DESCRIPTION,STANDARD_COST,LIST_PRICE,CATEGORY_ID) values ('PRD0282','Western Digital WD101KRYZ','Series:Gold,Type:7200RPM,Capacity:10TB,Cache:256MB',313.96,443.64,5);
Insert into PRODUCTS (PRODUCT_ID,PRODUCT_NAME,DESCRIPTION,STANDARD_COST,LIST_PRICE,CATEGORY_ID) values ('PRD0283','Crucial CT525MX300SSD4','Series:MX300,Type:SSD,Capacity:525GB,Cache:N/A',121.92,150.99,5);
Insert into PRODUCTS (PRODUCT_ID,PRODUCT_NAME,DESCRIPTION,STANDARD_COST,LIST_PRICE,CATEGORY_ID) values ('PRD0284','Western Digital WD2500AAJS','Series:Caviar Blue,Type:7200RPM,Capacity:250GB,Cache:8MB',15.23,16.99,5);
Insert into PRODUCTS (PRODUCT_ID,PRODUCT_NAME,DESCRIPTION,STANDARD_COST,LIST_PRICE,CATEGORY_ID) values ('PRD0285','Western Digital WD20EZRZ','Series:Blue,Type:5400RPM,Capacity:2TB,Cache:64MB',58.01,67.34,5);
Insert into PRODUCTS (PRODUCT_ID,PRODUCT_NAME,DESCRIPTION,STANDARD_COST,LIST_PRICE,CATEGORY_ID) values ('PRD0286','Western Digital WDS256G1X0C','Series:Black PCIe,Type:SSD,Capacity:256GB,Cache:N/A',85.87,109.99,5);
Insert into PRODUCTS (PRODUCT_ID,PRODUCT_NAME,DESCRIPTION,STANDARD_COST,LIST_PRICE,CATEGORY_ID) values ('PRD0287','SanDisk SDSSDHII-480G-G25','Series:Ultra II,Type:SSD,Capacity:480GB,Cache:N/A',102.62,141.56,5);
Insert into PRODUCTS (PRODUCT_ID,PRODUCT_NAME,DESCRIPTION,STANDARD_COST,LIST_PRICE,CATEGORY_ID) values ('PRD0288','Kingston SV300S37A/120G','Series:SSDNow V300 Series,Type:SSD,Capacity:120GB,Cache:N/A',45.93,59.87,5);
--Table customers
Insert into CUSTOMERS (CUSTOMER_ID,NAME,ADDRESS,WEBSITE) values ('AHCA-CusID-RTX','Raytheon','514 W Superior St, Kokomo, IN','http://www.raytheon.com');
Insert into CUSTOMERS (CUSTOMER_ID,NAME,ADDRESS,WEBSITE) values ('AHTX-CusID-RTX','Raytheon','514 W Superior St, Kokomo, IN','http://www.raytheon.com');
Insert into CUSTOMERS (CUSTOMER_ID,NAME,ADDRESS,WEBSITE) values ('AHCA-CusID-PAGP','Plains GP Holdings','2515 Bloyd Ave, Indianapolis, IN','http://www.plainsallamerican.com');
Insert into CUSTOMERS (CUSTOMER_ID,NAME,ADDRESS,WEBSITE) values ('AHNJ-CusID-PAGP','Plains GP Holdings','2515 Bloyd Ave, Indianapolis, IN','http://www.plainsallamerican.com');
Insert into CUSTOMERS (CUSTOMER_ID,NAME,ADDRESS,WEBSITE) values ('AHTX-CusID-PAGP','Plains GP Holdings','2515 Bloyd Ave, Indianapolis, IN','http://www.plainsallamerican.com');
Insert into CUSTOMERS (CUSTOMER_ID,NAME,ADDRESS,WEBSITE) values ('AHNJ-CusID-USFD','US Foods Holding','8768 N State Rd 37, Bloomington, IN','http://www.usfoods.com');
Insert into CUSTOMERS (CUSTOMER_ID,NAME,ADDRESS,WEBSITE) values ('AHCA-CusID-ABBV','AbbVie','6445 Bay Harbor Ln, Indianapolis, IN','http://www.abbvie.com');
Insert into CUSTOMERS (CUSTOMER_ID,NAME,ADDRESS,WEBSITE) values ('AHNJ-CusID-ABBV','AbbVie','6445 Bay Harbor Ln, Indianapolis, IN','http://www.abbvie.com');
Insert into CUSTOMERS (CUSTOMER_ID,NAME,ADDRESS,WEBSITE) values ('AHTX-CusID-ABBV','AbbVie','6445 Bay Harbor Ln, Indianapolis, IN','http://www.abbvie.com');
Insert into CUSTOMERS (CUSTOMER_ID,NAME,ADDRESS,WEBSITE) values ('AHCA-CusID-CNC','Centene','4019 W 3Rd St, Bloomington, IN','http://www.centene.com');
Insert into CUSTOMERS (CUSTOMER_ID,NAME,ADDRESS,WEBSITE) values ('AHNJ-CusID-CNC','Centene','4019 W 3Rd St, Bloomington, IN','http://www.centene.com');
Insert into CUSTOMERS (CUSTOMER_ID,NAME,ADDRESS,WEBSITE) values ('AHCA-CusID-CYH','Community Health Systems','1608 Portage Ave, South Bend, IN','http://www.chs.net');
Insert into CUSTOMERS (CUSTOMER_ID,NAME,ADDRESS,WEBSITE) values ('AHTX-CusID-CYH','Community Health Systems','1608 Portage Ave, South Bend, IN','http://www.chs.net');
Insert into CUSTOMERS (CUSTOMER_ID,NAME,ADDRESS,WEBSITE) values ('AHCA-CusID-AA','Alcoa','23943 Us Highway 33, Elkhart, IN','http://www.alcoa.com');
Insert into CUSTOMERS (CUSTOMER_ID,NAME,ADDRESS,WEBSITE) values ('AHTX-CusID-AA','Alcoa','23943 Us Highway 33, Elkhart, IN','http://www.alcoa.com');
Insert into CUSTOMERS (CUSTOMER_ID,NAME,ADDRESS,WEBSITE) values ('AHCA-CusID-IP','International Paper','136 E Market St # 800, Indianapolis, IN','http://www.internationalpaper.com');
Insert into CUSTOMERS (CUSTOMER_ID,NAME,ADDRESS,WEBSITE) values ('AHNJ-CusID-IP','International Paper','136 E Market St # 800, Indianapolis, IN','http://www.internationalpaper.com');
Insert into CUSTOMERS (CUSTOMER_ID,NAME,ADDRESS,WEBSITE) values ('AHTX-CusID-IP','International Paper','136 E Market St # 800, Indianapolis, IN','http://www.internationalpaper.com');
Insert into CUSTOMERS (CUSTOMER_ID,NAME,ADDRESS,WEBSITE) values ('AHNJ-CusID-EMR','Emerson Electric','1905 College St, South Bend, IN','http://www.emerson.com');
Insert into CUSTOMERS (CUSTOMER_ID,NAME,ADDRESS,WEBSITE) values ('AHTX-CusID-EMR','Emerson Electric','1905 College St, South Bend, IN','http://www.emerson.com');
Insert into CUSTOMERS (CUSTOMER_ID,NAME,ADDRESS,WEBSITE) values ('AHNJ-CusID-AFL','Aflac','Lucas Dr Bldg 348, Detroit, MI','http://www.aflac.com');
Insert into CUSTOMERS (CUSTOMER_ID,NAME,ADDRESS,WEBSITE) values ('AHTX-CusID-AFL','Aflac','Lucas Dr Bldg 348, Detroit, MI','http://www.aflac.com');
Insert into CUSTOMERS (CUSTOMER_ID,NAME,ADDRESS,WEBSITE) values ('AHTX-CusID-AN','AutoNation','1801 Monroe Ave Nw, Grand Rapids, MI','http://www.autonation.com');
Insert into CUSTOMERS (CUSTOMER_ID,NAME,ADDRESS,WEBSITE) values ('AHTX-CusID-PGR','Progressive','4925 Kendrick St Se, Grand Rapids, MI','http://www.progressive.com');
Insert into CUSTOMERS (CUSTOMER_ID,NAME,ADDRESS,WEBSITE) values ('AHTX-CusID-ABT','Abbott Laboratories','3310 Dixie Ct, Saginaw, MI','http://www.abbott.com');
Insert into CUSTOMERS (CUSTOMER_ID,NAME,ADDRESS,WEBSITE) values ('AHCA-CusID-DG','Dollar General','113 Washington Sq N, Lansing, MI','http://www.dollargeneral.com');
Insert into CUSTOMERS (CUSTOMER_ID,NAME,ADDRESS,WEBSITE) values ('AHNJ-CusID-THC','Tenet Healthcare','2500 S Pennsylvania Ave, Lansing, MI','http://www.tenethealth.com');
Insert into CUSTOMERS (CUSTOMER_ID,NAME,ADDRESS,WEBSITE) values ('AHNJ-CusID-LLY','Eli Lilly','3213 S Cedar St, Lansing, MI','http://www.lilly.com');
Insert into CUSTOMERS (CUSTOMER_ID,NAME,ADDRESS,WEBSITE) values ('AHCA-CusID-BDX','Becton Dickinson','1691 Asbury Rd, Dubuque, IA','http://www.bd.com');
Insert into CUSTOMERS (CUSTOMER_ID,NAME,ADDRESS,WEBSITE) values ('AHCA-CusID-META','Facebook','5112 Sw 9Th St, Des Moines, IA','http://www.facebook.com');
Insert into CUSTOMERS (CUSTOMER_ID,NAME,ADDRESS,WEBSITE) values ('AHCA-CusID-JBL','Jabil Circuit','221 3Rd Ave Se # 300, Cedar Rapids, IA','http://www.jabil.com');
Insert into CUSTOMERS (CUSTOMER_ID,NAME,ADDRESS,WEBSITE) values ('AHTX-CusID-JBL','Jabil Circuit','221 3Rd Ave Se # 300, Cedar Rapids, IA','http://www.jabil.com');
Insert into CUSTOMERS (CUSTOMER_ID,NAME,ADDRESS,WEBSITE) values ('AHCA-CusID-LUMN','CenturyLink','2120 Heights Dr, Eau Claire, WI','http://www.centurylink.com');
Insert into CUSTOMERS (CUSTOMER_ID,NAME,ADDRESS,WEBSITE) values ('AHTX-CusID-LUMN','CenturyLink','2120 Heights Dr, Eau Claire, WI','http://www.centurylink.com');
Insert into CUSTOMERS (CUSTOMER_ID,NAME,ADDRESS,WEBSITE) values ('AHCA-CusID-SVU','Supervalu','8989 N Port Washington Rd, Milwaukee, WI','http://www.supervalu.com');
Insert into CUSTOMERS (CUSTOMER_ID,NAME,ADDRESS,WEBSITE) values ('AHTX-CusID-SVU','Supervalu','8989 N Port Washington Rd, Milwaukee, WI','http://www.supervalu.com');
Insert into CUSTOMERS (CUSTOMER_ID,NAME,ADDRESS,WEBSITE) values ('AHCA-CusID-GIS','General Mills','6555 W Good Hope Rd, Milwaukee, WI','http://www.generalmills.com');
Insert into CUSTOMERS (CUSTOMER_ID,NAME,ADDRESS,WEBSITE) values ('AHNJ-CusID-GIS','General Mills','6555 W Good Hope Rd, Milwaukee, WI','http://www.generalmills.com');
Insert into CUSTOMERS (CUSTOMER_ID,NAME,ADDRESS,WEBSITE) values ('AHTX-CusID-GIS','General Mills','6555 W Good Hope Rd, Milwaukee, WI','http://www.generalmills.com');
Insert into CUSTOMERS (CUSTOMER_ID,NAME,ADDRESS,WEBSITE) values ('AHCA-CusID-SO','Southern','1314 N Stoughton Rd, Madison, WI','http://www.southerncompany.com');
Insert into CUSTOMERS (CUSTOMER_ID,NAME,ADDRESS,WEBSITE) values ('AHNJ-CusID-SO','Southern','1314 N Stoughton Rd, Madison, WI','http://www.southerncompany.com');
Insert into CUSTOMERS (CUSTOMER_ID,NAME,ADDRESS,WEBSITE) values ('AHTX-CusID-SO','Southern','1314 N Stoughton Rd, Madison, WI','http://www.southerncompany.com');
Insert into CUSTOMERS (CUSTOMER_ID,NAME,ADDRESS,WEBSITE) values ('AHCA-CusID-NEE','NextEra Energy','4715 Sprecher Rd, Madison, WI','http://www.nexteraenergy.com');
Insert into CUSTOMERS (CUSTOMER_ID,NAME,ADDRESS,WEBSITE) values ('AHNJ-CusID-NEE','NextEra Energy','4715 Sprecher Rd, Madison, WI','http://www.nexteraenergy.com');
Insert into CUSTOMERS (CUSTOMER_ID,NAME,ADDRESS,WEBSITE) values ('AHTX-CusID-NEE','NextEra Energy','4715 Sprecher Rd, Madison, WI','http://www.nexteraenergy.com');
Insert into CUSTOMERS (CUSTOMER_ID,NAME,ADDRESS,WEBSITE) values ('AHNJ-CusID-TMO','Thermo Fisher Scientific','6161 N 64Th St, Milwaukee, WI','http://www.thermofisher.com');
Insert into CUSTOMERS (CUSTOMER_ID,NAME,ADDRESS,WEBSITE) values ('AHTX-CusID-PCG','PG&E Corp.','8600 W National Ave, Milwaukee, WI','http://www.pge.com');
Insert into CUSTOMERS (CUSTOMER_ID,NAME,ADDRESS,WEBSITE) values ('AHTX-CusID-NGL','NGL Energy Partners','615 N Sherman Ave, Madison, WI','http://www.nglenergypartners.com');
Insert into CUSTOMERS (CUSTOMER_ID,NAME,ADDRESS,WEBSITE) values ('AHTX-CusID-BMY','Bristol-Myers Squibb','512 E Grand Ave, Beloit, WI','http://www.bms.com');
Insert into CUSTOMERS (CUSTOMER_ID,NAME,ADDRESS,WEBSITE) values ('AHTX-CusID-GT','Goodyear Tire & Rubber','600 N Broadway Fl 1, Milwaukee, WI','http://www.goodyear.com');
Insert into CUSTOMERS (CUSTOMER_ID,NAME,ADDRESS,WEBSITE) values ('AHCA-CusID-NUE','Nucor','5235 N Ironwood Ln, Milwaukee, WI','http://www.nucor.com');
Insert into CUSTOMERS (CUSTOMER_ID,NAME,ADDRESS,WEBSITE) values ('AHNJ-CusID-CAG','ConAgra Foods','122 E Dayton St, Madison, WI','http://www.conagrafoods.com');
Insert into CUSTOMERS (CUSTOMER_ID,NAME,ADDRESS,WEBSITE) values ('AHTX-CusID-SRE','Sempra Energy','633 S Hawley Rd, Milwaukee, WI','http://www.sempra.com');
Insert into CUSTOMERS (CUSTOMER_ID,NAME,ADDRESS,WEBSITE) values ('AHCA-CusID-GPS','Gap','2122 Campbell Rd, La Crosse, WI','http://www.gapinc.com');
Insert into CUSTOMERS (CUSTOMER_ID,NAME,ADDRESS,WEBSITE) values ('AHTX-CusID-BKR','Baker Hughes','3324 N Oakland Ave, Milwaukee, WI','http://www.bakerhughes.com');
Insert into CUSTOMERS (CUSTOMER_ID,NAME,ADDRESS,WEBSITE) values ('AHNJ-CusID-DLTR','Dollar Tree','1501 Lowry Ave N, Minneapolis, MN','http://www.dollartree.com');
Insert into CUSTOMERS (CUSTOMER_ID,NAME,ADDRESS,WEBSITE) values ('AHNJ-CusID-AZO','AutoZone','113 N 1St St, Minneapolis, MN','http://www.autozone.com');
Insert into CUSTOMERS (CUSTOMER_ID,NAME,ADDRESS,WEBSITE) values ('AHCA-CusID-AMZN','Whole Foods Market','4200 Yosemite Ave S, Minneapolis, MN','http://www.wholefoodsmarket.com');
Insert into CUSTOMERS (CUSTOMER_ID,NAME,ADDRESS,WEBSITE) values ('AHTX-CusID-PPG','PPG Industries','2800 Chicago Ave # 100, Minneapolis, MN','http://www.ppg.com');
Insert into CUSTOMERS (CUSTOMER_ID, NAME, ADDRESS, WEBSITE) values ('AHFL-CusID-RTX', 'Raytheon', '514 W Superior St, Kokomo, IN', 'http://www.raytheon.com');
Insert into CUSTOMERS (CUSTOMER_ID, NAME, ADDRESS, WEBSITE) values ('AHFL-CusID-PAGP', 'Plains GP Holdings', '2515 Bloyd Ave, Indianapolis, IN', 'http://www.plainsallamerican.com');
Insert into CUSTOMERS (CUSTOMER_ID, NAME, ADDRESS, WEBSITE) values ('AHFL-CusID-USFD', 'US Foods Holding', '8768 N State Rd 37, Bloomington, IN', 'http://www.usfoods.com');
Insert into CUSTOMERS (CUSTOMER_ID, NAME, ADDRESS, WEBSITE) values ('AHFL-CusID-ABBV', 'AbbVie', '6445 Bay Harbor Ln, Indianapolis, IN', 'http://www.abbvie.com');
Insert into CUSTOMERS (CUSTOMER_ID, NAME, ADDRESS, WEBSITE) values ('AHFL-CusID-CNC', 'Centene', '4019 W 3Rd St, Bloomington, IN', 'http://www.centene.com');
Insert into CUSTOMERS (CUSTOMER_ID, NAME, ADDRESS, WEBSITE) values ('AHFL-CusID-CYH', 'Community Health Systems', '1608 Portage Ave, South Bend, IN', 'http://www.chs.net');
Insert into CUSTOMERS (CUSTOMER_ID, NAME, ADDRESS, WEBSITE) values ('AHFL-CusID-AA', 'Alcoa', '23943 Us Highway 33, Elkhart, IN', 'http://www.alcoa.com');
Insert into CUSTOMERS (CUSTOMER_ID, NAME, ADDRESS, WEBSITE) values ('AHFL-CusID-MA', 'MasterCard', '660 Woodward Ave # 2290, Detroit, MI', 'http://www.mastercard.com');
Insert into CUSTOMERS (CUSTOMER_ID, NAME, ADDRESS, WEBSITE) values ('AHFL-CusID-EBAY', 'eBay', 'Via Del Disegno 194, Milano, ', 'http://www.ebay.com');
Insert into CUSTOMERS (CUSTOMER_ID, NAME, ADDRESS, WEBSITE) values ('AHFL-CusID-GME', 'GameStop', '1605 Bazigar Crt, Pune, ', 'http://www.gamestopcorp.com');
Insert into CUSTOMERS (CUSTOMER_ID, NAME, ADDRESS, WEBSITE) values ('AHFL-CusID-JNJ', 'Johnson & Johnson', '5640 Fishers Ln, Rockville, MD', 'http://www.jnj.com');
Insert into CUSTOMERS (CUSTOMER_ID, NAME, ADDRESS, WEBSITE) values ('AHFL-CusID-ORCL', 'Oracle', '701 Seneca St, Buffalo, NY', 'http://www.oracle.com');
Insert into CUSTOMERS (CUSTOMER_ID, NAME, ADDRESS, WEBSITE) values ('AHFL-CusID-INTC', 'Intel', '9435 Washington Blvd N # M, Laurel, MD', 'http://www.intel.com');
Insert into CUSTOMERS (CUSTOMER_ID, NAME, ADDRESS, WEBSITE) values ('AHFL-CusID-GS', 'Goldman Sachs Group', '23985 Bedford Rd N, Battle Creek, MI', 'http://www.gs.com');
Insert into CUSTOMERS (CUSTOMER_ID, NAME, ADDRESS, WEBSITE) values ('AHFL-CusID-MOS', 'Mosaic', '1606 Volunteers Blvd, Bangalore, Kar', 'http://www.mosaicco.com');
Insert into CUSTOMERS (CUSTOMER_ID, NAME, ADDRESS, WEBSITE) values ('AHFL-CusID-XEL', 'Xcel Energy', '1540 Stripes Crt, Baden-Daettwil, AG', 'http://www.xcelenergy.com');
Insert into CUSTOMERS (CUSTOMER_ID, NAME, ADDRESS, WEBSITE) values ('AHFL-CusID-RSG', 'Republic Services', 'Kreuzritterplatz 5, Baden-Daettwil, AG', 'http://www.republicservices.com');
Insert into CUSTOMERS (CUSTOMER_ID, NAME, ADDRESS, WEBSITE) values ('AHMA-CusID-RTX', 'Raytheon', '514 W Superior St, Kokomo, IN', 'http://www.raytheon.com');
Insert into CUSTOMERS (CUSTOMER_ID, NAME, ADDRESS, WEBSITE) values ('AHMA-CusID-PAGP', 'Plains GP Holdings', '2515 Bloyd Ave, Indianapolis, IN', 'http://www.plainsallamerican.com');
Insert into CUSTOMERS (CUSTOMER_ID, NAME, ADDRESS, WEBSITE) values ('AHMA-CusID-USFD', 'US Foods Holding', '8768 N State Rd 37, Bloomington, IN', 'http://www.usfoods.com');
Insert into CUSTOMERS (CUSTOMER_ID, NAME, ADDRESS, WEBSITE) values ('AHMA-CusID-ABBV', 'AbbVie', '6445 Bay Harbor Ln, Indianapolis, IN', 'http://www.abbvie.com');
Insert into CUSTOMERS (CUSTOMER_ID, NAME, ADDRESS, WEBSITE) values ('AHMA-CusID-CNC', 'Centene', '4019 W 3Rd St, Bloomington, IN', 'http://www.centene.com');
Insert into CUSTOMERS (CUSTOMER_ID, NAME, ADDRESS, WEBSITE) values ('AHMA-CusID-CYH', 'Community Health Systems', '1608 Portage Ave, South Bend, IN', 'http://www.chs.net');
Insert into CUSTOMERS (CUSTOMER_ID, NAME, ADDRESS, WEBSITE) values ('AHMA-CusID-AA', 'Alcoa', '23943 Us Highway 33, Elkhart, IN', 'http://www.alcoa.com');
Insert into CUSTOMERS (CUSTOMER_ID, NAME, ADDRESS, WEBSITE) values ('AHMA-CusID-IP', 'International Paper', '136 E Market St # 800, Indianapolis, IN', 'http://www.internationalpaper.com');
Insert into CUSTOMERS (CUSTOMER_ID, NAME, ADDRESS, WEBSITE) values ('AHMA-CusID-EMR', 'Emerson Electric', '1905 College St, South Bend, IN', 'http://www.emerson.com');
Insert into CUSTOMERS (CUSTOMER_ID, NAME, ADDRESS, WEBSITE) values ('AHMA-CusID-BAX', 'Baxter International', '810 Race St, Philadelphia, PA', 'http://www.baxter.com');
Insert into CUSTOMERS (CUSTOMER_ID, NAME, ADDRESS, WEBSITE) values ('AHMA-CusID-STRY', 'Stryker', '135 S 18Th St # 1, Philadelphia, PA', 'http://www.stryker.com');
Insert into CUSTOMERS (CUSTOMER_ID, NAME, ADDRESS, WEBSITE) values ('AHMA-CusID-AAP', 'Advance Auto Parts', '2674 Collingwood St, Detroit, MI', 'http://www.advanceautoparts.com');
Insert into CUSTOMERS (CUSTOMER_ID, NAME, ADDRESS, WEBSITE) values ('AHMA-CusID-MA', 'MasterCard', '660 Woodward Ave # 2290, Detroit, MI', 'http://www.mastercard.com');
Insert into CUSTOMERS (CUSTOMER_ID, NAME, ADDRESS, WEBSITE) values ('AHMA-CusID-EBAY', 'eBay', 'Via Del Disegno 194, Milano, ', 'http://www.ebay.com');
Insert into CUSTOMERS (CUSTOMER_ID, NAME, ADDRESS, WEBSITE) values ('AHMA-CusID-GME', 'GameStop', '1605 Bazigar Crt, Pune, ', 'http://www.gamestopcorp.com');
Insert into CUSTOMERS (CUSTOMER_ID, NAME, ADDRESS, WEBSITE) values ('AHMA-CusID-JNJ', 'Johnson & Johnson', '5640 Fishers Ln, Rockville, MD', 'http://www.jnj.com');

--Table contacts
Insert into CONTACTS (CONTACT_ID,FIRST_NAME,LAST_NAME,EMAIL,PHONE,CUSTOMER_ID) values ('CA001','Anthony','Rodriguez','anthony.rodriguez@raytheon.com','+1 535 551 6917','AHCA-CusID-RTX');
Insert into CONTACTS (CONTACT_ID,FIRST_NAME,LAST_NAME,EMAIL,PHONE,CUSTOMER_ID) values ('TX002','Matthew','Phillips','matthew.phillips@raytheon.com','+1 701 214 1806','AHTX-CusID-RTX');
Insert into CONTACTS (CONTACT_ID,FIRST_NAME,LAST_NAME,EMAIL,PHONE,CUSTOMER_ID) values ('CA003','Shameka','Wall','shameka.wall@plainsallamerican.com','+1 979 542 7814','AHCA-CusID-PAGP');
Insert into CONTACTS (CONTACT_ID,FIRST_NAME,LAST_NAME,EMAIL,PHONE,CUSTOMER_ID) values ('NJ004','Ryan','Walker','ryan.walker@plainsallamerican.com','+1 629 982 7540','AHNJ-CusID-PAGP');
Insert into CONTACTS (CONTACT_ID,FIRST_NAME,LAST_NAME,EMAIL,PHONE,CUSTOMER_ID) values ('TX005','Ryan','Campbell','ryan.campbell@plainsallamerican.com','+1 414 390 3235','AHTX-CusID-PAGP');
Insert into CONTACTS (CONTACT_ID,FIRST_NAME,LAST_NAME,EMAIL,PHONE,CUSTOMER_ID) values ('NJ006','Meenakshi','Wall','meenakshi.wall@usfoods.com','+1 284 257 0068','AHNJ-CusID-USFD');
Insert into CONTACTS (CONTACT_ID,FIRST_NAME,LAST_NAME,EMAIL,PHONE,CUSTOMER_ID) values ('CA008','Brock','Hernandez','brock.hernandez@abbvie.com','+1 561 946 3318','AHCA-CusID-ABBV');
Insert into CONTACTS (CONTACT_ID,FIRST_NAME,LAST_NAME,EMAIL,PHONE,CUSTOMER_ID) values ('NJ009','Shyla','Nelson','shyla.nelson@abbvie.com','+1 546 244 8348','AHNJ-CusID-ABBV');
Insert into CONTACTS (CONTACT_ID,FIRST_NAME,LAST_NAME,EMAIL,PHONE,CUSTOMER_ID) values ('TX010','Rebecca','Parker','rebecca.parker@abbvie.com','+1 338 584 7626','AHTX-CusID-ABBV');
Insert into CONTACTS (CONTACT_ID,FIRST_NAME,LAST_NAME,EMAIL,PHONE,CUSTOMER_ID) values ('CA012','Sharon','Sen','sharon.sen@centene.com','+1 346 590 3257','AHCA-CusID-CNC');
Insert into CONTACTS (CONTACT_ID,FIRST_NAME,LAST_NAME,EMAIL,PHONE,CUSTOMER_ID) values ('NJ013','Matthew','Nelson','matthew.nelson@centene.com','+1 423 722 5723','AHNJ-CusID-CNC');
Insert into CONTACTS (CONTACT_ID,FIRST_NAME,LAST_NAME,EMAIL,PHONE,CUSTOMER_ID) values ('CA015','Shameka','Roberts','shameka.roberts@chs.net','+1 912 690 1555','AHCA-CusID-CYH');
Insert into CONTACTS (CONTACT_ID,FIRST_NAME,LAST_NAME,EMAIL,PHONE,CUSTOMER_ID) values ('TX016','Flor','Turner','flor.turner@chs.net','+1 244 814 7338','AHTX-CusID-CYH');
Insert into CONTACTS (CONTACT_ID,FIRST_NAME,LAST_NAME,EMAIL,PHONE,CUSTOMER_ID) values ('CA018','Sharon','Mcconnell','sharon.mcconnell@alcoa.com','+1 402 804 7438','AHCA-CusID-AA');
Insert into CONTACTS (CONTACT_ID,FIRST_NAME,LAST_NAME,EMAIL,PHONE,CUSTOMER_ID) values ('TX019','Mark','Hurst','mark.hurst@alcoa.com','+1 631 798 6642','AHTX-CusID-AA');
Insert into CONTACTS (CONTACT_ID,FIRST_NAME,LAST_NAME,EMAIL,PHONE,CUSTOMER_ID) values ('CA021','Joseph','Scott','joseph.scott@internationalpaper.com','+1 634 813 5497','AHCA-CusID-IP');
Insert into CONTACTS (CONTACT_ID,FIRST_NAME,LAST_NAME,EMAIL,PHONE,CUSTOMER_ID) values ('NJ022','Robert','Evans','robert.evans@internationalpaper.com','+1 249 536 3097','AHNJ-CusID-IP');
Insert into CONTACTS (CONTACT_ID,FIRST_NAME,LAST_NAME,EMAIL,PHONE,CUSTOMER_ID) values ('TX023','Patricia','Roberts','patricia.roberts@internationalpaper.com','+1 634 744 7529','AHTX-CusID-IP');
Insert into CONTACTS (CONTACT_ID,FIRST_NAME,LAST_NAME,EMAIL,PHONE,CUSTOMER_ID) values ('NJ024','Rebecca','Martinez','rebecca.martinez@emerson.com','+1 610 312 7048','AHNJ-CusID-EMR');
Insert into CONTACTS (CONTACT_ID,FIRST_NAME,LAST_NAME,EMAIL,PHONE,CUSTOMER_ID) values ('TX025','Tennie','Dillard','tennie.dillard@emerson.com','+1 801 964 0828','AHTX-CusID-EMR');
Insert into CONTACTS (CONTACT_ID,FIRST_NAME,LAST_NAME,EMAIL,PHONE,CUSTOMER_ID) values ('NJ026','Audie','King','audie.king@aflac.com','+1 375 367 8257','AHNJ-CusID-AFL');
Insert into CONTACTS (CONTACT_ID,FIRST_NAME,LAST_NAME,EMAIL,PHONE,CUSTOMER_ID) values ('TX027','Laura','Mitchell','laura.mitchell@aflac.com','+1 462 620 7073','AHTX-CusID-AFL');
Insert into CONTACTS (CONTACT_ID,FIRST_NAME,LAST_NAME,EMAIL,PHONE,CUSTOMER_ID) values ('TX029','Charles','Moore','charles.moore@autonation.com','+1 337 374 6750','AHTX-CusID-AN');
Insert into CONTACTS (CONTACT_ID,FIRST_NAME,LAST_NAME,EMAIL,PHONE,CUSTOMER_ID) values ('TX030','Laura','Mcneil','laura.mcneil@progressive.com','+1 514 746 8825','AHTX-CusID-PGR');
Insert into CONTACTS (CONTACT_ID,FIRST_NAME,LAST_NAME,EMAIL,PHONE,CUSTOMER_ID) values ('TX032','Rogelio','Taylor','rogelio.taylor@abbott.com','+1 438 513 4823','AHTX-CusID-ABT');
Insert into CONTACTS (CONTACT_ID,FIRST_NAME,LAST_NAME,EMAIL,PHONE,CUSTOMER_ID) values ('CA033','Stephanie','Harris','stephanie.harris@dollargeneral.com','+1 294 496 2713','AHCA-CusID-DG');
Insert into CONTACTS (CONTACT_ID,FIRST_NAME,LAST_NAME,EMAIL,PHONE,CUSTOMER_ID) values ('NJ034','Paul','Morgan','paul.morgan@tenethealth.com','+1 585 808 7346','AHNJ-CusID-THC');
Insert into CONTACTS (CONTACT_ID,FIRST_NAME,LAST_NAME,EMAIL,PHONE,CUSTOMER_ID) values ('NJ035','Laura','Smith','laura.smith@lilly.com','+1 545 576 2414','AHNJ-CusID-LLY');
Insert into CONTACTS (CONTACT_ID,FIRST_NAME,LAST_NAME,EMAIL,PHONE,CUSTOMER_ID) values ('CA038','Paul','Thomas','paul.thomas@bd.com','+1 846 290 6216','AHCA-CusID-BDX');
Insert into CONTACTS (CONTACT_ID,FIRST_NAME,LAST_NAME,EMAIL,PHONE,CUSTOMER_ID) values ('CA039','Barbara','Stewart','barbara.stewart@facebook.com','+1 326 288 4183','AHCA-CusID-META');
Insert into CONTACTS (CONTACT_ID,FIRST_NAME,LAST_NAME,EMAIL,PHONE,CUSTOMER_ID) values ('CA040','Donald','Roberts','donald.roberts@jabil.com','+1 983 285 3183','AHCA-CusID-JBL');
Insert into CONTACTS (CONTACT_ID,FIRST_NAME,LAST_NAME,EMAIL,PHONE,CUSTOMER_ID) values ('TX041','Sandra','Hasan','sandra.hasan@jabil.com','+1 784 521 7201','AHTX-CusID-JBL');
Insert into CONTACTS (CONTACT_ID,FIRST_NAME,LAST_NAME,EMAIL,PHONE,CUSTOMER_ID) values ('CA043','Timothy','Lewis','timothy.lewis@centurylink.com','+1 748 830 3925','AHCA-CusID-LUMN');
Insert into CONTACTS (CONTACT_ID,FIRST_NAME,LAST_NAME,EMAIL,PHONE,CUSTOMER_ID) values ('TX044','Michael','Moore','michael.moore@centurylink.com','+1 607 930 5732','AHTX-CusID-LUMN');
Insert into CONTACTS (CONTACT_ID,FIRST_NAME,LAST_NAME,EMAIL,PHONE,CUSTOMER_ID) values ('CA046','Thomas','Moore','thomas.moore@supervalu.com','+1 502 374 6460','AHCA-CusID-SVU');
Insert into CONTACTS (CONTACT_ID,FIRST_NAME,LAST_NAME,EMAIL,PHONE,CUSTOMER_ID) values ('TX047','Sharon','Moore','sharon.moore@supervalu.com','+1 796 339 0827','AHTX-CusID-SVU');
Insert into CONTACTS (CONTACT_ID,FIRST_NAME,LAST_NAME,EMAIL,PHONE,CUSTOMER_ID) values ('CA049','Joseph','Hernandez','joseph.hernandez@generalmills.com','+1 982 721 3563','AHCA-CusID-GIS');
Insert into CONTACTS (CONTACT_ID,FIRST_NAME,LAST_NAME,EMAIL,PHONE,CUSTOMER_ID) values ('NJ050','Matthew','Cooke','matthew.cooke@generalmills.com','+1 463 710 3790','AHNJ-CusID-GIS');
Insert into CONTACTS (CONTACT_ID,FIRST_NAME,LAST_NAME,EMAIL,PHONE,CUSTOMER_ID) values ('TX051','Mark','Smith','mark.smith@generalmills.com','+1 763 908 1373','AHTX-CusID-GIS');
Insert into CONTACTS (CONTACT_ID,FIRST_NAME,LAST_NAME,EMAIL,PHONE,CUSTOMER_ID) values ('CA053','Ryan','Cooke','ryan.cooke@southerncompany.com','+1 905 926 5937','AHCA-CusID-SO');
Insert into CONTACTS (CONTACT_ID,FIRST_NAME,LAST_NAME,EMAIL,PHONE,CUSTOMER_ID) values ('NJ054','Susan','Evans','susan.evans@southerncompany.com','+1 709 896 0663','AHNJ-CusID-SO');
Insert into CONTACTS (CONTACT_ID,FIRST_NAME,LAST_NAME,EMAIL,PHONE,CUSTOMER_ID) values ('TX055','Jason','Johnson','jason.johnson@southerncompany.com','+1 678 706 8887','AHTX-CusID-SO');
Insert into CONTACTS (CONTACT_ID,FIRST_NAME,LAST_NAME,EMAIL,PHONE,CUSTOMER_ID) values ('CA057','Fransisca','Webb','fransisca.webb@nexteraenergy.com','+1 766 881 3282','AHCA-CusID-NEE');
Insert into CONTACTS (CONTACT_ID,FIRST_NAME,LAST_NAME,EMAIL,PHONE,CUSTOMER_ID) values ('NJ058','Charles','Smith','charles.smith@nexteraenergy.com','+1 374 841 8745','AHNJ-CusID-NEE');
Insert into CONTACTS (CONTACT_ID,FIRST_NAME,LAST_NAME,EMAIL,PHONE,CUSTOMER_ID) values ('TX059','Ryan','Martinez','ryan.martinez@nexteraenergy.com','+1 753 679 7223','AHTX-CusID-NEE');
Insert into CONTACTS (CONTACT_ID,FIRST_NAME,LAST_NAME,EMAIL,PHONE,CUSTOMER_ID) values ('NJ060','Matthew','Taylor','matthew.taylor@thermofisher.com','+1 257 815 3741','AHNJ-CusID-TMO');
Insert into CONTACTS (CONTACT_ID,FIRST_NAME,LAST_NAME,EMAIL,PHONE,CUSTOMER_ID) values ('TX062','Ryan','Martin','ryan.martin@pge.com','+1 772 215 4797','AHTX-CusID-PCG');
Insert into CONTACTS (CONTACT_ID,FIRST_NAME,LAST_NAME,EMAIL,PHONE,CUSTOMER_ID) values ('TX063','Kevin','Martinez','kevin.martinez@nglenergypartners.com','+1 311 649 9600','AHTX-CusID-NGL');
Insert into CONTACTS (CONTACT_ID,FIRST_NAME,LAST_NAME,EMAIL,PHONE,CUSTOMER_ID) values ('TX064','Laura','Clark','laura.clark@bms.com','+1 738 674 4954','AHTX-CusID-BMY');
Insert into CONTACTS (CONTACT_ID,FIRST_NAME,LAST_NAME,EMAIL,PHONE,CUSTOMER_ID) values ('TX065','Laura','Walker','laura.walker@goodyear.com','+1 377 359 4074','AHTX-CusID-GT');
Insert into CONTACTS (CONTACT_ID,FIRST_NAME,LAST_NAME,EMAIL,PHONE,CUSTOMER_ID) values ('CA066','Sharon','Higgins','sharon.higgins@nucor.com','+1 827 544 3599','AHCA-CusID-NUE');
Insert into CONTACTS (CONTACT_ID,FIRST_NAME,LAST_NAME,EMAIL,PHONE,CUSTOMER_ID) values ('NJ072','Timothy','Wade','timothy.wade@conagrafoods.com','+1 443 810 2032','AHNJ-CusID-CAG');
Insert into CONTACTS (CONTACT_ID,FIRST_NAME,LAST_NAME,EMAIL,PHONE,CUSTOMER_ID) values ('TX073','Charles','Nelson','charles.nelson@sempra.com','+1 661 910 0370','AHTX-CusID-SRE');
Insert into CONTACTS (CONTACT_ID,FIRST_NAME,LAST_NAME,EMAIL,PHONE,CUSTOMER_ID) values ('CA074','Linda','Martin','linda.martin@gapinc.com','+1 569 424 8373','AHCA-CusID-GPS');
Insert into CONTACTS (CONTACT_ID,FIRST_NAME,LAST_NAME,EMAIL,PHONE,CUSTOMER_ID) values ('TX075','Wallace','Mcmahon','wallace.mcmahon@bakerhughes.com','+1 640 640 9281','AHTX-CusID-BKR');
Insert into CONTACTS (CONTACT_ID,FIRST_NAME,LAST_NAME,EMAIL,PHONE,CUSTOMER_ID) values ('NJ077','David','Evans','david.evans@dollartree.com','+1 544 582 7331','AHNJ-CusID-DLTR');
Insert into CONTACTS (CONTACT_ID,FIRST_NAME,LAST_NAME,EMAIL,PHONE,CUSTOMER_ID) values ('NJ078','Jennifer','Rodriguez','jennifer.rodriguez@autozone.com','+1 686 999 6880','AHNJ-CusID-AZO');
Insert into CONTACTS (CONTACT_ID,FIRST_NAME,LAST_NAME,EMAIL,PHONE,CUSTOMER_ID) values ('CA079','Joseph','Hasan','joseph.hasan@wholefoodsmarket.com','+1 716 399 6415','AHCA-CusID-AMZN');
Insert into CONTACTS (CONTACT_ID,FIRST_NAME,LAST_NAME,EMAIL,PHONE,CUSTOMER_ID) values ('TX080','David','Collins','david.collins@ppg.com','+1 752 321 0907','AHTX-CusID-PPG');
Insert into CONTACTS (CONTACT_ID, FIRST_NAME, LAST_NAME, EMAIL, PHONE, CUSTOMER_ID) values ('MA081', 'Jeffrey', 'Garcia', 'jeffrey.garcia@internationalpaper.com', '+1 724 480 9084', 'AHMA-CusID-IP');
Insert into CONTACTS (CONTACT_ID, FIRST_NAME, LAST_NAME, EMAIL, PHONE, CUSTOMER_ID) values ('MA082', 'Adam', 'Robinson', 'adam.robinson@jnj.com', '+1 478 158 8896', 'AHMA-CusID-JNJ');
Insert into CONTACTS (CONTACT_ID, FIRST_NAME, LAST_NAME, EMAIL, PHONE, CUSTOMER_ID) values ('MA083', 'Amber', 'Anderson', 'amber.anderson@abbvie.com', '+1 453 644 1910', 'AHMA-CusID-ABBV');
Insert into CONTACTS (CONTACT_ID, FIRST_NAME, LAST_NAME, EMAIL, PHONE, CUSTOMER_ID) values ('MA084', 'Brian', 'Davis', 'brian.davis@stryker.com', '+1 643 922 2394', 'AHMA-CusID-STRY');
Insert into CONTACTS (CONTACT_ID, FIRST_NAME, LAST_NAME, EMAIL, PHONE, CUSTOMER_ID) values ('FL085', 'Jonathan', 'Wilson', 'jonathan.wilson@plainsallamerican.com', '+1 857 833 8592', 'AHFL-CusID-PAGP');
Insert into CONTACTS (CONTACT_ID, FIRST_NAME, LAST_NAME, EMAIL, PHONE, CUSTOMER_ID) values ('MA086', 'Jennifer', 'Perez', 'jennifer.perez@advanceautoparts.com', '+1 841 657 5598', 'AHMA-CusID-AAP');
Insert into CONTACTS (CONTACT_ID, FIRST_NAME, LAST_NAME, EMAIL, PHONE, CUSTOMER_ID) values ('FL087', 'Eric', 'Miller', 'eric.miller@gamestopcorp.com', '+1 950 693 4813', 'AHFL-CusID-GME');
Insert into CONTACTS (CONTACT_ID, FIRST_NAME, LAST_NAME, EMAIL, PHONE, CUSTOMER_ID) values ('FL088', 'David', 'Turner', 'david.turner@republicservices.com', '+1 296 879 7366', 'AHFL-CusID-RSG');
Insert into CONTACTS (CONTACT_ID, FIRST_NAME, LAST_NAME, EMAIL, PHONE, CUSTOMER_ID) values ('FL089', 'Richard', 'Miller', 'richard.miller@raytheon.com', '+1 418 669 2203', 'AHFL-CusID-RTX');
Insert into CONTACTS (CONTACT_ID, FIRST_NAME, LAST_NAME, EMAIL, PHONE, CUSTOMER_ID) values ('MA090', 'Amanda', 'Jackson', 'amanda.jackson@chs.net', '+1 798 649 4360', 'AHMA-CusID-CYH');
Insert into CONTACTS (CONTACT_ID, FIRST_NAME, LAST_NAME, EMAIL, PHONE, CUSTOMER_ID) values ('FL091', 'Christopher', 'Jones', 'christopher.jones@ebay.com', '+1 868 887 3645', 'AHFL-CusID-EBAY');
Insert into CONTACTS (CONTACT_ID, FIRST_NAME, LAST_NAME, EMAIL, PHONE, CUSTOMER_ID) values ('MA092', 'Ryan', 'Wilson', 'ryan.wilson@baxter.com', '+1 546 237 5986', 'AHMA-CusID-BAX');
Insert into CONTACTS (CONTACT_ID, FIRST_NAME, LAST_NAME, EMAIL, PHONE, CUSTOMER_ID) values ('FL093', 'Ashley', 'Hernandez', 'ashley.hernandez@usfoods.com', '+1 919 197 8262', 'AHFL-CusID-USFD');
Insert into CONTACTS (CONTACT_ID, FIRST_NAME, LAST_NAME, EMAIL, PHONE, CUSTOMER_ID) values ('MA094', 'Heather', 'King', 'heather.king@plainsallamerican.com', '+1 304 402 4080', 'AHMA-CusID-PAGP');
Insert into CONTACTS (CONTACT_ID, FIRST_NAME, LAST_NAME, EMAIL, PHONE, CUSTOMER_ID) values ('MA095', 'Jeffrey', 'Perez', 'jeffrey.perez@mastercard.com', '+1 730 465 6230', 'AHMA-CusID-MA');
Insert into CONTACTS (CONTACT_ID, FIRST_NAME, LAST_NAME, EMAIL, PHONE, CUSTOMER_ID) values ('FL096', 'Danielle', 'Taylor', 'danielle.taylor@chs.net', '+1 457 310 7767', 'AHFL-CusID-CYH');
Insert into CONTACTS (CONTACT_ID, FIRST_NAME, LAST_NAME, EMAIL, PHONE, CUSTOMER_ID) values ('FL097', 'Michelle', 'Wright', 'michelle.wright@jnj.com', '+1 498 385 3302', 'AHFL-CusID-JNJ');
Insert into CONTACTS (CONTACT_ID, FIRST_NAME, LAST_NAME, EMAIL, PHONE, CUSTOMER_ID) values ('FL098', 'Amanda', 'Hernandez', 'amanda.hernandez@abbvie.com', '+1 565 928 9409', 'AHFL-CusID-ABBV');
Insert into CONTACTS (CONTACT_ID, FIRST_NAME, LAST_NAME, EMAIL, PHONE, CUSTOMER_ID) values ('MA099', 'Laura', 'Roberts', 'laura.roberts@usfoods.com', '+1 380 892 5366', 'AHMA-CusID-USFD');
Insert into CONTACTS (CONTACT_ID, FIRST_NAME, LAST_NAME, EMAIL, PHONE, CUSTOMER_ID) values ('FL100', 'Elizabeth', 'Parker', 'elizabeth.parker@intel.com', '+1 569 346 7265', 'AHFL-CusID-INTC');
Insert into CONTACTS (CONTACT_ID, FIRST_NAME, LAST_NAME, EMAIL, PHONE, CUSTOMER_ID) values ('FL101', 'Kyle', 'Taylor', 'kyle.taylor@xcelenergy.com', '+1 830 763 6387', 'AHFL-CusID-XEL');
Insert into CONTACTS (CONTACT_ID, FIRST_NAME, LAST_NAME, EMAIL, PHONE, CUSTOMER_ID) values ('MA102', 'Brittany', 'Rodriguez', 'brittany.rodriguez@emerson.com', '+1 324 388 2179', 'AHMA-CusID-EMR');
Insert into CONTACTS (CONTACT_ID, FIRST_NAME, LAST_NAME, EMAIL, PHONE, CUSTOMER_ID) values ('FL103', 'Michelle', 'White', 'michelle.white@alcoa.com', '+1 976 398 7207', 'AHFL-CusID-AA');
Insert into CONTACTS (CONTACT_ID, FIRST_NAME, LAST_NAME, EMAIL, PHONE, CUSTOMER_ID) values ('FL104', 'Christina', 'Brown', 'christina.brown@mastercard.com', '+1 286 760 6692', 'AHFL-CusID-MA');
Insert into CONTACTS (CONTACT_ID, FIRST_NAME, LAST_NAME, EMAIL, PHONE, CUSTOMER_ID) values ('FL105', 'Brittany', 'Miller', 'brittany.miller@centene.com', '+1 953 957 7015', 'AHFL-CusID-CNC');
Insert into CONTACTS (CONTACT_ID, FIRST_NAME, LAST_NAME, EMAIL, PHONE, CUSTOMER_ID) values ('FL106', 'Adam', 'Allen', 'adam.allen@mosaicco.com', '+1 803 788 2649', 'AHFL-CusID-MOS');
Insert into CONTACTS (CONTACT_ID, FIRST_NAME, LAST_NAME, EMAIL, PHONE, CUSTOMER_ID) values ('MA107', 'Jason', 'Williams', 'jason.williams@alcoa.com', '+1 389 380 8540', 'AHMA-CusID-AA');
Insert into CONTACTS (CONTACT_ID, FIRST_NAME, LAST_NAME, EMAIL, PHONE, CUSTOMER_ID) values ('FL108', 'Elizabeth', 'Allen', 'elizabeth.allen@oracle.com', '+1 350 107 1203', 'AHFL-CusID-ORCL');
Insert into CONTACTS (CONTACT_ID, FIRST_NAME, LAST_NAME, EMAIL, PHONE, CUSTOMER_ID) values ('MA109', 'Kyle', 'Robinson', 'kyle.robinson@raytheon.com', '+1 917 933 4594', 'AHMA-CusID-RTX');
Insert into CONTACTS (CONTACT_ID, FIRST_NAME, LAST_NAME, EMAIL, PHONE, CUSTOMER_ID) values ('MA110', 'Daniel', 'Sanchez', 'daniel.sanchez@centene.com', '+1 550 355 5356', 'AHMA-CusID-CNC');
Insert into CONTACTS (CONTACT_ID, FIRST_NAME, LAST_NAME, EMAIL, PHONE, CUSTOMER_ID) values ('MA111', 'David', 'Thompson', 'david.thompson@gamestopcorp.com', '+1 761 375 7748', 'AHMA-CusID-GME');
Insert into CONTACTS (CONTACT_ID, FIRST_NAME, LAST_NAME, EMAIL, PHONE, CUSTOMER_ID) values ('MA112', 'Crystal', 'Perez', 'crystal.perez@ebay.com', '+1 524 772 9748', 'AHMA-CusID-EBAY');
Insert into CONTACTS (CONTACT_ID, FIRST_NAME, LAST_NAME, EMAIL, PHONE, CUSTOMER_ID) values ('FL113', 'Thomas', 'Roberts', 'thomas.roberts@gs.com', '+1 267 888 9956', 'AHFL-CusID-GS');
--Table orders

INSERT INTO ORDERS (ORDER_ID,CUSTOMER_ID,STATUS,SALESMAN_ID,ORDER_DATE) VALUES ('TX-2015-00001','AHTX-CusID-CYH','Shipped','AHTX07','2015-04-09');
INSERT INTO ORDERS (ORDER_ID,CUSTOMER_ID,STATUS,SALESMAN_ID,ORDER_DATE) VALUES ('TX-2015-00002','AHTX-CusID-NGL','Canceled','AHTX07','2015-05-31');
INSERT INTO ORDERS (ORDER_ID,CUSTOMER_ID,STATUS,SALESMAN_ID,ORDER_DATE) VALUES ('TX-2015-00003','AHTX-CusID-PPG','Shipped','AHTX06','2015-06-29');
INSERT INTO ORDERS (ORDER_ID,CUSTOMER_ID,STATUS,SALESMAN_ID,ORDER_DATE) VALUES ('TX-2015-00004','AHTX-CusID-IP','Pending','AHTX07','2015-10-28');
INSERT INTO ORDERS (ORDER_ID,CUSTOMER_ID,STATUS,SALESMAN_ID,ORDER_DATE) VALUES ('TX-2015-00005','AHTX-CusID-JBL','Shipped','AHTX06','2015-10-28');
INSERT INTO ORDERS (ORDER_ID,CUSTOMER_ID,STATUS,SALESMAN_ID,ORDER_DATE) VALUES ('TX-2016-00001','AHTX-CusID-AN','Pending','AHTX06','2016-02-08');
INSERT INTO ORDERS (ORDER_ID,CUSTOMER_ID,STATUS,SALESMAN_ID,ORDER_DATE) VALUES ('TX-2016-00002','AHTX-CusID-GIS','Shipped','AHTX08','2016-02-17');
INSERT INTO ORDERS (ORDER_ID,CUSTOMER_ID,STATUS,SALESMAN_ID,ORDER_DATE) VALUES ('TX-2016-00003','AHTX-CusID-SO','Shipped','AHTX08','2016-02-17');
INSERT INTO ORDERS (ORDER_ID,CUSTOMER_ID,STATUS,SALESMAN_ID,ORDER_DATE) VALUES ('TX-2016-00004','AHTX-CusID-ABT','Shipped','AHTX08','2016-05-27');
INSERT INTO ORDERS (ORDER_ID,CUSTOMER_ID,STATUS,SALESMAN_ID,ORDER_DATE) VALUES ('TX-2016-00005','AHTX-CusID-PAGP','Shipped','AHTX08','2016-06-30');
INSERT INTO ORDERS (ORDER_ID,CUSTOMER_ID,STATUS,SALESMAN_ID,ORDER_DATE) VALUES ('TX-2016-00006','AHTX-CusID-PGR','Shipped','AHTX06','2016-08-16');
INSERT INTO ORDERS (ORDER_ID,CUSTOMER_ID,STATUS,SALESMAN_ID,ORDER_DATE) VALUES ('TX-2016-00007','AHTX-CusID-LUMN','Shipped','AHTX08','2016-09-19');
INSERT INTO ORDERS (ORDER_ID,CUSTOMER_ID,STATUS,SALESMAN_ID,ORDER_DATE) VALUES ('TX-2016-00008','AHTX-CusID-BKR','Shipped','AHTX06','2016-09-29');
INSERT INTO ORDERS (ORDER_ID,CUSTOMER_ID,STATUS,SALESMAN_ID,ORDER_DATE) VALUES ('TX-2016-00009','AHTX-CusID-SRE','Shipped','AHTX07','2016-10-02');
INSERT INTO ORDERS (ORDER_ID,CUSTOMER_ID,STATUS,SALESMAN_ID,ORDER_DATE) VALUES ('TX-2016-00010','AHTX-CusID-BMY','Shipped','AHTX06','2016-10-22');
INSERT INTO ORDERS (ORDER_ID,CUSTOMER_ID,STATUS,SALESMAN_ID,ORDER_DATE) VALUES ('TX-2016-00011','AHTX-CusID-AN','Shipped','AHTX06','2016-10-27');
INSERT INTO ORDERS (ORDER_ID,CUSTOMER_ID,STATUS,SALESMAN_ID,ORDER_DATE) VALUES ('TX-2016-00012','AHTX-CusID-EMR','Pending','AHTX08','2016-10-28');
INSERT INTO ORDERS (ORDER_ID,CUSTOMER_ID,STATUS,SALESMAN_ID,ORDER_DATE) VALUES ('TX-2016-00013','AHTX-CusID-RTX','Pending','AHTX07','2016-11-17');
INSERT INTO ORDERS (ORDER_ID,CUSTOMER_ID,STATUS,SALESMAN_ID,ORDER_DATE) VALUES ('TX-2016-00014','AHTX-CusID-LUMN','Shipped','AHTX07','2016-12-20');
INSERT INTO ORDERS (ORDER_ID,CUSTOMER_ID,STATUS,SALESMAN_ID,ORDER_DATE) VALUES ('TX-2017-00001','AHTX-CusID-NEE','Shipped','AHTX08','2017-02-10');
INSERT INTO ORDERS (ORDER_ID,CUSTOMER_ID,STATUS,SALESMAN_ID,ORDER_DATE) VALUES ('TX-2017-00002','AHTX-CusID-AFL','Shipped','AHTX06','2017-02-10');
INSERT INTO ORDERS (ORDER_ID,CUSTOMER_ID,STATUS,SALESMAN_ID,ORDER_DATE) VALUES ('TX-2017-00003','AHTX-CusID-AN','Shipped','AHTX07','2017-02-10');
INSERT INTO ORDERS (ORDER_ID,CUSTOMER_ID,STATUS,SALESMAN_ID,ORDER_DATE) VALUES ('TX-2017-00004','AHTX-CusID-IP','Shipped','AHTX06','2017-02-14');
INSERT INTO ORDERS (ORDER_ID,CUSTOMER_ID,STATUS,SALESMAN_ID,ORDER_DATE) VALUES ('TX-2017-00005','AHTX-CusID-EMR','Shipped','AHTX08','2017-02-14');
INSERT INTO ORDERS (ORDER_ID,CUSTOMER_ID,STATUS,SALESMAN_ID,ORDER_DATE) VALUES ('TX-2017-00006','AHTX-CusID-AA','Shipped','AHTX08','2017-02-15');
INSERT INTO ORDERS (ORDER_ID,CUSTOMER_ID,STATUS,SALESMAN_ID,ORDER_DATE) VALUES ('TX-2017-00007','AHTX-CusID-PCG','Shipped','AHTX07','2017-02-19');
INSERT INTO ORDERS (ORDER_ID,CUSTOMER_ID,STATUS,SALESMAN_ID,ORDER_DATE) VALUES ('TX-2017-00008','AHTX-CusID-LUMN','Canceled','AHTX07','2017-02-21');
INSERT INTO ORDERS (ORDER_ID,CUSTOMER_ID,STATUS,SALESMAN_ID,ORDER_DATE) VALUES ('TX-2017-00009','AHTX-CusID-SVU','Shipped','AHTX07','2017-02-21');
INSERT INTO ORDERS (ORDER_ID,CUSTOMER_ID,STATUS,SALESMAN_ID,ORDER_DATE) VALUES ('TX-2017-00010','AHTX-CusID-GIS','Shipped','AHTX06','2017-03-09');
INSERT INTO ORDERS (ORDER_ID,CUSTOMER_ID,STATUS,SALESMAN_ID,ORDER_DATE) VALUES ('TX-2017-00011','AHTX-CusID-GT','Shipped','AHTX06','2017-05-11');
INSERT INTO ORDERS (ORDER_ID,CUSTOMER_ID,STATUS,SALESMAN_ID,ORDER_DATE) VALUES ('TX-2017-00012','AHTX-CusID-EMR','Shipped','AHTX08','2017-05-11');
INSERT INTO ORDERS (ORDER_ID,CUSTOMER_ID,STATUS,SALESMAN_ID,ORDER_DATE) VALUES ('TX-2017-00013','AHTX-CusID-RTX','Shipped','AHTX06','2017-06-30');
INSERT INTO ORDERS (ORDER_ID,CUSTOMER_ID,STATUS,SALESMAN_ID,ORDER_DATE) VALUES ('TX-2017-00014','AHTX-CusID-SVU','Canceled','AHTX08','2017-08-12');
INSERT INTO ORDERS (ORDER_ID,CUSTOMER_ID,STATUS,SALESMAN_ID,ORDER_DATE) VALUES ('TX-2017-00015','AHTX-CusID-AN','Shipped','AHTX07','2017-09-27');
INSERT INTO ORDERS (ORDER_ID,CUSTOMER_ID,STATUS,SALESMAN_ID,ORDER_DATE) VALUES ('TX-2017-00016','AHTX-CusID-ABBV','Pending','AHTX06','2017-10-15');
INSERT INTO ORDERS (ORDER_ID,CUSTOMER_ID,STATUS,SALESMAN_ID,ORDER_DATE) VALUES ('TX-2017-00017','AHTX-CusID-RTX','Shipped','AHTX06','2017-10-27');
INSERT INTO ORDERS (ORDER_ID,CUSTOMER_ID,STATUS,SALESMAN_ID,ORDER_DATE) VALUES ('CA-2013-00001','AHCA-CusID-CYH','Shipped','AHCA06','2013-06-21');
INSERT INTO ORDERS (ORDER_ID,CUSTOMER_ID,STATUS,SALESMAN_ID,ORDER_DATE) VALUES ('CA-2015-00001','AHCA-CusID-ABBV','Shipped','AHCA07','2015-04-26');
INSERT INTO ORDERS (ORDER_ID,CUSTOMER_ID,STATUS,SALESMAN_ID,ORDER_DATE) VALUES ('CA-2015-00002','AHCA-CusID-GIS','Shipped','AHCA07','2015-05-02');
INSERT INTO ORDERS (ORDER_ID,CUSTOMER_ID,STATUS,SALESMAN_ID,ORDER_DATE) VALUES ('CA-2015-00003','AHCA-CusID-NUE','Canceled','AHCA06','2015-05-03');
INSERT INTO ORDERS (ORDER_ID,CUSTOMER_ID,STATUS,SALESMAN_ID,ORDER_DATE) VALUES ('CA-2015-00004','AHCA-CusID-PAGP','Pending','AHCA08','2015-12-14');
INSERT INTO ORDERS (ORDER_ID,CUSTOMER_ID,STATUS,SALESMAN_ID,ORDER_DATE) VALUES ('CA-2016-00001','AHCA-CusID-IP','Canceled','AHCA08','2016-06-14');
INSERT INTO ORDERS (ORDER_ID,CUSTOMER_ID,STATUS,SALESMAN_ID,ORDER_DATE) VALUES ('CA-2016-00002','AHCA-CusID-AA','Canceled','AHCA07','2016-06-21');
INSERT INTO ORDERS (ORDER_ID,CUSTOMER_ID,STATUS,SALESMAN_ID,ORDER_DATE) VALUES ('CA-2016-00003','AHCA-CusID-META','Canceled','AHCA06','2016-08-16');
INSERT INTO ORDERS (ORDER_ID,CUSTOMER_ID,STATUS,SALESMAN_ID,ORDER_DATE) VALUES ('CA-2016-00004','AHCA-CusID-BDX','Shipped','AHCA07','2016-08-24');
INSERT INTO ORDERS (ORDER_ID,CUSTOMER_ID,STATUS,SALESMAN_ID,ORDER_DATE) VALUES ('CA-2016-00005','AHCA-CusID-AMZN','Shipped','AHCA08','2016-08-24');
INSERT INTO ORDERS (ORDER_ID,CUSTOMER_ID,STATUS,SALESMAN_ID,ORDER_DATE) VALUES ('CA-2016-00006','AHCA-CusID-SVU','Shipped','AHCA06','2016-09-14');
INSERT INTO ORDERS (ORDER_ID,CUSTOMER_ID,STATUS,SALESMAN_ID,ORDER_DATE) VALUES ('CA-2016-00007','AHCA-CusID-SO','Shipped','AHCA08','2016-09-29');
INSERT INTO ORDERS (ORDER_ID,CUSTOMER_ID,STATUS,SALESMAN_ID,ORDER_DATE) VALUES ('CA-2016-00008','AHCA-CusID-GPS','Shipped','AHCA07','2016-10-02');
INSERT INTO ORDERS (ORDER_ID,CUSTOMER_ID,STATUS,SALESMAN_ID,ORDER_DATE) VALUES ('CA-2016-00009','AHCA-CusID-NEE','Shipped','AHCA07','2016-12-13');
INSERT INTO ORDERS (ORDER_ID,CUSTOMER_ID,STATUS,SALESMAN_ID,ORDER_DATE) VALUES ('CA-2016-00010','AHCA-CusID-PAGP','Shipped','AHCA08','2016-12-14');
INSERT INTO ORDERS (ORDER_ID,CUSTOMER_ID,STATUS,SALESMAN_ID,ORDER_DATE) VALUES ('CA-2017-00001','AHCA-CusID-RTX','Shipped','AHCA06','2017-01-02');
INSERT INTO ORDERS (ORDER_ID,CUSTOMER_ID,STATUS,SALESMAN_ID,ORDER_DATE) VALUES ('CA-2017-00002','AHCA-CusID-JBL','Pending','AHCA06','2017-01-24');
INSERT INTO ORDERS (ORDER_ID,CUSTOMER_ID,STATUS,SALESMAN_ID,ORDER_DATE) VALUES ('CA-2017-00003','AHCA-CusID-JBL','Canceled','AHCA06','2017-03-17');
INSERT INTO ORDERS (ORDER_ID,CUSTOMER_ID,STATUS,SALESMAN_ID,ORDER_DATE) VALUES ('CA-2017-00004','AHCA-CusID-SO','Shipped','AHCA07','2017-03-18');
INSERT INTO ORDERS (ORDER_ID,CUSTOMER_ID,STATUS,SALESMAN_ID,ORDER_DATE) VALUES ('CA-2017-00005','AHCA-CusID-CNC','Canceled','AHCA06','2017-04-09');
INSERT INTO ORDERS (ORDER_ID,CUSTOMER_ID,STATUS,SALESMAN_ID,ORDER_DATE) VALUES ('CA-2017-00006','AHCA-CusID-DG','Shipped','AHCA06','2017-05-27');
INSERT INTO ORDERS (ORDER_ID,CUSTOMER_ID,STATUS,SALESMAN_ID,ORDER_DATE) VALUES ('CA-2017-00007','AHCA-CusID-LUMN','Shipped','AHCA08','2017-08-12');
INSERT INTO ORDERS (ORDER_ID,CUSTOMER_ID,STATUS,SALESMAN_ID,ORDER_DATE) VALUES ('CA-2017-00008','AHCA-CusID-JBL','Shipped','AHCA07','2017-08-14');
INSERT INTO ORDERS (ORDER_ID,CUSTOMER_ID,STATUS,SALESMAN_ID,ORDER_DATE) VALUES ('CA-2017-00009','AHCA-CusID-CYH','Canceled','AHCA08','2017-08-15');
INSERT INTO ORDERS (ORDER_ID,CUSTOMER_ID,STATUS,SALESMAN_ID,ORDER_DATE) VALUES ('NJ-2015-00001','AHNJ-CusID-IP','Shipped','AHNJ08','2015-04-09');
INSERT INTO ORDERS (ORDER_ID,CUSTOMER_ID,STATUS,SALESMAN_ID,ORDER_DATE) VALUES ('NJ-2016-00001','AHNJ-CusID-LLY','Canceled','AHNJ06','2016-05-26');
INSERT INTO ORDERS (ORDER_ID,CUSTOMER_ID,STATUS,SALESMAN_ID,ORDER_DATE) VALUES ('NJ-2016-00002','AHNJ-CusID-NEE','Shipped','AHNJ08','2016-06-12');
INSERT INTO ORDERS (ORDER_ID,CUSTOMER_ID,STATUS,SALESMAN_ID,ORDER_DATE) VALUES ('NJ-2016-00003','AHNJ-CusID-EMR','Pending','AHNJ08','2016-06-13');
INSERT INTO ORDERS (ORDER_ID,CUSTOMER_ID,STATUS,SALESMAN_ID,ORDER_DATE) VALUES ('NJ-2016-00004','AHNJ-CusID-GIS','Canceled','AHNJ08','2016-07-12');
INSERT INTO ORDERS (ORDER_ID,CUSTOMER_ID,STATUS,SALESMAN_ID,ORDER_DATE) VALUES ('NJ-2016-00005','AHNJ-CusID-TMO','Shipped','AHNJ06','2016-09-05');
INSERT INTO ORDERS (ORDER_ID,CUSTOMER_ID,STATUS,SALESMAN_ID,ORDER_DATE) VALUES ('NJ-2016-00006','AHNJ-CusID-AFL','Pending','AHNJ06','2016-09-27');
INSERT INTO ORDERS (ORDER_ID,CUSTOMER_ID,STATUS,SALESMAN_ID,ORDER_DATE) VALUES ('NJ-2016-00007','AHNJ-CusID-DLTR','Canceled','AHNJ06','2016-09-29');
INSERT INTO ORDERS (ORDER_ID,CUSTOMER_ID,STATUS,SALESMAN_ID,ORDER_DATE) VALUES ('NJ-2016-00008','AHNJ-CusID-CAG','Pending','AHNJ08','2016-10-02');
INSERT INTO ORDERS (ORDER_ID,CUSTOMER_ID,STATUS,SALESMAN_ID,ORDER_DATE) VALUES ('NJ-2016-00009','AHNJ-CusID-CNC','Pending','AHNJ06','2016-11-30');
INSERT INTO ORDERS (ORDER_ID,CUSTOMER_ID,STATUS,SALESMAN_ID,ORDER_DATE) VALUES ('NJ-2016-00010','AHNJ-CusID-ABBV','Pending','AHNJ08','2016-12-01');
INSERT INTO ORDERS (ORDER_ID,CUSTOMER_ID,STATUS,SALESMAN_ID,ORDER_DATE) VALUES ('NJ-2016-00011','AHNJ-CusID-USFD','Shipped','AHNJ08','2016-12-13');
INSERT INTO ORDERS (ORDER_ID,CUSTOMER_ID,STATUS,SALESMAN_ID,ORDER_DATE) VALUES ('NJ-2017-00001','AHNJ-CusID-NEE','Shipped','AHNJ06','2017-01-07');
INSERT INTO ORDERS (ORDER_ID,CUSTOMER_ID,STATUS,SALESMAN_ID,ORDER_DATE) VALUES ('NJ-2017-00002','AHNJ-CusID-PAGP','Pending','AHNJ08','2017-02-20');
INSERT INTO ORDERS (ORDER_ID,CUSTOMER_ID,STATUS,SALESMAN_ID,ORDER_DATE) VALUES ('NJ-2017-00003','AHNJ-CusID-SO','Shipped','AHNJ07','2017-03-07');
INSERT INTO ORDERS (ORDER_ID,CUSTOMER_ID,STATUS,SALESMAN_ID,ORDER_DATE) VALUES ('NJ-2017-00004','AHNJ-CusID-CNC','Shipped','AHNJ07','2017-04-26');
INSERT INTO ORDERS (ORDER_ID,CUSTOMER_ID,STATUS,SALESMAN_ID,ORDER_DATE) VALUES ('NJ-2017-00005','AHNJ-CusID-THC','Pending','AHNJ07','2017-05-27');
INSERT INTO ORDERS (ORDER_ID,CUSTOMER_ID,STATUS,SALESMAN_ID,ORDER_DATE) VALUES ('NJ-2017-00006','AHNJ-CusID-AZO','Shipped','AHNJ08','2017-08-24');
INSERT INTO ORDERS (ORDER_ID,CUSTOMER_ID,STATUS,SALESMAN_ID,ORDER_DATE) VALUES ('NJ-2017-00007','AHNJ-CusID-NEE','Shipped','AHNJ07','2017-09-27');
INSERT INTO ORDERS (ORDER_ID, CUSTOMER_ID, STATUS, SALESMAN_ID, ORDER_DATE) VALUES ('FL-2015-00001', 'AHFL-CusID-ABBV', 'Shipped', 'AHFL07', '2015-03-10');
INSERT INTO ORDERS (ORDER_ID, CUSTOMER_ID, STATUS, SALESMAN_ID, ORDER_DATE) VALUES ('FL-2015-00002', 'AHFL-CusID-XEL', 'Shipped', 'AHFL06', '2015-05-17');
INSERT INTO ORDERS (ORDER_ID, CUSTOMER_ID, STATUS, SALESMAN_ID, ORDER_DATE) VALUES ('FL-2015-00003', 'AHFL-CusID-CNC', 'Shipped', 'AHFL06', '2015-05-18');
INSERT INTO ORDERS (ORDER_ID, CUSTOMER_ID, STATUS, SALESMAN_ID, ORDER_DATE) VALUES ('FL-2015-00004', 'AHFL-CusID-EBAY', 'Pending', 'AHFL08', '2015-05-27');
INSERT INTO ORDERS (ORDER_ID, CUSTOMER_ID, STATUS, SALESMAN_ID, ORDER_DATE) VALUES ('FL-2015-00005', 'AHFL-CusID-ABBV', 'Shipped', 'AHFL08', '2015-10-09');
INSERT INTO ORDERS (ORDER_ID, CUSTOMER_ID, STATUS, SALESMAN_ID, ORDER_DATE) VALUES ('FL-2015-00006', 'AHFL-CusID-INTC', 'Shipped', 'AHFL06', '2015-10-16');
INSERT INTO ORDERS (ORDER_ID, CUSTOMER_ID, STATUS, SALESMAN_ID, ORDER_DATE) VALUES ('FL-2015-00007', 'AHFL-CusID-GME', 'Shipped', 'AHFL08', '2015-11-30');
INSERT INTO ORDERS (ORDER_ID, CUSTOMER_ID, STATUS, SALESMAN_ID, ORDER_DATE) VALUES ('FL-2015-00008', 'AHFL-CusID-GME', 'Shipped', 'AHFL08', '2015-12-16');
INSERT INTO ORDERS (ORDER_ID, CUSTOMER_ID, STATUS, SALESMAN_ID, ORDER_DATE) VALUES ('FL-2015-00009', 'AHFL-CusID-CNC', 'Shipped', 'AHFL08', '2015-12-27');
INSERT INTO ORDERS (ORDER_ID, CUSTOMER_ID, STATUS, SALESMAN_ID, ORDER_DATE) VALUES ('FL-2016-00001', 'AHFL-CusID-MOS', 'Shipped', 'AHFL07', '2016-01-16');
INSERT INTO ORDERS (ORDER_ID, CUSTOMER_ID, STATUS, SALESMAN_ID, ORDER_DATE) VALUES ('FL-2016-00002', 'AHFL-CusID-MOS', 'Shipped', 'AHFL07', '2016-02-02');
INSERT INTO ORDERS (ORDER_ID, CUSTOMER_ID, STATUS, SALESMAN_ID, ORDER_DATE) VALUES ('FL-2016-00003', 'AHFL-CusID-AA', 'Shipped', 'AHFL07', '2016-02-15');
INSERT INTO ORDERS (ORDER_ID, CUSTOMER_ID, STATUS, SALESMAN_ID, ORDER_DATE) VALUES ('FL-2016-00004', 'AHFL-CusID-JNJ', 'Shipped', 'AHFL06', '2016-03-28');
INSERT INTO ORDERS (ORDER_ID, CUSTOMER_ID, STATUS, SALESMAN_ID, ORDER_DATE) VALUES ('FL-2016-00005', 'AHFL-CusID-MA', 'Shipped', 'AHFL08', '2016-04-24');
INSERT INTO ORDERS (ORDER_ID, CUSTOMER_ID, STATUS, SALESMAN_ID, ORDER_DATE) VALUES ('FL-2016-00006', 'AHFL-CusID-INTC', 'Shipped', 'AHFL07', '2016-05-24');
INSERT INTO ORDERS (ORDER_ID, CUSTOMER_ID, STATUS, SALESMAN_ID, ORDER_DATE) VALUES ('FL-2016-00007', 'AHFL-CusID-EBAY', 'Shipped', 'AHFL08', '2016-05-24');
INSERT INTO ORDERS (ORDER_ID, CUSTOMER_ID, STATUS, SALESMAN_ID, ORDER_DATE) VALUES ('FL-2016-00008', 'AHFL-CusID-CYH', 'Shipped', 'AHFL07', '2016-05-25');
INSERT INTO ORDERS (ORDER_ID, CUSTOMER_ID, STATUS, SALESMAN_ID, ORDER_DATE) VALUES ('FL-2016-00009', 'AHFL-CusID-GME', 'Shipped', 'AHFL06', '2016-06-09');
INSERT INTO ORDERS (ORDER_ID, CUSTOMER_ID, STATUS, SALESMAN_ID, ORDER_DATE) VALUES ('FL-2017-00001', 'AHFL-CusID-RSG', 'Shipped', 'AHFL06', '2017-04-10');
INSERT INTO ORDERS (ORDER_ID, CUSTOMER_ID, STATUS, SALESMAN_ID, ORDER_DATE) VALUES ('FL-2017-00002', 'AHFL-CusID-USFD', 'Shipped', 'AHFL06', '2017-06-11');
INSERT INTO ORDERS (ORDER_ID, CUSTOMER_ID, STATUS, SALESMAN_ID, ORDER_DATE) VALUES ('FL-2017-00003', 'AHFL-CusID-GS', 'Shipped', 'AHFL07', '2017-07-06');
INSERT INTO ORDERS (ORDER_ID, CUSTOMER_ID, STATUS, SALESMAN_ID, ORDER_DATE) VALUES ('FL-2017-00004', 'AHFL-CusID-EBAY', 'Shipped', 'AHFL07', '2017-07-07');
INSERT INTO ORDERS (ORDER_ID, CUSTOMER_ID, STATUS, SALESMAN_ID, ORDER_DATE) VALUES ('FL-2017-00005', 'AHFL-CusID-GME', 'Shipped', 'AHFL06', '2017-07-07');
INSERT INTO ORDERS (ORDER_ID, CUSTOMER_ID, STATUS, SALESMAN_ID, ORDER_DATE) VALUES ('FL-2017-00006', 'AHFL-CusID-XEL', 'Pending', 'AHFL08', '2017-08-13');
INSERT INTO ORDERS (ORDER_ID, CUSTOMER_ID, STATUS, SALESMAN_ID, ORDER_DATE) VALUES ('FL-2017-00007', 'AHFL-CusID-ORCL', 'Shipped', 'AHFL08', '2017-09-10');
INSERT INTO ORDERS (ORDER_ID, CUSTOMER_ID, STATUS, SALESMAN_ID, ORDER_DATE) VALUES ('FL-2017-00008', 'AHFL-CusID-CNC', 'Pending', 'AHFL06', '2017-10-02');
INSERT INTO ORDERS (ORDER_ID, CUSTOMER_ID, STATUS, SALESMAN_ID, ORDER_DATE) VALUES ('FL-2017-00009', 'AHFL-CusID-MA', 'Shipped', 'AHFL06', '2017-10-19');
INSERT INTO ORDERS (ORDER_ID, CUSTOMER_ID, STATUS, SALESMAN_ID, ORDER_DATE) VALUES ('FL-2017-00010', 'AHFL-CusID-RTX', 'Shipped', 'AHFL06', '2017-11-19');
INSERT INTO ORDERS (ORDER_ID, CUSTOMER_ID, STATUS, SALESMAN_ID, ORDER_DATE) VALUES ('MA-2015-00001', 'AHMA-CusID-USFD', 'Shipped', 'AHMA06', '2015-01-09');
INSERT INTO ORDERS (ORDER_ID, CUSTOMER_ID, STATUS, SALESMAN_ID, ORDER_DATE) VALUES ('MA-2015-00002', 'AHMA-CusID-EMR', 'Canceled', 'AHMA07', '2015-01-26');
INSERT INTO ORDERS (ORDER_ID, CUSTOMER_ID, STATUS, SALESMAN_ID, ORDER_DATE) VALUES ('MA-2015-00003', 'AHMA-CusID-EBAY', 'Shipped', 'AHMA06', '2015-03-11');
INSERT INTO ORDERS (ORDER_ID, CUSTOMER_ID, STATUS, SALESMAN_ID, ORDER_DATE) VALUES ('MA-2015-00004', 'AHMA-CusID-BAX', 'Shipped', 'AHMA08', '2015-03-25');
INSERT INTO ORDERS (ORDER_ID, CUSTOMER_ID, STATUS, SALESMAN_ID, ORDER_DATE) VALUES ('MA-2015-00005', 'AHMA-CusID-ABBV', 'Shipped', 'AHMA08', '2015-04-28');
INSERT INTO ORDERS (ORDER_ID, CUSTOMER_ID, STATUS, SALESMAN_ID, ORDER_DATE) VALUES ('MA-2015-00006', 'AHMA-CusID-JNJ', 'Shipped', 'AHMA07', '2015-05-04');
INSERT INTO ORDERS (ORDER_ID, CUSTOMER_ID, STATUS, SALESMAN_ID, ORDER_DATE) VALUES ('MA-2015-00007', 'AHMA-CusID-BAX', 'Shipped', 'AHMA08', '2015-05-28');
INSERT INTO ORDERS (ORDER_ID, CUSTOMER_ID, STATUS, SALESMAN_ID, ORDER_DATE) VALUES ('MA-2015-00008', 'AHMA-CusID-CNC', 'Shipped', 'AHMA07', '2015-06-04');
INSERT INTO ORDERS (ORDER_ID, CUSTOMER_ID, STATUS, SALESMAN_ID, ORDER_DATE) VALUES ('MA-2015-00009', 'AHMA-CusID-CNC', 'Shipped', 'AHMA06', '2015-08-06');
INSERT INTO ORDERS (ORDER_ID, CUSTOMER_ID, STATUS, SALESMAN_ID, ORDER_DATE) VALUES ('MA-2015-00010', 'AHMA-CusID-PAGP', 'Shipped', 'AHMA07', '2015-09-16');
INSERT INTO ORDERS (ORDER_ID, CUSTOMER_ID, STATUS, SALESMAN_ID, ORDER_DATE) VALUES ('MA-2015-00011', 'AHMA-CusID-MA', 'Shipped', 'AHMA06', '2015-09-24');
INSERT INTO ORDERS (ORDER_ID, CUSTOMER_ID, STATUS, SALESMAN_ID, ORDER_DATE) VALUES ('MA-2015-00012', 'AHMA-CusID-GME', 'Shipped', 'AHMA07', '2015-10-11');
INSERT INTO ORDERS (ORDER_ID, CUSTOMER_ID, STATUS, SALESMAN_ID, ORDER_DATE) VALUES ('MA-2016-00001', 'AHMA-CusID-BAX', 'Shipped', 'AHMA08', '2016-02-16');
INSERT INTO ORDERS (ORDER_ID, CUSTOMER_ID, STATUS, SALESMAN_ID, ORDER_DATE) VALUES ('MA-2016-00002', 'AHMA-CusID-AA', 'Shipped', 'AHMA08', '2016-05-05');
INSERT INTO ORDERS (ORDER_ID, CUSTOMER_ID, STATUS, SALESMAN_ID, ORDER_DATE) VALUES ('MA-2016-00003', 'AHMA-CusID-USFD', 'Shipped', 'AHMA07', '2016-05-14');
INSERT INTO ORDERS (ORDER_ID, CUSTOMER_ID, STATUS, SALESMAN_ID, ORDER_DATE) VALUES ('MA-2016-00004', 'AHMA-CusID-EMR', 'Pending', 'AHMA06', '2016-05-27');
INSERT INTO ORDERS (ORDER_ID, CUSTOMER_ID, STATUS, SALESMAN_ID, ORDER_DATE) VALUES ('MA-2016-00005', 'AHMA-CusID-AAP', 'Shipped', 'AHMA06', '2016-06-19');
INSERT INTO ORDERS (ORDER_ID, CUSTOMER_ID, STATUS, SALESMAN_ID, ORDER_DATE) VALUES ('MA-2016-00006', 'AHMA-CusID-AA', 'Shipped', 'AHMA07', '2016-07-09');
INSERT INTO ORDERS (ORDER_ID, CUSTOMER_ID, STATUS, SALESMAN_ID, ORDER_DATE) VALUES ('MA-2016-00007', 'AHMA-CusID-STRY', 'Shipped', 'AHMA08', '2016-07-17');
INSERT INTO ORDERS (ORDER_ID, CUSTOMER_ID, STATUS, SALESMAN_ID, ORDER_DATE) VALUES ('MA-2016-00008', 'AHMA-CusID-GME', 'Shipped', 'AHMA08', '2016-07-18');
INSERT INTO ORDERS (ORDER_ID, CUSTOMER_ID, STATUS, SALESMAN_ID, ORDER_DATE) VALUES ('MA-2016-00009', 'AHMA-CusID-RTX', 'Shipped', 'AHMA06', '2016-11-15');
INSERT INTO ORDERS (ORDER_ID, CUSTOMER_ID, STATUS, SALESMAN_ID, ORDER_DATE) VALUES ('MA-2016-00010', 'AHMA-CusID-JNJ', 'Pending', 'AHMA07', '2016-11-21');
INSERT INTO ORDERS (ORDER_ID, CUSTOMER_ID, STATUS, SALESMAN_ID, ORDER_DATE) VALUES ('MA-2017-00001', 'AHMA-CusID-MA', 'Shipped', 'AHMA07', '2017-02-08');
INSERT INTO ORDERS (ORDER_ID, CUSTOMER_ID, STATUS, SALESMAN_ID, ORDER_DATE) VALUES ('MA-2017-00002', 'AHMA-CusID-ABBV', 'Shipped', 'AHMA07', '2017-03-13');
INSERT INTO ORDERS (ORDER_ID, CUSTOMER_ID, STATUS, SALESMAN_ID, ORDER_DATE) VALUES ('MA-2017-00003', 'AHMA-CusID-CYH', 'Shipped', 'AHMA06', '2017-06-09');
INSERT INTO ORDERS (ORDER_ID, CUSTOMER_ID, STATUS, SALESMAN_ID, ORDER_DATE) VALUES ('MA-2017-00004', 'AHMA-CusID-USFD', 'Shipped', 'AHMA08', '2017-06-16');
INSERT INTO ORDERS (ORDER_ID, CUSTOMER_ID, STATUS, SALESMAN_ID, ORDER_DATE) VALUES ('MA-2017-00005', 'AHMA-CusID-EMR', 'Shipped', 'AHMA08', '2017-06-20');
INSERT INTO ORDERS (ORDER_ID, CUSTOMER_ID, STATUS, SALESMAN_ID, ORDER_DATE) VALUES ('MA-2017-00006', 'AHMA-CusID-EBAY', 'Shipped', 'AHMA07', '2017-07-31');
INSERT INTO ORDERS (ORDER_ID, CUSTOMER_ID, STATUS, SALESMAN_ID, ORDER_DATE) VALUES ('MA-2017-00007', 'AHMA-CusID-RTX', 'Shipped', 'AHMA08', '2017-07-31');
INSERT INTO ORDERS (ORDER_ID, CUSTOMER_ID, STATUS, SALESMAN_ID, ORDER_DATE) VALUES ('MA-2017-00008', 'AHMA-CusID-IP', 'Shipped', 'AHMA06', '2017-08-28');
INSERT INTO ORDERS (ORDER_ID, CUSTOMER_ID, STATUS, SALESMAN_ID, ORDER_DATE) VALUES ('MA-2017-00009', 'AHMA-CusID-USFD', 'Shipped', 'AHMA07', '2017-09-14');

--Table order_items
Insert into ORDER_ITEMS (ORDER_ID,ITEM_ID,PRODUCT_ID,QUANTITY,UNIT_PRICE) values ('TX-2017-00008',7,'PRD0032',132,469.99);
Insert into ORDER_ITEMS (ORDER_ID,ITEM_ID,PRODUCT_ID,QUANTITY,UNIT_PRICE) values ('TX-2016-00003',5,'PRD0192',124,519.99);
Insert into ORDER_ITEMS (ORDER_ID,ITEM_ID,PRODUCT_ID,QUANTITY,UNIT_PRICE) values ('TX-2017-00001',7,'PRD0027',92,800.74);
Insert into ORDER_ITEMS (ORDER_ID,ITEM_ID,PRODUCT_ID,QUANTITY,UNIT_PRICE) values ('TX-2017-00002',11,'PRD0006',128,849.99);
Insert into ORDER_ITEMS (ORDER_ID,ITEM_ID,PRODUCT_ID,QUANTITY,UNIT_PRICE) values ('TX-2017-00003',10,'PRD0095',106,109.99);
Insert into ORDER_ITEMS (ORDER_ID,ITEM_ID,PRODUCT_ID,QUANTITY,UNIT_PRICE) values ('CA-2017-00001',5,'PRD0271',148,549.59);
Insert into ORDER_ITEMS (ORDER_ID,ITEM_ID,PRODUCT_ID,QUANTITY,UNIT_PRICE) values ('CA-2016-00009',7,'PRD0079',127,659.99);
Insert into ORDER_ITEMS (ORDER_ID,ITEM_ID,PRODUCT_ID,QUANTITY,UNIT_PRICE) values ('TX-2015-00004',8,'PRD0092',49,2200);
Insert into ORDER_ITEMS (ORDER_ID,ITEM_ID,PRODUCT_ID,QUANTITY,UNIT_PRICE) values ('TX-2016-00012',11,'PRD0226',77,309.85);
Insert into ORDER_ITEMS (ORDER_ID,ITEM_ID,PRODUCT_ID,QUANTITY,UNIT_PRICE) values ('TX-2016-00011',5,'PRD0121',141,721.99);
Insert into ORDER_ITEMS (ORDER_ID,ITEM_ID,PRODUCT_ID,QUANTITY,UNIT_PRICE) values ('TX-2017-00017',9,'PRD0012',33,824.98);
Insert into ORDER_ITEMS (ORDER_ID,ITEM_ID,PRODUCT_ID,QUANTITY,UNIT_PRICE) values ('NJ-2017-00001',9,'PRD0017',144,699.01);
Insert into ORDER_ITEMS (ORDER_ID,ITEM_ID,PRODUCT_ID,QUANTITY,UNIT_PRICE) values ('TX-2016-00014',3,'PRD0247',149,339.99);
Insert into ORDER_ITEMS (ORDER_ID,ITEM_ID,PRODUCT_ID,QUANTITY,UNIT_PRICE) values ('TX-2016-00013',6,'PRD0183',79,899.99);
Insert into ORDER_ITEMS (ORDER_ID,ITEM_ID,PRODUCT_ID,QUANTITY,UNIT_PRICE) values ('CA-2015-00001',9,'PRD0200',75,620.95);
Insert into ORDER_ITEMS (ORDER_ID,ITEM_ID,PRODUCT_ID,QUANTITY,UNIT_PRICE) values ('NJ-2015-00001',8,'PRD0018',116,799);
Insert into ORDER_ITEMS (ORDER_ID,ITEM_ID,PRODUCT_ID,QUANTITY,UNIT_PRICE) values ('TX-2015-00001',7,'PRD0007',119,680.99);
Insert into ORDER_ITEMS (ORDER_ID,ITEM_ID,PRODUCT_ID,QUANTITY,UNIT_PRICE) values ('TX-2017-00004',9,'PRD0268',148,47.88);
Insert into ORDER_ITEMS (ORDER_ID,ITEM_ID,PRODUCT_ID,QUANTITY,UNIT_PRICE) values ('CA-2015-00001',1,'PRD0043',111,298.98);
Insert into ORDER_ITEMS (ORDER_ID,ITEM_ID,PRODUCT_ID,QUANTITY,UNIT_PRICE) values ('NJ-2017-00004',1,'PRD0024',111,66.89);
Insert into ORDER_ITEMS (ORDER_ID,ITEM_ID,PRODUCT_ID,QUANTITY,UNIT_PRICE) values ('NJ-2015-00001',1,'PRD0280',47,149.88);
Insert into ORDER_ITEMS (ORDER_ID,ITEM_ID,PRODUCT_ID,QUANTITY,UNIT_PRICE) values ('CA-2017-00005',1,'PRD0149',70,282.98);
Insert into ORDER_ITEMS (ORDER_ID,ITEM_ID,PRODUCT_ID,QUANTITY,UNIT_PRICE) values ('TX-2015-00001',1,'PRD0199',67,647.99);
Insert into ORDER_ITEMS (ORDER_ID,ITEM_ID,PRODUCT_ID,QUANTITY,UNIT_PRICE) values ('TX-2017-00006',1,'PRD0227',74,305);
Insert into ORDER_ITEMS (ORDER_ID,ITEM_ID,PRODUCT_ID,QUANTITY,UNIT_PRICE) values ('TX-2017-00004',1,'PRD0087',92,759.99);
Insert into ORDER_ITEMS (ORDER_ID,ITEM_ID,PRODUCT_ID,QUANTITY,UNIT_PRICE) values ('TX-2017-00005',1,'PRD0108',139,849.99);
Insert into ORDER_ITEMS (ORDER_ID,ITEM_ID,PRODUCT_ID,QUANTITY,UNIT_PRICE) values ('CA-2017-00002',1,'PRD0145',118,287);
Insert into ORDER_ITEMS (ORDER_ID,ITEM_ID,PRODUCT_ID,QUANTITY,UNIT_PRICE) values ('TX-2017-00016',1,'PRD0137',116,469.99);
Insert into ORDER_ITEMS (ORDER_ID,ITEM_ID,PRODUCT_ID,QUANTITY,UNIT_PRICE) values ('NJ-2017-00007',1,'PRD0287',60,329.99);
Insert into ORDER_ITEMS (ORDER_ID,ITEM_ID,PRODUCT_ID,QUANTITY,UNIT_PRICE) values ('NJ-2016-00006',1,'PRD0166',70,1638.89);
Insert into ORDER_ITEMS (ORDER_ID,ITEM_ID,PRODUCT_ID,QUANTITY,UNIT_PRICE) values ('TX-2017-00015',1,'PRD0149',51,282.98);
Insert into ORDER_ITEMS (ORDER_ID,ITEM_ID,PRODUCT_ID,QUANTITY,UNIT_PRICE) values ('TX-2016-00006',1,'PRD0213',105,1469.96);
Insert into ORDER_ITEMS (ORDER_ID,ITEM_ID,PRODUCT_ID,QUANTITY,UNIT_PRICE) values ('TX-2016-00004',1,'PRD0038',53,1199.99);
Insert into ORDER_ITEMS (ORDER_ID,ITEM_ID,PRODUCT_ID,QUANTITY,UNIT_PRICE) values ('CA-2017-00006',1,'PRD0126',105,640.99);
Insert into ORDER_ITEMS (ORDER_ID,ITEM_ID,PRODUCT_ID,QUANTITY,UNIT_PRICE) values ('NJ-2017-00005',1,'PRD0036',79,1299.99);
Insert into ORDER_ITEMS (ORDER_ID,ITEM_ID,PRODUCT_ID,QUANTITY,UNIT_PRICE) values ('NJ-2016-00001',1,'PRD0083',44,829.99);
Insert into ORDER_ITEMS (ORDER_ID,ITEM_ID,PRODUCT_ID,QUANTITY,UNIT_PRICE) values ('CA-2016-00004',1,'PRD0043',109,298.98);
Insert into ORDER_ITEMS (ORDER_ID,ITEM_ID,PRODUCT_ID,QUANTITY,UNIT_PRICE) values ('CA-2016-00003',1,'PRD0071',38,660);
Insert into ORDER_ITEMS (ORDER_ID,ITEM_ID,PRODUCT_ID,QUANTITY,UNIT_PRICE) values ('CA-2017-00009',1,'PRD0031',61,443.72);
Insert into ORDER_ITEMS (ORDER_ID,ITEM_ID,PRODUCT_ID,QUANTITY,UNIT_PRICE) values ('CA-2017-00008',1,'PRD0007',38,680.99);
Insert into ORDER_ITEMS (ORDER_ID,ITEM_ID,PRODUCT_ID,QUANTITY,UNIT_PRICE) values ('CA-2017-00007',1,'PRD0235',70,41.99);
Insert into ORDER_ITEMS (ORDER_ID,ITEM_ID,PRODUCT_ID,QUANTITY,UNIT_PRICE) values ('TX-2017-00014',1,'PRD0101',68,635.99);
Insert into ORDER_ITEMS (ORDER_ID,ITEM_ID,PRODUCT_ID,QUANTITY,UNIT_PRICE) values ('TX-2017-00010',1,'PRD0251',83,337.81);
Insert into ORDER_ITEMS (ORDER_ID,ITEM_ID,PRODUCT_ID,QUANTITY,UNIT_PRICE) values ('NJ-2017-00003',1,'PRD0055',93,150.99);
Insert into ORDER_ITEMS (ORDER_ID,ITEM_ID,PRODUCT_ID,QUANTITY,UNIT_PRICE) values ('NJ-2016-00002',1,'PRD0185',141,873.98);
Insert into ORDER_ITEMS (ORDER_ID,ITEM_ID,PRODUCT_ID,QUANTITY,UNIT_PRICE) values ('NJ-2016-00005',1,'PRD0174',133,798.26);
Insert into ORDER_ITEMS (ORDER_ID,ITEM_ID,PRODUCT_ID,QUANTITY,UNIT_PRICE) values ('TX-2017-00007',1,'PRD0035',150,1314.99);
Insert into ORDER_ITEMS (ORDER_ID,ITEM_ID,PRODUCT_ID,QUANTITY,UNIT_PRICE) values ('TX-2015-00002',1,'PRD0071',90,660);
Insert into ORDER_ITEMS (ORDER_ID,ITEM_ID,PRODUCT_ID,QUANTITY,UNIT_PRICE) values ('TX-2016-00010',1,'PRD0186',116,1449.98);
Insert into ORDER_ITEMS (ORDER_ID,ITEM_ID,PRODUCT_ID,QUANTITY,UNIT_PRICE) values ('TX-2017-00011',1,'PRD0141',106,419.99);
Insert into ORDER_ITEMS (ORDER_ID,ITEM_ID,PRODUCT_ID,QUANTITY,UNIT_PRICE) values ('TX-2017-00012',1,'PRD0268',80,47.88);
Insert into ORDER_ITEMS (ORDER_ID,ITEM_ID,PRODUCT_ID,QUANTITY,UNIT_PRICE) values ('CA-2015-00003',1,'PRD0034',45,417.98);
Insert into ORDER_ITEMS (ORDER_ID,ITEM_ID,PRODUCT_ID,QUANTITY,UNIT_PRICE) values ('CA-2015-00002',1,'PRD0067',74,863.05);
Insert into ORDER_ITEMS (ORDER_ID,ITEM_ID,PRODUCT_ID,QUANTITY,UNIT_PRICE) values ('NJ-2017-00002',1,'PRD0220',118,759.99);
Insert into ORDER_ITEMS (ORDER_ID,ITEM_ID,PRODUCT_ID,QUANTITY,UNIT_PRICE) values ('NJ-2016-00008',1,'PRD0215',49,829.89);
Insert into ORDER_ITEMS (ORDER_ID,ITEM_ID,PRODUCT_ID,QUANTITY,UNIT_PRICE) values ('CA-2016-00008',1,'PRD0021',34,749.99);
Insert into ORDER_ITEMS (ORDER_ID,ITEM_ID,PRODUCT_ID,QUANTITY,UNIT_PRICE) values ('TX-2016-00009',1,'PRD0235',123,41.99);
Insert into ORDER_ITEMS (ORDER_ID,ITEM_ID,PRODUCT_ID,QUANTITY,UNIT_PRICE) values ('TX-2016-00008',1,'PRD0100',130,97.88);
Insert into ORDER_ITEMS (ORDER_ID,ITEM_ID,PRODUCT_ID,QUANTITY,UNIT_PRICE) values ('CA-2016-00007',1,'PRD0208',73,1199.99);
Insert into ORDER_ITEMS (ORDER_ID,ITEM_ID,PRODUCT_ID,QUANTITY,UNIT_PRICE) values ('NJ-2016-00007',1,'PRD0084',70,440.3);
Insert into ORDER_ITEMS (ORDER_ID,ITEM_ID,PRODUCT_ID,QUANTITY,UNIT_PRICE) values ('NJ-2017-00006',1,'PRD0224',75,349.99);
Insert into ORDER_ITEMS (ORDER_ID,ITEM_ID,PRODUCT_ID,QUANTITY,UNIT_PRICE) values ('CA-2016-00005',1,'PRD0064',55,525.99);
Insert into ORDER_ITEMS (ORDER_ID,ITEM_ID,PRODUCT_ID,QUANTITY,UNIT_PRICE) values ('TX-2015-00003',1,'PRD0178',101,1999.89);
Insert into ORDER_ITEMS (ORDER_ID,ITEM_ID,PRODUCT_ID,QUANTITY,UNIT_PRICE) values ('TX-2017-00013',1,'PRD0205',74,649.99);
Insert into ORDER_ITEMS (ORDER_ID,ITEM_ID,PRODUCT_ID,QUANTITY,UNIT_PRICE) values ('TX-2016-00005',1,'PRD0174',114,798.26);
Insert into ORDER_ITEMS (ORDER_ID,ITEM_ID,PRODUCT_ID,QUANTITY,UNIT_PRICE) values ('CA-2013-00001',1,'PRD0280',104,149.88);
Insert into ORDER_ITEMS (ORDER_ID,ITEM_ID,PRODUCT_ID,QUANTITY,UNIT_PRICE) values ('CA-2016-00002',1,'PRD0077',143,695.99);
Insert into ORDER_ITEMS (ORDER_ID,ITEM_ID,PRODUCT_ID,QUANTITY,UNIT_PRICE) values ('CA-2016-00001',1,'PRD0287',61,329.99);
Insert into ORDER_ITEMS (ORDER_ID,ITEM_ID,PRODUCT_ID,QUANTITY,UNIT_PRICE) values ('NJ-2016-00003',1,'PRD0163',98,1899.99);
Insert into ORDER_ITEMS (ORDER_ID,ITEM_ID,PRODUCT_ID,QUANTITY,UNIT_PRICE) values ('CA-2017-00003',1,'PRD0206',57,4139);
Insert into ORDER_ITEMS (ORDER_ID,ITEM_ID,PRODUCT_ID,QUANTITY,UNIT_PRICE) values ('TX-2017-00008',1,'PRD0185',146,873.98);
Insert into ORDER_ITEMS (ORDER_ID,ITEM_ID,PRODUCT_ID,QUANTITY,UNIT_PRICE) values ('TX-2017-00009',1,'PRD0019',146,1704.37);
Insert into ORDER_ITEMS (ORDER_ID,ITEM_ID,PRODUCT_ID,QUANTITY,UNIT_PRICE) values ('TX-2016-00002',1,'PRD0129',101,734.99);
Insert into ORDER_ITEMS (ORDER_ID,ITEM_ID,PRODUCT_ID,QUANTITY,UNIT_PRICE) values ('TX-2016-00003',1,'PRD0245',120,1699);
Insert into ORDER_ITEMS (ORDER_ID,ITEM_ID,PRODUCT_ID,QUANTITY,UNIT_PRICE) values ('TX-2017-00001',1,'PRD0104',97,83.88);
Insert into ORDER_ITEMS (ORDER_ID,ITEM_ID,PRODUCT_ID,QUANTITY,UNIT_PRICE) values ('TX-2017-00002',1,'PRD0058',73,784.98);
Insert into ORDER_ITEMS (ORDER_ID,ITEM_ID,PRODUCT_ID,QUANTITY,UNIT_PRICE) values ('TX-2017-00003',1,'PRD0109',92,713.99);
Insert into ORDER_ITEMS (ORDER_ID,ITEM_ID,PRODUCT_ID,QUANTITY,UNIT_PRICE) values ('CA-2017-00001',1,'PRD0203',65,671.38);
Insert into ORDER_ITEMS (ORDER_ID,ITEM_ID,PRODUCT_ID,QUANTITY,UNIT_PRICE) values ('CA-2015-00004',1,'PRD0092',147,2200);
Insert into ORDER_ITEMS (ORDER_ID,ITEM_ID,PRODUCT_ID,QUANTITY,UNIT_PRICE) values ('CA-2016-00010',1,'PRD0285',145,339.99);
Insert into ORDER_ITEMS (ORDER_ID,ITEM_ID,PRODUCT_ID,QUANTITY,UNIT_PRICE) values ('NJ-2016-00011',1,'PRD0213',63,1469.96);
Insert into ORDER_ITEMS (ORDER_ID,ITEM_ID,PRODUCT_ID,QUANTITY,UNIT_PRICE) values ('CA-2016-00009',1,'PRD0128',133,741.63);
Insert into ORDER_ITEMS (ORDER_ID,ITEM_ID,PRODUCT_ID,QUANTITY,UNIT_PRICE) values ('NJ-2016-00010',1,'PRD0155',114,588.95);
Insert into ORDER_ITEMS (ORDER_ID,ITEM_ID,PRODUCT_ID,QUANTITY,UNIT_PRICE) values ('NJ-2016-00009',1,'PRD0202',46,713.99);
Insert into ORDER_ITEMS (ORDER_ID,ITEM_ID,PRODUCT_ID,QUANTITY,UNIT_PRICE) values ('TX-2015-00004',1,'PRD0065',84,1199.99);
Insert into ORDER_ITEMS (ORDER_ID,ITEM_ID,PRODUCT_ID,QUANTITY,UNIT_PRICE) values ('TX-2016-00012',1,'PRD0122',89,722.99);
Insert into ORDER_ITEMS (ORDER_ID,ITEM_ID,PRODUCT_ID,QUANTITY,UNIT_PRICE) values ('TX-2015-00005',1,'PRD0208',114,1199.99);
Insert into ORDER_ITEMS (ORDER_ID,ITEM_ID,PRODUCT_ID,QUANTITY,UNIT_PRICE) values ('TX-2016-00011',1,'PRD0257',70,84.95);
Insert into ORDER_ITEMS (ORDER_ID,ITEM_ID,PRODUCT_ID,QUANTITY,UNIT_PRICE) values ('TX-2017-00017',1,'PRD0255',38,90.99);
Insert into ORDER_ITEMS (ORDER_ID,ITEM_ID,PRODUCT_ID,QUANTITY,UNIT_PRICE) values ('TX-2016-00007',1,'PRD0052',138,1676.98);
Insert into ORDER_ITEMS (ORDER_ID,ITEM_ID,PRODUCT_ID,QUANTITY,UNIT_PRICE) values ('CA-2016-00006',1,'PRD0260',34,267.99);
Insert into ORDER_ITEMS (ORDER_ID,ITEM_ID,PRODUCT_ID,QUANTITY,UNIT_PRICE) values ('NJ-2016-00004',1,'PRD0110',39,3192.97);
Insert into ORDER_ITEMS (ORDER_ID,ITEM_ID,PRODUCT_ID,QUANTITY,UNIT_PRICE) values ('CA-2017-00004',1,'PRD0066',104,399.99);
Insert into ORDER_ITEMS (ORDER_ID,ITEM_ID,PRODUCT_ID,QUANTITY,UNIT_PRICE) values ('NJ-2017-00001',1,'PRD0095',66,109.99);
Insert into ORDER_ITEMS (ORDER_ID,ITEM_ID,PRODUCT_ID,QUANTITY,UNIT_PRICE) values ('TX-2016-00014',1,'PRD0196',69,1099.99);
Insert into ORDER_ITEMS (ORDER_ID,ITEM_ID,PRODUCT_ID,QUANTITY,UNIT_PRICE) values ('TX-2016-00001',1,'PRD0006',117,849.99);
Insert into ORDER_ITEMS (ORDER_ID,ITEM_ID,PRODUCT_ID,QUANTITY,UNIT_PRICE) values ('TX-2016-00013',1,'PRD0031',116,443.72);
Insert into ORDER_ITEMS (ORDER_ID,ITEM_ID,PRODUCT_ID,QUANTITY,UNIT_PRICE) values ('TX-2017-00016',2,'PRD0078',77,686.99);
Insert into ORDER_ITEMS (ORDER_ID,ITEM_ID,PRODUCT_ID,QUANTITY,UNIT_PRICE) values ('NJ-2017-00004',2,'PRD0056',65,16.99);
Insert into ORDER_ITEMS (ORDER_ID,ITEM_ID,PRODUCT_ID,QUANTITY,UNIT_PRICE) values ('CA-2017-00005',2,'PRD0015',45,725.99);
Insert into ORDER_ITEMS (ORDER_ID,ITEM_ID,PRODUCT_ID,QUANTITY,UNIT_PRICE) values ('TX-2017-00004',2,'PRD0012',70,824.98);
Insert into ORDER_ITEMS (ORDER_ID,ITEM_ID,PRODUCT_ID,QUANTITY,UNIT_PRICE) values ('TX-2017-00005',2,'PRD0099',123,68.06);
Insert into ORDER_ITEMS (ORDER_ID,ITEM_ID,PRODUCT_ID,QUANTITY,UNIT_PRICE) values ('CA-2017-00002',2,'PRD0010',102,811.99);
Insert into ORDER_ITEMS (ORDER_ID,ITEM_ID,PRODUCT_ID,QUANTITY,UNIT_PRICE) values ('NJ-2017-00007',2,'PRD0154',67,1204.98);
Insert into ORDER_ITEMS (ORDER_ID,ITEM_ID,PRODUCT_ID,QUANTITY,UNIT_PRICE) values ('NJ-2016-00006',2,'PRD0155',106,588.95);
Insert into ORDER_ITEMS (ORDER_ID,ITEM_ID,PRODUCT_ID,QUANTITY,UNIT_PRICE) values ('TX-2016-00004',2,'PRD0024',62,66.89);
Insert into ORDER_ITEMS (ORDER_ID,ITEM_ID,PRODUCT_ID,QUANTITY,UNIT_PRICE) values ('CA-2017-00006',2,'PRD0041',78,299.89);
Insert into ORDER_ITEMS (ORDER_ID,ITEM_ID,PRODUCT_ID,QUANTITY,UNIT_PRICE) values ('NJ-2017-00005',2,'PRD0101',146,635.99);
Insert into ORDER_ITEMS (ORDER_ID,ITEM_ID,PRODUCT_ID,QUANTITY,UNIT_PRICE) values ('NJ-2016-00001',2,'PRD0116',45,731.99);
Insert into ORDER_ITEMS (ORDER_ID,ITEM_ID,PRODUCT_ID,QUANTITY,UNIT_PRICE) values ('CA-2016-00004',2,'PRD0239',119,739.99);
Insert into ORDER_ITEMS (ORDER_ID,ITEM_ID,PRODUCT_ID,QUANTITY,UNIT_PRICE) values ('CA-2016-00003',2,'PRD0141',77,419.99);
Insert into ORDER_ITEMS (ORDER_ID,ITEM_ID,PRODUCT_ID,QUANTITY,UNIT_PRICE) values ('CA-2017-00009',2,'PRD0121',120,721.99);
Insert into ORDER_ITEMS (ORDER_ID,ITEM_ID,PRODUCT_ID,QUANTITY,UNIT_PRICE) values ('CA-2017-00008',2,'PRD0082',62,1499.89);
Insert into ORDER_ITEMS (ORDER_ID,ITEM_ID,PRODUCT_ID,QUANTITY,UNIT_PRICE) values ('TX-2017-00014',2,'PRD0176',97,939.49);
Insert into ORDER_ITEMS (ORDER_ID,ITEM_ID,PRODUCT_ID,QUANTITY,UNIT_PRICE) values ('NJ-2017-00003',2,'PRD0153',33,1249);
Insert into ORDER_ITEMS (ORDER_ID,ITEM_ID,PRODUCT_ID,QUANTITY,UNIT_PRICE) values ('NJ-2016-00005',2,'PRD0070',134,710.99);
Insert into ORDER_ITEMS (ORDER_ID,ITEM_ID,PRODUCT_ID,QUANTITY,UNIT_PRICE) values ('TX-2017-00007',2,'PRD0067',129,863.05);
Insert into ORDER_ITEMS (ORDER_ID,ITEM_ID,PRODUCT_ID,QUANTITY,UNIT_PRICE) values ('TX-2015-00002',2,'PRD0169',52,1844.89);
Insert into ORDER_ITEMS (ORDER_ID,ITEM_ID,PRODUCT_ID,QUANTITY,UNIT_PRICE) values ('TX-2016-00010',2,'PRD0153',108,1249);
Insert into ORDER_ITEMS (ORDER_ID,ITEM_ID,PRODUCT_ID,QUANTITY,UNIT_PRICE) values ('TX-2017-00011',2,'PRD0101',131,635.99);
Insert into ORDER_ITEMS (ORDER_ID,ITEM_ID,PRODUCT_ID,QUANTITY,UNIT_PRICE) values ('TX-2017-00012',2,'PRD0219',82,1299.73);
Insert into ORDER_ITEMS (ORDER_ID,ITEM_ID,PRODUCT_ID,QUANTITY,UNIT_PRICE) values ('CA-2015-00002',2,'PRD0287',66,329.99);
Insert into ORDER_ITEMS (ORDER_ID,ITEM_ID,PRODUCT_ID,QUANTITY,UNIT_PRICE) values ('TX-2016-00008',2,'PRD0168',89,43.99);
Insert into ORDER_ITEMS (ORDER_ID,ITEM_ID,PRODUCT_ID,QUANTITY,UNIT_PRICE) values ('CA-2016-00005',2,'PRD0120',32,892);
Insert into ORDER_ITEMS (ORDER_ID,ITEM_ID,PRODUCT_ID,QUANTITY,UNIT_PRICE) values ('TX-2015-00003',2,'PRD0166',34,1638.89);
Insert into ORDER_ITEMS (ORDER_ID,ITEM_ID,PRODUCT_ID,QUANTITY,UNIT_PRICE) values ('TX-2017-00013',2,'PRD0013',138,704.99);
Insert into ORDER_ITEMS (ORDER_ID,ITEM_ID,PRODUCT_ID,QUANTITY,UNIT_PRICE) values ('TX-2016-00005',2,'PRD0056',75,16.99);
Insert into ORDER_ITEMS (ORDER_ID,ITEM_ID,PRODUCT_ID,QUANTITY,UNIT_PRICE) values ('CA-2013-00001',2,'PRD0113',83,704.99);
Insert into ORDER_ITEMS (ORDER_ID,ITEM_ID,PRODUCT_ID,QUANTITY,UNIT_PRICE) values ('CA-2016-00002',2,'PRD0218',40,1388.89);
Insert into ORDER_ITEMS (ORDER_ID,ITEM_ID,PRODUCT_ID,QUANTITY,UNIT_PRICE) values ('CA-2016-00001',2,'PRD0144',121,289.79);
Insert into ORDER_ITEMS (ORDER_ID,ITEM_ID,PRODUCT_ID,QUANTITY,UNIT_PRICE) values ('NJ-2016-00003',2,'PRD0248',42,2774.98);
Insert into ORDER_ITEMS (ORDER_ID,ITEM_ID,PRODUCT_ID,QUANTITY,UNIT_PRICE) values ('CA-2017-00003',2,'PRD0071',66,660);
Insert into ORDER_ITEMS (ORDER_ID,ITEM_ID,PRODUCT_ID,QUANTITY,UNIT_PRICE) values ('TX-2017-00008',2,'PRD0083',52,829.99);
Insert into ORDER_ITEMS (ORDER_ID,ITEM_ID,PRODUCT_ID,QUANTITY,UNIT_PRICE) values ('TX-2017-00009',2,'PRD0241',38,1756);
Insert into ORDER_ITEMS (ORDER_ID,ITEM_ID,PRODUCT_ID,QUANTITY,UNIT_PRICE) values ('TX-2016-00002',2,'PRD0211',123,1064.99);
Insert into ORDER_ITEMS (ORDER_ID,ITEM_ID,PRODUCT_ID,QUANTITY,UNIT_PRICE) values ('TX-2017-00001',2,'PRD0250',86,338.99);
Insert into ORDER_ITEMS (ORDER_ID,ITEM_ID,PRODUCT_ID,QUANTITY,UNIT_PRICE) values ('TX-2017-00002',2,'PRD0187',74,353.98);
Insert into ORDER_ITEMS (ORDER_ID,ITEM_ID,PRODUCT_ID,QUANTITY,UNIT_PRICE) values ('TX-2017-00003',2,'PRD0177',98,1759.99);
Insert into ORDER_ITEMS (ORDER_ID,ITEM_ID,PRODUCT_ID,QUANTITY,UNIT_PRICE) values ('CA-2017-00001',2,'PRD0168',136,43.99);
Insert into ORDER_ITEMS (ORDER_ID,ITEM_ID,PRODUCT_ID,QUANTITY,UNIT_PRICE) values ('CA-2015-00004',2,'PRD0169',50,1844.89);
Insert into ORDER_ITEMS (ORDER_ID,ITEM_ID,PRODUCT_ID,QUANTITY,UNIT_PRICE) values ('CA-2016-00010',2,'PRD0265',53,1431.99);
Insert into ORDER_ITEMS (ORDER_ID,ITEM_ID,PRODUCT_ID,QUANTITY,UNIT_PRICE) values ('NJ-2016-00010',2,'PRD0230',35,136.69);
Insert into ORDER_ITEMS (ORDER_ID,ITEM_ID,PRODUCT_ID,QUANTITY,UNIT_PRICE) values ('NJ-2016-00009',2,'PRD0156',47,394.99);
Insert into ORDER_ITEMS (ORDER_ID,ITEM_ID,PRODUCT_ID,QUANTITY,UNIT_PRICE) values ('TX-2015-00004',2,'PRD0064',60,525.99);
Insert into ORDER_ITEMS (ORDER_ID,ITEM_ID,PRODUCT_ID,QUANTITY,UNIT_PRICE) values ('TX-2016-00012',2,'PRD0220',127,759.99);
Insert into ORDER_ITEMS (ORDER_ID,ITEM_ID,PRODUCT_ID,QUANTITY,UNIT_PRICE) values ('TX-2015-00005',2,'PRD0034',126,417.98);
Insert into ORDER_ITEMS (ORDER_ID,ITEM_ID,PRODUCT_ID,QUANTITY,UNIT_PRICE) values ('TX-2017-00017',2,'PRD0186',146,1449.98);
Insert into ORDER_ITEMS (ORDER_ID,ITEM_ID,PRODUCT_ID,QUANTITY,UNIT_PRICE) values ('TX-2016-00007',2,'PRD0143',64,402.99);
Insert into ORDER_ITEMS (ORDER_ID,ITEM_ID,PRODUCT_ID,QUANTITY,UNIT_PRICE) values ('NJ-2016-00004',2,'PRD0207',82,3254.99);
Insert into ORDER_ITEMS (ORDER_ID,ITEM_ID,PRODUCT_ID,QUANTITY,UNIT_PRICE) values ('TX-2016-00013',2,'PRD0242',67,1751.99);
Insert into ORDER_ITEMS (ORDER_ID,ITEM_ID,PRODUCT_ID,QUANTITY,UNIT_PRICE) values ('TX-2017-00016',3,'PRD0064',52,525.99);
Insert into ORDER_ITEMS (ORDER_ID,ITEM_ID,PRODUCT_ID,QUANTITY,UNIT_PRICE) values ('TX-2017-00004',3,'PRD0071',87,660);
Insert into ORDER_ITEMS (ORDER_ID,ITEM_ID,PRODUCT_ID,QUANTITY,UNIT_PRICE) values ('TX-2017-00005',3,'PRD0265',90,1431.99);
Insert into ORDER_ITEMS (ORDER_ID,ITEM_ID,PRODUCT_ID,QUANTITY,UNIT_PRICE) values ('NJ-2017-00007',3,'PRD0246',133,343.99);
Insert into ORDER_ITEMS (ORDER_ID,ITEM_ID,PRODUCT_ID,QUANTITY,UNIT_PRICE) values ('NJ-2016-00006',3,'PRD0235',56,41.99);
Insert into ORDER_ITEMS (ORDER_ID,ITEM_ID,PRODUCT_ID,QUANTITY,UNIT_PRICE) values ('TX-2016-00004',3,'PRD0023',142,89.89);
Insert into ORDER_ITEMS (ORDER_ID,ITEM_ID,PRODUCT_ID,QUANTITY,UNIT_PRICE) values ('NJ-2016-00001',3,'PRD0024',77,66.89);
Insert into ORDER_ITEMS (ORDER_ID,ITEM_ID,PRODUCT_ID,QUANTITY,UNIT_PRICE) values ('CA-2016-00004',3,'PRD0029',65,645.99);
Insert into ORDER_ITEMS (ORDER_ID,ITEM_ID,PRODUCT_ID,QUANTITY,UNIT_PRICE) values ('CA-2016-00003',3,'PRD0068',96,766.11);
Insert into ORDER_ITEMS (ORDER_ID,ITEM_ID,PRODUCT_ID,QUANTITY,UNIT_PRICE) values ('CA-2017-00009',3,'PRD0041',56,299.89);
Insert into ORDER_ITEMS (ORDER_ID,ITEM_ID,PRODUCT_ID,QUANTITY,UNIT_PRICE) values ('CA-2017-00008',3,'PRD0268',118,47.88);
Insert into ORDER_ITEMS (ORDER_ID,ITEM_ID,PRODUCT_ID,QUANTITY,UNIT_PRICE) values ('TX-2015-00002',3,'PRD0264',89,88.99);
Insert into ORDER_ITEMS (ORDER_ID,ITEM_ID,PRODUCT_ID,QUANTITY,UNIT_PRICE) values ('TX-2016-00010',3,'PRD0109',33,713.99);
Insert into ORDER_ITEMS (ORDER_ID,ITEM_ID,PRODUCT_ID,QUANTITY,UNIT_PRICE) values ('TX-2017-00011',3,'PRD0250',131,338.99);
Insert into ORDER_ITEMS (ORDER_ID,ITEM_ID,PRODUCT_ID,QUANTITY,UNIT_PRICE) values ('TX-2017-00012',3,'PRD0069',86,678.75);
Insert into ORDER_ITEMS (ORDER_ID,ITEM_ID,PRODUCT_ID,QUANTITY,UNIT_PRICE) values ('CA-2015-00002',3,'PRD0110',94,3192.97);
Insert into ORDER_ITEMS (ORDER_ID,ITEM_ID,PRODUCT_ID,QUANTITY,UNIT_PRICE) values ('NJ-2017-00006',2,'PRD0177',110,1759.99);
Insert into ORDER_ITEMS (ORDER_ID,ITEM_ID,PRODUCT_ID,QUANTITY,UNIT_PRICE) values ('CA-2016-00005',3,'PRD0113',73,704.99);
Insert into ORDER_ITEMS (ORDER_ID,ITEM_ID,PRODUCT_ID,QUANTITY,UNIT_PRICE) values ('TX-2015-00003',3,'PRD0118',105,699.89);
Insert into ORDER_ITEMS (ORDER_ID,ITEM_ID,PRODUCT_ID,QUANTITY,UNIT_PRICE) values ('TX-2017-00013',3,'PRD0272',144,1073.99);
Insert into ORDER_ITEMS (ORDER_ID,ITEM_ID,PRODUCT_ID,QUANTITY,UNIT_PRICE) values ('TX-2016-00005',3,'PRD0146',59,283.98);
Insert into ORDER_ITEMS (ORDER_ID,ITEM_ID,PRODUCT_ID,QUANTITY,UNIT_PRICE) values ('CA-2013-00001',3,'PRD0116',35,731.99);
Insert into ORDER_ITEMS (ORDER_ID,ITEM_ID,PRODUCT_ID,QUANTITY,UNIT_PRICE) values ('CA-2016-00002',3,'PRD0286',35,234);
Insert into ORDER_ITEMS (ORDER_ID,ITEM_ID,PRODUCT_ID,QUANTITY,UNIT_PRICE) values ('CA-2016-00001',3,'PRD0167',94,1010.46);
Insert into ORDER_ITEMS (ORDER_ID,ITEM_ID,PRODUCT_ID,QUANTITY,UNIT_PRICE) values ('NJ-2016-00003',3,'PRD0183',50,899.99);
Insert into ORDER_ITEMS (ORDER_ID,ITEM_ID,PRODUCT_ID,QUANTITY,UNIT_PRICE) values ('CA-2017-00003',3,'PRD0253',112,579.99);
Insert into ORDER_ITEMS (ORDER_ID,ITEM_ID,PRODUCT_ID,QUANTITY,UNIT_PRICE) values ('TX-2017-00009',3,'PRD0195',75,1055.99);
Insert into ORDER_ITEMS (ORDER_ID,ITEM_ID,PRODUCT_ID,QUANTITY,UNIT_PRICE) values ('TX-2016-00002',3,'PRD0273',145,443.64);
Insert into ORDER_ITEMS (ORDER_ID,ITEM_ID,PRODUCT_ID,QUANTITY,UNIT_PRICE) values ('TX-2017-00002',3,'PRD0033',143,52.65);
Insert into ORDER_ITEMS (ORDER_ID,ITEM_ID,PRODUCT_ID,QUANTITY,UNIT_PRICE) values ('TX-2017-00003',3,'PRD0163',134,1899.99);
Insert into ORDER_ITEMS (ORDER_ID,ITEM_ID,PRODUCT_ID,QUANTITY,UNIT_PRICE) values ('CA-2017-00001',3,'PRD0218',143,1388.89);
Insert into ORDER_ITEMS (ORDER_ID,ITEM_ID,PRODUCT_ID,QUANTITY,UNIT_PRICE) values ('CA-2015-00004',3,'PRD0125',119,768.99);
Insert into ORDER_ITEMS (ORDER_ID,ITEM_ID,PRODUCT_ID,QUANTITY,UNIT_PRICE) values ('NJ-2016-00009',3,'PRD0287',45,329.99);
Insert into ORDER_ITEMS (ORDER_ID,ITEM_ID,PRODUCT_ID,QUANTITY,UNIT_PRICE) values ('TX-2016-00012',3,'PRD0266',83,1418.99);
Insert into ORDER_ITEMS (ORDER_ID,ITEM_ID,PRODUCT_ID,QUANTITY,UNIT_PRICE) values ('NJ-2016-00004',3,'PRD0270',61,769.99);
Insert into ORDER_ITEMS (ORDER_ID,ITEM_ID,PRODUCT_ID,QUANTITY,UNIT_PRICE) values ('TX-2016-00013',3,'PRD0275',45,399.99);
Insert into ORDER_ITEMS (ORDER_ID,ITEM_ID,PRODUCT_ID,QUANTITY,UNIT_PRICE) values ('TX-2017-00016',4,'PRD0210',87,1029.99);
Insert into ORDER_ITEMS (ORDER_ID,ITEM_ID,PRODUCT_ID,QUANTITY,UNIT_PRICE) values ('TX-2017-00004',4,'PRD0025',40,104.88);
Insert into ORDER_ITEMS (ORDER_ID,ITEM_ID,PRODUCT_ID,QUANTITY,UNIT_PRICE) values ('TX-2017-00005',4,'PRD0288',62,319.99);
Insert into ORDER_ITEMS (ORDER_ID,ITEM_ID,PRODUCT_ID,QUANTITY,UNIT_PRICE) values ('NJ-2016-00006',4,'PRD0095',42,109.99);
Insert into ORDER_ITEMS (ORDER_ID,ITEM_ID,PRODUCT_ID,QUANTITY,UNIT_PRICE) values ('TX-2016-00006',2,'PRD0226',57,309.85);
Insert into ORDER_ITEMS (ORDER_ID,ITEM_ID,PRODUCT_ID,QUANTITY,UNIT_PRICE) values ('NJ-2016-00001',4,'PRD0288',44,319.99);
Insert into ORDER_ITEMS (ORDER_ID,ITEM_ID,PRODUCT_ID,QUANTITY,UNIT_PRICE) values ('CA-2016-00004',4,'PRD0209',80,1199.99);
Insert into ORDER_ITEMS (ORDER_ID,ITEM_ID,PRODUCT_ID,QUANTITY,UNIT_PRICE) values ('CA-2016-00003',4,'PRD0263',95,89.99);
Insert into ORDER_ITEMS (ORDER_ID,ITEM_ID,PRODUCT_ID,QUANTITY,UNIT_PRICE) values ('CA-2017-00009',4,'PRD0208',139,1199.99);
Insert into ORDER_ITEMS (ORDER_ID,ITEM_ID,PRODUCT_ID,QUANTITY,UNIT_PRICE) values ('CA-2017-00008',4,'PRD0141',32,419.99);
Insert into ORDER_ITEMS (ORDER_ID,ITEM_ID,PRODUCT_ID,QUANTITY,UNIT_PRICE) values ('CA-2017-00007',2,'PRD0200',137,620.95);
Insert into ORDER_ITEMS (ORDER_ID,ITEM_ID,PRODUCT_ID,QUANTITY,UNIT_PRICE) values ('NJ-2017-00003',3,'PRD0217',67,401.98);
Insert into ORDER_ITEMS (ORDER_ID,ITEM_ID,PRODUCT_ID,QUANTITY,UNIT_PRICE) values ('TX-2015-00002',4,'PRD0061',59,487.3);
Insert into ORDER_ITEMS (ORDER_ID,ITEM_ID,PRODUCT_ID,QUANTITY,UNIT_PRICE) values ('TX-2017-00011',4,'PRD0230',80,136.69);
Insert into ORDER_ITEMS (ORDER_ID,ITEM_ID,PRODUCT_ID,QUANTITY,UNIT_PRICE) values ('TX-2017-00012',4,'PRD0258',49,57.98);
Insert into ORDER_ITEMS (ORDER_ID,ITEM_ID,PRODUCT_ID,QUANTITY,UNIT_PRICE) values ('CA-2015-00002',4,'PRD0105',86,2799.99);
Insert into ORDER_ITEMS (ORDER_ID,ITEM_ID,PRODUCT_ID,QUANTITY,UNIT_PRICE) values ('NJ-2017-00002',2,'PRD0215',148,829.89);
Insert into ORDER_ITEMS (ORDER_ID,ITEM_ID,PRODUCT_ID,QUANTITY,UNIT_PRICE) values ('NJ-2017-00006',3,'PRD0238',122,741.78);
Insert into ORDER_ITEMS (ORDER_ID,ITEM_ID,PRODUCT_ID,QUANTITY,UNIT_PRICE) values ('CA-2016-00005',4,'PRD0186',70,1449.98);
Insert into ORDER_ITEMS (ORDER_ID,ITEM_ID,PRODUCT_ID,QUANTITY,UNIT_PRICE) values ('TX-2015-00003',4,'PRD0047',138,2377.09);
Insert into ORDER_ITEMS (ORDER_ID,ITEM_ID,PRODUCT_ID,QUANTITY,UNIT_PRICE) values ('TX-2017-00013',4,'PRD0092',125,2200);
Insert into ORDER_ITEMS (ORDER_ID,ITEM_ID,PRODUCT_ID,QUANTITY,UNIT_PRICE) values ('TX-2016-00005',4,'PRD0034',71,417.98);
Insert into ORDER_ITEMS (ORDER_ID,ITEM_ID,PRODUCT_ID,QUANTITY,UNIT_PRICE) values ('CA-2016-00001',4,'PRD0109',117,713.99);
Insert into ORDER_ITEMS (ORDER_ID,ITEM_ID,PRODUCT_ID,QUANTITY,UNIT_PRICE) values ('NJ-2016-00003',4,'PRD0163',125,1899.99);
Insert into ORDER_ITEMS (ORDER_ID,ITEM_ID,PRODUCT_ID,QUANTITY,UNIT_PRICE) values ('TX-2016-00003',2,'PRD0035',130,1314.99);
Insert into ORDER_ITEMS (ORDER_ID,ITEM_ID,PRODUCT_ID,QUANTITY,UNIT_PRICE) values ('TX-2017-00002',4,'PRD0142',115,2998.89);
Insert into ORDER_ITEMS (ORDER_ID,ITEM_ID,PRODUCT_ID,QUANTITY,UNIT_PRICE) values ('TX-2017-00003',4,'PRD0272',56,1073.99);
Insert into ORDER_ITEMS (ORDER_ID,ITEM_ID,PRODUCT_ID,QUANTITY,UNIT_PRICE) values ('CA-2017-00001',4,'PRD0002',99,2554.99);
Insert into ORDER_ITEMS (ORDER_ID,ITEM_ID,PRODUCT_ID,QUANTITY,UNIT_PRICE) values ('CA-2015-00004',4,'PRD0200',87,620.95);
Insert into ORDER_ITEMS (ORDER_ID,ITEM_ID,PRODUCT_ID,QUANTITY,UNIT_PRICE) values ('CA-2016-00010',3,'PRD0204',138,686.99);
Insert into ORDER_ITEMS (ORDER_ID,ITEM_ID,PRODUCT_ID,QUANTITY,UNIT_PRICE) values ('NJ-2016-00009',4,'PRD0121',76,721.99);
Insert into ORDER_ITEMS (ORDER_ID,ITEM_ID,PRODUCT_ID,QUANTITY,UNIT_PRICE) values ('TX-2015-00004',3,'PRD0134',106,295.72);
Insert into ORDER_ITEMS (ORDER_ID,ITEM_ID,PRODUCT_ID,QUANTITY,UNIT_PRICE) values ('TX-2016-00012',4,'PRD0194',75,397.42);
Insert into ORDER_ITEMS (ORDER_ID,ITEM_ID,PRODUCT_ID,QUANTITY,UNIT_PRICE) values ('TX-2017-00017',3,'PRD0218',86,1388.89);
Insert into ORDER_ITEMS (ORDER_ID,ITEM_ID,PRODUCT_ID,QUANTITY,UNIT_PRICE) values ('TX-2016-00013',4,'PRD0138',80,645.99);
Insert into ORDER_ITEMS (ORDER_ID,ITEM_ID,PRODUCT_ID,QUANTITY,UNIT_PRICE) values ('TX-2017-00016',5,'PRD0138',131,645.99);
Insert into ORDER_ITEMS (ORDER_ID,ITEM_ID,PRODUCT_ID,QUANTITY,UNIT_PRICE) values ('CA-2015-00001',2,'PRD0265',121,1431.99);
Insert into ORDER_ITEMS (ORDER_ID,ITEM_ID,PRODUCT_ID,QUANTITY,UNIT_PRICE) values ('NJ-2017-00004',3,'PRD0028',63,479.99);
Insert into ORDER_ITEMS (ORDER_ID,ITEM_ID,PRODUCT_ID,QUANTITY,UNIT_PRICE) values ('CA-2017-00005',3,'PRD0216',82,863.98);
Insert into ORDER_ITEMS (ORDER_ID,ITEM_ID,PRODUCT_ID,QUANTITY,UNIT_PRICE) values ('TX-2015-00001',2,'PRD0138',41,645.99);
Insert into ORDER_ITEMS (ORDER_ID,ITEM_ID,PRODUCT_ID,QUANTITY,UNIT_PRICE) values ('TX-2017-00004',5,'PRD0284',118,54.99);
Insert into ORDER_ITEMS (ORDER_ID,ITEM_ID,PRODUCT_ID,QUANTITY,UNIT_PRICE) values ('NJ-2017-00007',4,'PRD0239',71,739.99);
Insert into ORDER_ITEMS (ORDER_ID,ITEM_ID,PRODUCT_ID,QUANTITY,UNIT_PRICE) values ('TX-2016-00004',4,'PRD0259',46,80.72);
Insert into ORDER_ITEMS (ORDER_ID,ITEM_ID,PRODUCT_ID,QUANTITY,UNIT_PRICE) values ('NJ-2017-00005',3,'PRD0250',120,338.99);
Insert into ORDER_ITEMS (ORDER_ID,ITEM_ID,PRODUCT_ID,QUANTITY,UNIT_PRICE) values ('NJ-2016-00001',5,'PRD0160',59,1908.73);
Insert into ORDER_ITEMS (ORDER_ID,ITEM_ID,PRODUCT_ID,QUANTITY,UNIT_PRICE) values ('CA-2016-00004',5,'PRD0235',45,41.99);
Insert into ORDER_ITEMS (ORDER_ID,ITEM_ID,PRODUCT_ID,QUANTITY,UNIT_PRICE) values ('CA-2016-00003',5,'PRD0118',122,699.89);
Insert into ORDER_ITEMS (ORDER_ID,ITEM_ID,PRODUCT_ID,QUANTITY,UNIT_PRICE) values ('CA-2017-00009',5,'PRD0027',99,800.74);
Insert into ORDER_ITEMS (ORDER_ID,ITEM_ID,PRODUCT_ID,QUANTITY,UNIT_PRICE) values ('CA-2017-00008',5,'PRD0258',137,57.98);
Insert into ORDER_ITEMS (ORDER_ID,ITEM_ID,PRODUCT_ID,QUANTITY,UNIT_PRICE) values ('CA-2017-00007',3,'PRD0260',37,267.99);
Insert into ORDER_ITEMS (ORDER_ID,ITEM_ID,PRODUCT_ID,QUANTITY,UNIT_PRICE) values ('TX-2017-00010',2,'PRD0142',130,2998.89);
Insert into ORDER_ITEMS (ORDER_ID,ITEM_ID,PRODUCT_ID,QUANTITY,UNIT_PRICE) values ('NJ-2016-00005',3,'PRD0211',87,1064.99);
Insert into ORDER_ITEMS (ORDER_ID,ITEM_ID,PRODUCT_ID,QUANTITY,UNIT_PRICE) values ('TX-2015-00002',5,'PRD0209',149,1199.99);
Insert into ORDER_ITEMS (ORDER_ID,ITEM_ID,PRODUCT_ID,QUANTITY,UNIT_PRICE) values ('TX-2017-00011',5,'PRD0098',149,2064.99);
Insert into ORDER_ITEMS (ORDER_ID,ITEM_ID,PRODUCT_ID,QUANTITY,UNIT_PRICE) values ('TX-2017-00012',5,'PRD0179',83,312.67);
Insert into ORDER_ITEMS (ORDER_ID,ITEM_ID,PRODUCT_ID,QUANTITY,UNIT_PRICE) values ('NJ-2017-00006',4,'PRD0164',114,1850);
Insert into ORDER_ITEMS (ORDER_ID,ITEM_ID,PRODUCT_ID,QUANTITY,UNIT_PRICE) values ('CA-2016-00005',5,'PRD0062',143,789.79);
Insert into ORDER_ITEMS (ORDER_ID,ITEM_ID,PRODUCT_ID,QUANTITY,UNIT_PRICE) values ('TX-2015-00003',5,'PRD0203',117,671.38);
Insert into ORDER_ITEMS (ORDER_ID,ITEM_ID,PRODUCT_ID,QUANTITY,UNIT_PRICE) values ('TX-2017-00013',5,'PRD0278',114,677.99);
Insert into ORDER_ITEMS (ORDER_ID,ITEM_ID,PRODUCT_ID,QUANTITY,UNIT_PRICE) values ('CA-2016-00001',5,'PRD0080',129,564.89);
Insert into ORDER_ITEMS (ORDER_ID,ITEM_ID,PRODUCT_ID,QUANTITY,UNIT_PRICE) values ('NJ-2016-00003',5,'PRD0108',150,849.99);
Insert into ORDER_ITEMS (ORDER_ID,ITEM_ID,PRODUCT_ID,QUANTITY,UNIT_PRICE) values ('CA-2017-00003',4,'PRD0082',58,1499.89);
Insert into ORDER_ITEMS (ORDER_ID,ITEM_ID,PRODUCT_ID,QUANTITY,UNIT_PRICE) values ('TX-2017-00001',3,'PRD0242',61,1751.99);
Insert into ORDER_ITEMS (ORDER_ID,ITEM_ID,PRODUCT_ID,QUANTITY,UNIT_PRICE) values ('TX-2017-00002',5,'PRD0192',37,519.99);
Insert into ORDER_ITEMS (ORDER_ID,ITEM_ID,PRODUCT_ID,QUANTITY,UNIT_PRICE) values ('TX-2017-00003',5,'PRD0089',133,749.99);
Insert into ORDER_ITEMS (ORDER_ID,ITEM_ID,PRODUCT_ID,QUANTITY,UNIT_PRICE) values ('CA-2015-00004',5,'PRD0181',37,999.99);
Insert into ORDER_ITEMS (ORDER_ID,ITEM_ID,PRODUCT_ID,QUANTITY,UNIT_PRICE) values ('TX-2016-00012',5,'PRD0272',111,1073.99);
Insert into ORDER_ITEMS (ORDER_ID,ITEM_ID,PRODUCT_ID,QUANTITY,UNIT_PRICE) values ('TX-2017-00017',4,'PRD0080',133,564.89);
Insert into ORDER_ITEMS (ORDER_ID,ITEM_ID,PRODUCT_ID,QUANTITY,UNIT_PRICE) values ('TX-2017-00016',6,'PRD0126',95,640.99);
Insert into ORDER_ITEMS (ORDER_ID,ITEM_ID,PRODUCT_ID,QUANTITY,UNIT_PRICE) values ('CA-2015-00001',3,'PRD0195',39,1055.99);
Insert into ORDER_ITEMS (ORDER_ID,ITEM_ID,PRODUCT_ID,QUANTITY,UNIT_PRICE) values ('NJ-2017-00004',4,'PRD0064',46,525.99);
Insert into ORDER_ITEMS (ORDER_ID,ITEM_ID,PRODUCT_ID,QUANTITY,UNIT_PRICE) values ('CA-2017-00005',4,'PRD0031',77,443.72);
Insert into ORDER_ITEMS (ORDER_ID,ITEM_ID,PRODUCT_ID,QUANTITY,UNIT_PRICE) values ('NJ-2017-00007',5,'PRD0230',92,136.69);
Insert into ORDER_ITEMS (ORDER_ID,ITEM_ID,PRODUCT_ID,QUANTITY,UNIT_PRICE) values ('TX-2016-00006',3,'PRD0093',83,2116.72);
Insert into ORDER_ITEMS (ORDER_ID,ITEM_ID,PRODUCT_ID,QUANTITY,UNIT_PRICE) values ('TX-2016-00004',5,'PRD0107',106,644);
Insert into ORDER_ITEMS (ORDER_ID,ITEM_ID,PRODUCT_ID,QUANTITY,UNIT_PRICE) values ('NJ-2016-00001',6,'PRD0056',43,16.99);
Insert into ORDER_ITEMS (ORDER_ID,ITEM_ID,PRODUCT_ID,QUANTITY,UNIT_PRICE) values ('CA-2016-00004',6,'PRD0028',85,479.99);
Insert into ORDER_ITEMS (ORDER_ID,ITEM_ID,PRODUCT_ID,QUANTITY,UNIT_PRICE) values ('CA-2016-00003',6,'PRD0029',133,645.99);
Insert into ORDER_ITEMS (ORDER_ID,ITEM_ID,PRODUCT_ID,QUANTITY,UNIT_PRICE) values ('CA-2017-00008',6,'PRD0030',75,645.2);
Insert into ORDER_ITEMS (ORDER_ID,ITEM_ID,PRODUCT_ID,QUANTITY,UNIT_PRICE) values ('CA-2017-00007',4,'PRD0237',50,744.98);
Insert into ORDER_ITEMS (ORDER_ID,ITEM_ID,PRODUCT_ID,QUANTITY,UNIT_PRICE) values ('TX-2017-00014',3,'PRD0191',147,573.99);
Insert into ORDER_ITEMS (ORDER_ID,ITEM_ID,PRODUCT_ID,QUANTITY,UNIT_PRICE) values ('TX-2015-00002',6,'PRD0278',76,677.99);
Insert into ORDER_ITEMS (ORDER_ID,ITEM_ID,PRODUCT_ID,QUANTITY,UNIT_PRICE) values ('TX-2016-00010',4,'PRD0053',128,1003.98);
Insert into ORDER_ITEMS (ORDER_ID,ITEM_ID,PRODUCT_ID,QUANTITY,UNIT_PRICE) values ('TX-2017-00011',6,'PRD0273',82,443.64);
Insert into ORDER_ITEMS (ORDER_ID,ITEM_ID,PRODUCT_ID,QUANTITY,UNIT_PRICE) values ('TX-2017-00012',6,'PRD0287',112,329.99);
Insert into ORDER_ITEMS (ORDER_ID,ITEM_ID,PRODUCT_ID,QUANTITY,UNIT_PRICE) values ('CA-2016-00005',6,'PRD0213',77,1469.96);
Insert into ORDER_ITEMS (ORDER_ID,ITEM_ID,PRODUCT_ID,QUANTITY,UNIT_PRICE) values ('TX-2015-00003',6,'PRD0154',126,1204.98);
Insert into ORDER_ITEMS (ORDER_ID,ITEM_ID,PRODUCT_ID,QUANTITY,UNIT_PRICE) values ('CA-2013-00001',4,'PRD0248',42,2774.98);
Insert into ORDER_ITEMS (ORDER_ID,ITEM_ID,PRODUCT_ID,QUANTITY,UNIT_PRICE) values ('CA-2016-00002',4,'PRD0103',88,809.99);
Insert into ORDER_ITEMS (ORDER_ID,ITEM_ID,PRODUCT_ID,QUANTITY,UNIT_PRICE) values ('NJ-2016-00003',6,'PRD0013',141,704.99);
Insert into ORDER_ITEMS (ORDER_ID,ITEM_ID,PRODUCT_ID,QUANTITY,UNIT_PRICE) values ('CA-2017-00003',5,'PRD0278',71,677.99);
Insert into ORDER_ITEMS (ORDER_ID,ITEM_ID,PRODUCT_ID,QUANTITY,UNIT_PRICE) values ('TX-2017-00008',3,'PRD0102',84,2042.69);
Insert into ORDER_ITEMS (ORDER_ID,ITEM_ID,PRODUCT_ID,QUANTITY,UNIT_PRICE) values ('TX-2017-00001',4,'PRD0106',82,608.95);
Insert into ORDER_ITEMS (ORDER_ID,ITEM_ID,PRODUCT_ID,QUANTITY,UNIT_PRICE) values ('TX-2017-00002',6,'PRD0095',81,109.99);
Insert into ORDER_ITEMS (ORDER_ID,ITEM_ID,PRODUCT_ID,QUANTITY,UNIT_PRICE) values ('TX-2017-00003',6,'PRD0167',46,1010.46);
Insert into ORDER_ITEMS (ORDER_ID,ITEM_ID,PRODUCT_ID,QUANTITY,UNIT_PRICE) values ('CA-2015-00004',6,'PRD0206',145,4139);
Insert into ORDER_ITEMS (ORDER_ID,ITEM_ID,PRODUCT_ID,QUANTITY,UNIT_PRICE) values ('CA-2016-00009',2,'PRD0241',134,1756);
Insert into ORDER_ITEMS (ORDER_ID,ITEM_ID,PRODUCT_ID,QUANTITY,UNIT_PRICE) values ('TX-2016-00012',6,'PRD0123',37,3177.44);
Insert into ORDER_ITEMS (ORDER_ID,ITEM_ID,PRODUCT_ID,QUANTITY,UNIT_PRICE) values ('TX-2015-00005',3,'PRD0065',132,1199.99);
Insert into ORDER_ITEMS (ORDER_ID,ITEM_ID,PRODUCT_ID,QUANTITY,UNIT_PRICE) values ('TX-2016-00007',3,'PRD0271',69,549.59);
Insert into ORDER_ITEMS (ORDER_ID,ITEM_ID,PRODUCT_ID,QUANTITY,UNIT_PRICE) values ('NJ-2017-00001',2,'PRD0118',37,699.89);
Insert into ORDER_ITEMS (ORDER_ID,ITEM_ID,PRODUCT_ID,QUANTITY,UNIT_PRICE) values ('TX-2017-00016',7,'PRD0030',41,645.2);
Insert into ORDER_ITEMS (ORDER_ID,ITEM_ID,PRODUCT_ID,QUANTITY,UNIT_PRICE) values ('CA-2015-00001',4,'PRD0018',49,799);
Insert into ORDER_ITEMS (ORDER_ID,ITEM_ID,PRODUCT_ID,QUANTITY,UNIT_PRICE) values ('NJ-2017-00004',5,'PRD0107',112,644);
Insert into ORDER_ITEMS (ORDER_ID,ITEM_ID,PRODUCT_ID,QUANTITY,UNIT_PRICE) values ('NJ-2015-00001',2,'PRD0137',75,469.99);
Insert into ORDER_ITEMS (ORDER_ID,ITEM_ID,PRODUCT_ID,QUANTITY,UNIT_PRICE) values ('CA-2017-00005',5,'PRD0031',78,443.72);
Insert into ORDER_ITEMS (ORDER_ID,ITEM_ID,PRODUCT_ID,QUANTITY,UNIT_PRICE) values ('TX-2017-00005',5,'PRD0145',58,287);
Insert into ORDER_ITEMS (ORDER_ID,ITEM_ID,PRODUCT_ID,QUANTITY,UNIT_PRICE) values ('CA-2017-00002',3,'PRD0182',83,949.89);
Insert into ORDER_ITEMS (ORDER_ID,ITEM_ID,PRODUCT_ID,QUANTITY,UNIT_PRICE) values ('NJ-2017-00007',6,'PRD0253',83,579.99);
Insert into ORDER_ITEMS (ORDER_ID,ITEM_ID,PRODUCT_ID,QUANTITY,UNIT_PRICE) values ('TX-2016-00004',6,'PRD0103',105,809.99);
Insert into ORDER_ITEMS (ORDER_ID,ITEM_ID,PRODUCT_ID,QUANTITY,UNIT_PRICE) values ('NJ-2016-00001',7,'PRD0017',60,699.01);
Insert into ORDER_ITEMS (ORDER_ID,ITEM_ID,PRODUCT_ID,QUANTITY,UNIT_PRICE) values ('CA-2016-00003',7,'PRD0155',51,588.95);
Insert into ORDER_ITEMS (ORDER_ID,ITEM_ID,PRODUCT_ID,QUANTITY,UNIT_PRICE) values ('CA-2017-00008',7,'PRD0166',103,1638.89);
Insert into ORDER_ITEMS (ORDER_ID,ITEM_ID,PRODUCT_ID,QUANTITY,UNIT_PRICE) values ('CA-2017-00007',5,'PRD0043',68,298.98);
Insert into ORDER_ITEMS (ORDER_ID,ITEM_ID,PRODUCT_ID,QUANTITY,UNIT_PRICE) values ('TX-2017-00014',4,'PRD0226',34,309.85);
Insert into ORDER_ITEMS (ORDER_ID,ITEM_ID,PRODUCT_ID,QUANTITY,UNIT_PRICE) values ('NJ-2016-00002',2,'PRD0131',113,279.99);
Insert into ORDER_ITEMS (ORDER_ID,ITEM_ID,PRODUCT_ID,QUANTITY,UNIT_PRICE) values ('TX-2015-00002',7,'PRD0049',139,1499.99);
Insert into ORDER_ITEMS (ORDER_ID,ITEM_ID,PRODUCT_ID,QUANTITY,UNIT_PRICE) values ('TX-2016-00010',5,'PRD0038',144,1199.99);
Insert into ORDER_ITEMS (ORDER_ID,ITEM_ID,PRODUCT_ID,QUANTITY,UNIT_PRICE) values ('TX-2017-00011',7,'PRD0258',99,57.98);
Insert into ORDER_ITEMS (ORDER_ID,ITEM_ID,PRODUCT_ID,QUANTITY,UNIT_PRICE) values ('TX-2017-00012',7,'PRD0025',101,104.88);
Insert into ORDER_ITEMS (ORDER_ID,ITEM_ID,PRODUCT_ID,QUANTITY,UNIT_PRICE) values ('CA-2015-00003',2,'PRD0010',147,811.99);
Insert into ORDER_ITEMS (ORDER_ID,ITEM_ID,PRODUCT_ID,QUANTITY,UNIT_PRICE) values ('NJ-2017-00002',3,'PRD0271',37,549.59);
Insert into ORDER_ITEMS (ORDER_ID,ITEM_ID,PRODUCT_ID,QUANTITY,UNIT_PRICE) values ('TX-2015-00003',7,'PRD0152',82,280.98);
Insert into ORDER_ITEMS (ORDER_ID,ITEM_ID,PRODUCT_ID,QUANTITY,UNIT_PRICE) values ('TX-2016-00005',5,'PRD0015',32,725.99);
Insert into ORDER_ITEMS (ORDER_ID,ITEM_ID,PRODUCT_ID,QUANTITY,UNIT_PRICE) values ('CA-2016-00002',5,'PRD0174',66,798.26);
Insert into ORDER_ITEMS (ORDER_ID,ITEM_ID,PRODUCT_ID,QUANTITY,UNIT_PRICE) values ('CA-2016-00001',6,'PRD0108',82,849.99);
Insert into ORDER_ITEMS (ORDER_ID,ITEM_ID,PRODUCT_ID,QUANTITY,UNIT_PRICE) values ('TX-2017-00008',4,'PRD0082',139,1499.89);
Insert into ORDER_ITEMS (ORDER_ID,ITEM_ID,PRODUCT_ID,QUANTITY,UNIT_PRICE) values ('TX-2017-00001',5,'PRD0003',101,799.99);
Insert into ORDER_ITEMS (ORDER_ID,ITEM_ID,PRODUCT_ID,QUANTITY,UNIT_PRICE) values ('TX-2017-00002',7,'PRD0106',74,608.95);
Insert into ORDER_ITEMS (ORDER_ID,ITEM_ID,PRODUCT_ID,QUANTITY,UNIT_PRICE) values ('TX-2017-00003',7,'PRD0196',125,1099.99);
Insert into ORDER_ITEMS (ORDER_ID,ITEM_ID,PRODUCT_ID,QUANTITY,UNIT_PRICE) values ('CA-2016-00010',4,'PRD0063',146,572.96);
Insert into ORDER_ITEMS (ORDER_ID,ITEM_ID,PRODUCT_ID,QUANTITY,UNIT_PRICE) values ('CA-2016-00009',3,'PRD0069',104,678.75);
Insert into ORDER_ITEMS (ORDER_ID,ITEM_ID,PRODUCT_ID,QUANTITY,UNIT_PRICE) values ('TX-2015-00004',4,'PRD0093',146,2116.72);
Insert into ORDER_ITEMS (ORDER_ID,ITEM_ID,PRODUCT_ID,QUANTITY,UNIT_PRICE) values ('TX-2016-00012',7,'PRD0118',113,699.89);
Insert into ORDER_ITEMS (ORDER_ID,ITEM_ID,PRODUCT_ID,QUANTITY,UNIT_PRICE) values ('TX-2015-00005',4,'PRD0110',111,3192.97);
Insert into ORDER_ITEMS (ORDER_ID,ITEM_ID,PRODUCT_ID,QUANTITY,UNIT_PRICE) values ('TX-2016-00007',4,'PRD0086',123,804.98);
Insert into ORDER_ITEMS (ORDER_ID,ITEM_ID,PRODUCT_ID,QUANTITY,UNIT_PRICE) values ('NJ-2016-00004',4,'PRD0033',67,52.65);
Insert into ORDER_ITEMS (ORDER_ID,ITEM_ID,PRODUCT_ID,QUANTITY,UNIT_PRICE) values ('NJ-2017-00001',3,'PRD0084',98,440.3);
Insert into ORDER_ITEMS (ORDER_ID,ITEM_ID,PRODUCT_ID,QUANTITY,UNIT_PRICE) values ('TX-2016-00014',2,'PRD0095',117,109.99);
Insert into ORDER_ITEMS (ORDER_ID,ITEM_ID,PRODUCT_ID,QUANTITY,UNIT_PRICE) values ('TX-2016-00001',2,'PRD0258',142,57.98);
Insert into ORDER_ITEMS (ORDER_ID,ITEM_ID,PRODUCT_ID,QUANTITY,UNIT_PRICE) values ('TX-2017-00016',8,'PRD0170',129,383.98);
Insert into ORDER_ITEMS (ORDER_ID,ITEM_ID,PRODUCT_ID,QUANTITY,UNIT_PRICE) values ('CA-2015-00001',5,'PRD0160',30,1908.73);
Insert into ORDER_ITEMS (ORDER_ID,ITEM_ID,PRODUCT_ID,QUANTITY,UNIT_PRICE) values ('NJ-2017-00004',6,'PRD0036',81,1299.99);
Insert into ORDER_ITEMS (ORDER_ID,ITEM_ID,PRODUCT_ID,QUANTITY,UNIT_PRICE) values ('NJ-2015-00001',3,'PRD0007',140,680.99);
Insert into ORDER_ITEMS (ORDER_ID,ITEM_ID,PRODUCT_ID,QUANTITY,UNIT_PRICE) values ('TX-2017-00004',6,'PRD0127',34,719.99);
Insert into ORDER_ITEMS (ORDER_ID,ITEM_ID,PRODUCT_ID,QUANTITY,UNIT_PRICE) values ('TX-2017-00005',6,'PRD0014',48,704.99);
Insert into ORDER_ITEMS (ORDER_ID,ITEM_ID,PRODUCT_ID,QUANTITY,UNIT_PRICE) values ('CA-2017-00002',4,'PRD0172',133,358.49);
Insert into ORDER_ITEMS (ORDER_ID,ITEM_ID,PRODUCT_ID,QUANTITY,UNIT_PRICE) values ('NJ-2016-00006',5,'PRD0045',80,2501.69);
Insert into ORDER_ITEMS (ORDER_ID,ITEM_ID,PRODUCT_ID,QUANTITY,UNIT_PRICE) values ('TX-2016-00004',7,'PRD0030',94,645.2);
Insert into ORDER_ITEMS (ORDER_ID,ITEM_ID,PRODUCT_ID,QUANTITY,UNIT_PRICE) values ('NJ-2017-00005',4,'PRD0001',135,640.99);
Insert into ORDER_ITEMS (ORDER_ID,ITEM_ID,PRODUCT_ID,QUANTITY,UNIT_PRICE) values ('NJ-2016-00001',8,'PRD0222',99,754.98);
Insert into ORDER_ITEMS (ORDER_ID,ITEM_ID,PRODUCT_ID,QUANTITY,UNIT_PRICE) values ('CA-2016-00003',8,'PRD0071',127,660);
Insert into ORDER_ITEMS (ORDER_ID,ITEM_ID,PRODUCT_ID,QUANTITY,UNIT_PRICE) values ('CA-2017-00008',8,'PRD0010',81,811.99);
Insert into ORDER_ITEMS (ORDER_ID,ITEM_ID,PRODUCT_ID,QUANTITY,UNIT_PRICE) values ('TX-2017-00014',5,'PRD0079',56,659.99);
Insert into ORDER_ITEMS (ORDER_ID,ITEM_ID,PRODUCT_ID,QUANTITY,UNIT_PRICE) values ('TX-2017-00010',3,'PRD0073',134,799);
Insert into ORDER_ITEMS (ORDER_ID,ITEM_ID,PRODUCT_ID,QUANTITY,UNIT_PRICE) values ('NJ-2016-00002',3,'PRD0039',100,301.99);
Insert into ORDER_ITEMS (ORDER_ID,ITEM_ID,PRODUCT_ID,QUANTITY,UNIT_PRICE) values ('TX-2017-00007',3,'PRD0147',100,283.98);
Insert into ORDER_ITEMS (ORDER_ID,ITEM_ID,PRODUCT_ID,QUANTITY,UNIT_PRICE) values ('TX-2016-00010',6,'PRD0020',112,719.99);
Insert into ORDER_ITEMS (ORDER_ID,ITEM_ID,PRODUCT_ID,QUANTITY,UNIT_PRICE) values ('TX-2017-00011',8,'PRD0031',30,443.72);
Insert into ORDER_ITEMS (ORDER_ID,ITEM_ID,PRODUCT_ID,QUANTITY,UNIT_PRICE) values ('CA-2015-00003',3,'PRD0249',76,2660.72);
Insert into ORDER_ITEMS (ORDER_ID,ITEM_ID,PRODUCT_ID,QUANTITY,UNIT_PRICE) values ('NJ-2017-00002',4,'PRD0158',100,2009.46);
Insert into ORDER_ITEMS (ORDER_ID,ITEM_ID,PRODUCT_ID,QUANTITY,UNIT_PRICE) values ('CA-2016-00007',2,'PRD0004',136,2699.99);
Insert into ORDER_ITEMS (ORDER_ID,ITEM_ID,PRODUCT_ID,QUANTITY,UNIT_PRICE) values ('CA-2016-00005',7,'PRD0108',49,849.99);
Insert into ORDER_ITEMS (ORDER_ID,ITEM_ID,PRODUCT_ID,QUANTITY,UNIT_PRICE) values ('TX-2016-00005',6,'PRD0005',50,2290.79);
Insert into ORDER_ITEMS (ORDER_ID,ITEM_ID,PRODUCT_ID,QUANTITY,UNIT_PRICE) values ('CA-2016-00001',7,'PRD0078',124,686.99);
Insert into ORDER_ITEMS (ORDER_ID,ITEM_ID,PRODUCT_ID,QUANTITY,UNIT_PRICE) values ('TX-2017-00008',5,'PRD0124',106,594.99);
Insert into ORDER_ITEMS (ORDER_ID,ITEM_ID,PRODUCT_ID,QUANTITY,UNIT_PRICE) values ('TX-2016-00003',3,'PRD0031',102,443.72);
Insert into ORDER_ITEMS (ORDER_ID,ITEM_ID,PRODUCT_ID,QUANTITY,UNIT_PRICE) values ('TX-2017-00002',8,'PRD0024',82,66.89);
Insert into ORDER_ITEMS (ORDER_ID,ITEM_ID,PRODUCT_ID,QUANTITY,UNIT_PRICE) values ('CA-2016-00009',4,'PRD0049',83,1499.99);
Insert into ORDER_ITEMS (ORDER_ID,ITEM_ID,PRODUCT_ID,QUANTITY,UNIT_PRICE) values ('TX-2015-00004',5,'PRD0073',129,799);
Insert into ORDER_ITEMS (ORDER_ID,ITEM_ID,PRODUCT_ID,QUANTITY,UNIT_PRICE) values ('TX-2016-00012',8,'PRD0196',102,1099.99);
Insert into ORDER_ITEMS (ORDER_ID,ITEM_ID,PRODUCT_ID,QUANTITY,UNIT_PRICE) values ('TX-2016-00007',5,'PRD0107',76,644);
Insert into ORDER_ITEMS (ORDER_ID,ITEM_ID,PRODUCT_ID,QUANTITY,UNIT_PRICE) values ('NJ-2016-00004',5,'PRD0099',48,68.06);
Insert into ORDER_ITEMS (ORDER_ID,ITEM_ID,PRODUCT_ID,QUANTITY,UNIT_PRICE) values ('CA-2017-00004',2,'PRD0048',44,1218.5);
Insert into ORDER_ITEMS (ORDER_ID,ITEM_ID,PRODUCT_ID,QUANTITY,UNIT_PRICE) values ('NJ-2017-00001',4,'PRD0036',71,1299.99);
Insert into ORDER_ITEMS (ORDER_ID,ITEM_ID,PRODUCT_ID,QUANTITY,UNIT_PRICE) values ('TX-2016-00013',5,'PRD0103',77,809.99);
Insert into ORDER_ITEMS (ORDER_ID,ITEM_ID,PRODUCT_ID,QUANTITY,UNIT_PRICE) values ('TX-2017-00016',9,'PRD0196',139,1099.99);
Insert into ORDER_ITEMS (ORDER_ID,ITEM_ID,PRODUCT_ID,QUANTITY,UNIT_PRICE) values ('CA-2015-00001',6,'PRD0182',95,949.89);
Insert into ORDER_ITEMS (ORDER_ID,ITEM_ID,PRODUCT_ID,QUANTITY,UNIT_PRICE) values ('NJ-2017-00004',7,'PRD0125',73,768.99);
Insert into ORDER_ITEMS (ORDER_ID,ITEM_ID,PRODUCT_ID,QUANTITY,UNIT_PRICE) values ('NJ-2015-00001',4,'PRD0287',60,329.99);
Insert into ORDER_ITEMS (ORDER_ID,ITEM_ID,PRODUCT_ID,QUANTITY,UNIT_PRICE) values ('TX-2017-00006',2,'PRD0230',49,136.69);
Insert into ORDER_ITEMS (ORDER_ID,ITEM_ID,PRODUCT_ID,QUANTITY,UNIT_PRICE) values ('TX-2017-00004',7,'PRD0016',135,889.89);
Insert into ORDER_ITEMS (ORDER_ID,ITEM_ID,PRODUCT_ID,QUANTITY,UNIT_PRICE) values ('TX-2017-00005',7,'PRD0124',117,594.99);
Insert into ORDER_ITEMS (ORDER_ID,ITEM_ID,PRODUCT_ID,QUANTITY,UNIT_PRICE) values ('CA-2017-00002',5,'PRD0218',68,1388.89);
Insert into ORDER_ITEMS (ORDER_ID,ITEM_ID,PRODUCT_ID,QUANTITY,UNIT_PRICE) values ('NJ-2016-00006',6,'PRD0131',53,279.99);
Insert into ORDER_ITEMS (ORDER_ID,ITEM_ID,PRODUCT_ID,QUANTITY,UNIT_PRICE) values ('TX-2016-00006',4,'PRD0091',141,2259.99);
Insert into ORDER_ITEMS (ORDER_ID,ITEM_ID,PRODUCT_ID,QUANTITY,UNIT_PRICE) values ('NJ-2016-00001',9,'PRD0008',89,601.99);
Insert into ORDER_ITEMS (ORDER_ID,ITEM_ID,PRODUCT_ID,QUANTITY,UNIT_PRICE) values ('CA-2016-00003',9,'PRD0093',132,2116.72);
Insert into ORDER_ITEMS (ORDER_ID,ITEM_ID,PRODUCT_ID,QUANTITY,UNIT_PRICE) values ('CA-2017-00009',6,'PRD0210',120,1029.99);
Insert into ORDER_ITEMS (ORDER_ID,ITEM_ID,PRODUCT_ID,QUANTITY,UNIT_PRICE) values ('CA-2017-00008',9,'PRD0233',71,59.99);
Insert into ORDER_ITEMS (ORDER_ID,ITEM_ID,PRODUCT_ID,QUANTITY,UNIT_PRICE) values ('TX-2017-00010',4,'PRD0030',105,645.2);
Insert into ORDER_ITEMS (ORDER_ID,ITEM_ID,PRODUCT_ID,QUANTITY,UNIT_PRICE) values ('NJ-2017-00003',4,'PRD0055',93,150.99);
Insert into ORDER_ITEMS (ORDER_ID,ITEM_ID,PRODUCT_ID,QUANTITY,UNIT_PRICE) values ('NJ-2016-00002',4,'PRD0143',106,402.99);
Insert into ORDER_ITEMS (ORDER_ID,ITEM_ID,PRODUCT_ID,QUANTITY,UNIT_PRICE) values ('TX-2016-00010',7,'PRD0185',101,873.98);
Insert into ORDER_ITEMS (ORDER_ID,ITEM_ID,PRODUCT_ID,QUANTITY,UNIT_PRICE) values ('TX-2017-00011',9,'PRD0170',31,383.98);
Insert into ORDER_ITEMS (ORDER_ID,ITEM_ID,PRODUCT_ID,QUANTITY,UNIT_PRICE) values ('CA-2015-00002',5,'PRD0086',114,804.98);
Insert into ORDER_ITEMS (ORDER_ID,ITEM_ID,PRODUCT_ID,QUANTITY,UNIT_PRICE) values ('TX-2016-00008',3,'PRD0009',106,899.99);
Insert into ORDER_ITEMS (ORDER_ID,ITEM_ID,PRODUCT_ID,QUANTITY,UNIT_PRICE) values ('CA-2016-00007',3,'PRD0068',134,766.11);
Insert into ORDER_ITEMS (ORDER_ID,ITEM_ID,PRODUCT_ID,QUANTITY,UNIT_PRICE) values ('NJ-2017-00006',5,'PRD0132',77,554.99);
Insert into ORDER_ITEMS (ORDER_ID,ITEM_ID,PRODUCT_ID,QUANTITY,UNIT_PRICE) values ('CA-2016-00005',8,'PRD0157',65,388.99);
Insert into ORDER_ITEMS (ORDER_ID,ITEM_ID,PRODUCT_ID,QUANTITY,UNIT_PRICE) values ('TX-2016-00005',7,'PRD0052',45,1676.98);
Insert into ORDER_ITEMS (ORDER_ID,ITEM_ID,PRODUCT_ID,QUANTITY,UNIT_PRICE) values ('CA-2016-00001',8,'PRD0247',39,339.99);
Insert into ORDER_ITEMS (ORDER_ID,ITEM_ID,PRODUCT_ID,QUANTITY,UNIT_PRICE) values ('CA-2017-00003',6,'PRD0003',46,799.99);
Insert into ORDER_ITEMS (ORDER_ID,ITEM_ID,PRODUCT_ID,QUANTITY,UNIT_PRICE) values ('TX-2017-00008',6,'PRD0050',68,8867.99);
Insert into ORDER_ITEMS (ORDER_ID,ITEM_ID,PRODUCT_ID,QUANTITY,UNIT_PRICE) values ('TX-2017-00002',9,'PRD0020',34,719.99);
Insert into ORDER_ITEMS (ORDER_ID,ITEM_ID,PRODUCT_ID,QUANTITY,UNIT_PRICE) values ('TX-2017-00003',8,'PRD0201',91,653.5);
Insert into ORDER_ITEMS (ORDER_ID,ITEM_ID,PRODUCT_ID,QUANTITY,UNIT_PRICE) values ('CA-2016-00009',5,'PRD0055',144,150.99);
Insert into ORDER_ITEMS (ORDER_ID,ITEM_ID,PRODUCT_ID,QUANTITY,UNIT_PRICE) values ('TX-2015-00004',6,'PRD0185',147,873.98);
Insert into ORDER_ITEMS (ORDER_ID,ITEM_ID,PRODUCT_ID,QUANTITY,UNIT_PRICE) values ('TX-2017-00017',5,'PRD0181',143,999.99);
Insert into ORDER_ITEMS (ORDER_ID,ITEM_ID,PRODUCT_ID,QUANTITY,UNIT_PRICE) values ('TX-2016-00007',6,'PRD0071',135,660);
Insert into ORDER_ITEMS (ORDER_ID,ITEM_ID,PRODUCT_ID,QUANTITY,UNIT_PRICE) values ('NJ-2016-00004',6,'PRD0219',132,1299.73);
Insert into ORDER_ITEMS (ORDER_ID,ITEM_ID,PRODUCT_ID,QUANTITY,UNIT_PRICE) values ('NJ-2017-00001',5,'PRD0200',58,620.95);
Insert into ORDER_ITEMS (ORDER_ID,ITEM_ID,PRODUCT_ID,QUANTITY,UNIT_PRICE) values ('TX-2017-00016',10,'PRD0064',147,525.99);
Insert into ORDER_ITEMS (ORDER_ID,ITEM_ID,PRODUCT_ID,QUANTITY,UNIT_PRICE) values ('CA-2015-00001',7,'PRD0204',100,686.99);
Insert into ORDER_ITEMS (ORDER_ID,ITEM_ID,PRODUCT_ID,QUANTITY,UNIT_PRICE) values ('NJ-2017-00004',8,'PRD0190',127,948.99);
Insert into ORDER_ITEMS (ORDER_ID,ITEM_ID,PRODUCT_ID,QUANTITY,UNIT_PRICE) values ('NJ-2015-00001',5,'PRD0020',80,719.99);
Insert into ORDER_ITEMS (ORDER_ID,ITEM_ID,PRODUCT_ID,QUANTITY,UNIT_PRICE) values ('TX-2015-00001',3,'PRD0094',90,15.55);
Insert into ORDER_ITEMS (ORDER_ID,ITEM_ID,PRODUCT_ID,QUANTITY,UNIT_PRICE) values ('CA-2017-00002',6,'PRD0064',96,525.99);
Insert into ORDER_ITEMS (ORDER_ID,ITEM_ID,PRODUCT_ID,QUANTITY,UNIT_PRICE) values ('NJ-2017-00007',7,'PRD0083',118,829.99);
Insert into ORDER_ITEMS (ORDER_ID,ITEM_ID,PRODUCT_ID,QUANTITY,UNIT_PRICE) values ('NJ-2016-00006',7,'PRD0256',44,26.99);
Insert into ORDER_ITEMS (ORDER_ID,ITEM_ID,PRODUCT_ID,QUANTITY,UNIT_PRICE) values ('TX-2016-00006',5,'PRD0087',103,759.99);
Insert into ORDER_ITEMS (ORDER_ID,ITEM_ID,PRODUCT_ID,QUANTITY,UNIT_PRICE) values ('NJ-2016-00001',10,'PRD0090',95,759.99);
Insert into ORDER_ITEMS (ORDER_ID,ITEM_ID,PRODUCT_ID,QUANTITY,UNIT_PRICE) values ('CA-2016-00003',10,'PRD0150',58,281.98);
Insert into ORDER_ITEMS (ORDER_ID,ITEM_ID,PRODUCT_ID,QUANTITY,UNIT_PRICE) values ('CA-2017-00007',6,'PRD0004',82,2699.99);
Insert into ORDER_ITEMS (ORDER_ID,ITEM_ID,PRODUCT_ID,QUANTITY,UNIT_PRICE) values ('NJ-2017-00003',5,'PRD0062',84,789.79);
Insert into ORDER_ITEMS (ORDER_ID,ITEM_ID,PRODUCT_ID,QUANTITY,UNIT_PRICE) values ('NJ-2016-00002',5,'PRD0068',37,766.11);
Insert into ORDER_ITEMS (ORDER_ID,ITEM_ID,PRODUCT_ID,QUANTITY,UNIT_PRICE) values ('NJ-2016-00005',4,'PRD0041',79,299.89);
Insert into ORDER_ITEMS (ORDER_ID,ITEM_ID,PRODUCT_ID,QUANTITY,UNIT_PRICE) values ('TX-2016-00010',8,'PRD0179',102,312.67);
Insert into ORDER_ITEMS (ORDER_ID,ITEM_ID,PRODUCT_ID,QUANTITY,UNIT_PRICE) values ('TX-2017-00011',10,'PRD0215',36,829.89);
Insert into ORDER_ITEMS (ORDER_ID,ITEM_ID,PRODUCT_ID,QUANTITY,UNIT_PRICE) values ('TX-2017-00012',8,'PRD0021',31,749.99);
Insert into ORDER_ITEMS (ORDER_ID,ITEM_ID,PRODUCT_ID,QUANTITY,UNIT_PRICE) values ('CA-2015-00003',4,'PRD0213',103,1469.96);
Insert into ORDER_ITEMS (ORDER_ID,ITEM_ID,PRODUCT_ID,QUANTITY,UNIT_PRICE) values ('CA-2015-00002',6,'PRD0235',86,41.99);
Insert into ORDER_ITEMS (ORDER_ID,ITEM_ID,PRODUCT_ID,QUANTITY,UNIT_PRICE) values ('CA-2016-00005',9,'PRD0136',134,826.99);
Insert into ORDER_ITEMS (ORDER_ID,ITEM_ID,PRODUCT_ID,QUANTITY,UNIT_PRICE) values ('CA-2016-00002',6,'PRD0097',130,59.87);
Insert into ORDER_ITEMS (ORDER_ID,ITEM_ID,PRODUCT_ID,QUANTITY,UNIT_PRICE) values ('NJ-2016-00003',7,'PRD0189',139,649);
Insert into ORDER_ITEMS (ORDER_ID,ITEM_ID,PRODUCT_ID,QUANTITY,UNIT_PRICE) values ('CA-2017-00003',7,'PRD0079',49,659.99);
Insert into ORDER_ITEMS (ORDER_ID,ITEM_ID,PRODUCT_ID,QUANTITY,UNIT_PRICE) values ('CA-2016-00009',6,'PRD0065',61,1199.99);
Insert into ORDER_ITEMS (ORDER_ID,ITEM_ID,PRODUCT_ID,QUANTITY,UNIT_PRICE) values ('TX-2015-00004',7,'PRD0250',125,338.99);
Insert into ORDER_ITEMS (ORDER_ID,ITEM_ID,PRODUCT_ID,QUANTITY,UNIT_PRICE) values ('TX-2015-00005',5,'PRD0114',112,820.61);
Insert into ORDER_ITEMS (ORDER_ID,ITEM_ID,PRODUCT_ID,QUANTITY,UNIT_PRICE) values ('TX-2016-00011',2,'PRD0169',46,1844.89);
Insert into ORDER_ITEMS (ORDER_ID,ITEM_ID,PRODUCT_ID,QUANTITY,UNIT_PRICE) values ('TX-2017-00017',6,'PRD0004',111,2699.99);
Insert into ORDER_ITEMS (ORDER_ID,ITEM_ID,PRODUCT_ID,QUANTITY,UNIT_PRICE) values ('NJ-2017-00001',6,'PRD0001',43,640.99);
Insert into ORDER_ITEMS (ORDER_ID,ITEM_ID,PRODUCT_ID,QUANTITY,UNIT_PRICE) values ('TX-2017-00016',11,'PRD0169',105,1844.89);
Insert into ORDER_ITEMS (ORDER_ID,ITEM_ID,PRODUCT_ID,QUANTITY,UNIT_PRICE) values ('CA-2015-00001',8,'PRD0141',97,419.99);
Insert into ORDER_ITEMS (ORDER_ID,ITEM_ID,PRODUCT_ID,QUANTITY,UNIT_PRICE) values ('NJ-2015-00001',6,'PRD0159',96,1994.49);
Insert into ORDER_ITEMS (ORDER_ID,ITEM_ID,PRODUCT_ID,QUANTITY,UNIT_PRICE) values ('TX-2015-00001',4,'PRD0258',145,57.98);
Insert into ORDER_ITEMS (ORDER_ID,ITEM_ID,PRODUCT_ID,QUANTITY,UNIT_PRICE) values ('CA-2017-00002',7,'PRD0127',52,719.99);
Insert into ORDER_ITEMS (ORDER_ID,ITEM_ID,PRODUCT_ID,QUANTITY,UNIT_PRICE) values ('NJ-2017-00007',8,'PRD0241',77,1756);
Insert into ORDER_ITEMS (ORDER_ID,ITEM_ID,PRODUCT_ID,QUANTITY,UNIT_PRICE) values ('NJ-2016-00006',8,'PRD0138',142,645.99);
Insert into ORDER_ITEMS (ORDER_ID,ITEM_ID,PRODUCT_ID,QUANTITY,UNIT_PRICE) values ('TX-2016-00006',6,'PRD0259',60,80.72);
Insert into ORDER_ITEMS (ORDER_ID,ITEM_ID,PRODUCT_ID,QUANTITY,UNIT_PRICE) values ('TX-2016-00004',8,'PRD0091',130,2259.99);
Insert into ORDER_ITEMS (ORDER_ID,ITEM_ID,PRODUCT_ID,QUANTITY,UNIT_PRICE) values ('NJ-2016-00001',11,'PRD0234',144,150.99);
Insert into ORDER_ITEMS (ORDER_ID,ITEM_ID,PRODUCT_ID,QUANTITY,UNIT_PRICE) values ('CA-2016-00003',11,'PRD0116',67,731.99);
Insert into ORDER_ITEMS (ORDER_ID,ITEM_ID,PRODUCT_ID,QUANTITY,UNIT_PRICE) values ('CA-2017-00007',7,'PRD0155',64,588.95);
Insert into ORDER_ITEMS (ORDER_ID,ITEM_ID,PRODUCT_ID,QUANTITY,UNIT_PRICE) values ('NJ-2017-00003',6,'PRD0190',70,948.99);
Insert into ORDER_ITEMS (ORDER_ID,ITEM_ID,PRODUCT_ID,QUANTITY,UNIT_PRICE) values ('CA-2015-00003',5,'PRD0252',85,499.99);
Insert into ORDER_ITEMS (ORDER_ID,ITEM_ID,PRODUCT_ID,QUANTITY,UNIT_PRICE) values ('CA-2015-00002',7,'PRD0001',57,640.99);
Insert into ORDER_ITEMS (ORDER_ID,ITEM_ID,PRODUCT_ID,QUANTITY,UNIT_PRICE) values ('CA-2016-00005',10,'PRD0163',31,1899.99);
Insert into ORDER_ITEMS (ORDER_ID,ITEM_ID,PRODUCT_ID,QUANTITY,UNIT_PRICE) values ('TX-2017-00013',6,'PRD0051',79,2269.99);
Insert into ORDER_ITEMS (ORDER_ID,ITEM_ID,PRODUCT_ID,QUANTITY,UNIT_PRICE) values ('CA-2013-00001',5,'PRD0119',141,899.99);
Insert into ORDER_ITEMS (ORDER_ID,ITEM_ID,PRODUCT_ID,QUANTITY,UNIT_PRICE) values ('CA-2016-00002',7,'PRD0049',78,1499.99);
Insert into ORDER_ITEMS (ORDER_ID,ITEM_ID,PRODUCT_ID,QUANTITY,UNIT_PRICE) values ('NJ-2016-00003',8,'PRD0204',56,686.99);
Insert into ORDER_ITEMS (ORDER_ID,ITEM_ID,PRODUCT_ID,QUANTITY,UNIT_PRICE) values ('TX-2016-00012',9,'PRD0043',44,298.98);
Insert into ORDER_ITEMS (ORDER_ID,ITEM_ID,PRODUCT_ID,QUANTITY,UNIT_PRICE) values ('TX-2015-00005',6,'PRD0164',91,1850);
Insert into ORDER_ITEMS (ORDER_ID,ITEM_ID,PRODUCT_ID,QUANTITY,UNIT_PRICE) values ('TX-2016-00011',3,'PRD0251',30,337.81);
Insert into ORDER_ITEMS (ORDER_ID,ITEM_ID,PRODUCT_ID,QUANTITY,UNIT_PRICE) values ('TX-2017-00017',7,'PRD0172',37,358.49);
Insert into ORDER_ITEMS (ORDER_ID,ITEM_ID,PRODUCT_ID,QUANTITY,UNIT_PRICE) values ('NJ-2017-00001',7,'PRD0201',31,653.5);
Insert into ORDER_ITEMS (ORDER_ID,ITEM_ID,PRODUCT_ID,QUANTITY,UNIT_PRICE) values ('TX-2017-00016',12,'PRD0226',103,309.85);
Insert into ORDER_ITEMS (ORDER_ID,ITEM_ID,PRODUCT_ID,QUANTITY,UNIT_PRICE) values ('TX-2015-00001',5,'PRD0011',74,2015.11);
Insert into ORDER_ITEMS (ORDER_ID,ITEM_ID,PRODUCT_ID,QUANTITY,UNIT_PRICE) values ('CA-2017-00002',8,'PRD0018',124,799);
Insert into ORDER_ITEMS (ORDER_ID,ITEM_ID,PRODUCT_ID,QUANTITY,UNIT_PRICE) values ('TX-2016-00006',7,'PRD0188',133,482.49);
Insert into ORDER_ITEMS (ORDER_ID,ITEM_ID,PRODUCT_ID,QUANTITY,UNIT_PRICE) values ('TX-2016-00004',9,'PRD0063',83,572.96);
Insert into ORDER_ITEMS (ORDER_ID,ITEM_ID,PRODUCT_ID,QUANTITY,UNIT_PRICE) values ('NJ-2016-00001',12,'PRD0108',45,849.99);
Insert into ORDER_ITEMS (ORDER_ID,ITEM_ID,PRODUCT_ID,QUANTITY,UNIT_PRICE) values ('CA-2016-00004',7,'PRD0135',132,127.88);
Insert into ORDER_ITEMS (ORDER_ID,ITEM_ID,PRODUCT_ID,QUANTITY,UNIT_PRICE) values ('CA-2016-00003',12,'PRD0092',105,2200);
Insert into ORDER_ITEMS (ORDER_ID,ITEM_ID,PRODUCT_ID,QUANTITY,UNIT_PRICE) values ('CA-2017-00009',7,'PRD0054',131,1019.99);
Insert into ORDER_ITEMS (ORDER_ID,ITEM_ID,PRODUCT_ID,QUANTITY,UNIT_PRICE) values ('CA-2017-00008',10,'PRD0076',62,629.99);
Insert into ORDER_ITEMS (ORDER_ID,ITEM_ID,PRODUCT_ID,QUANTITY,UNIT_PRICE) values ('TX-2017-00010',5,'PRD0085',148,1274.99);
Insert into ORDER_ITEMS (ORDER_ID,ITEM_ID,PRODUCT_ID,QUANTITY,UNIT_PRICE) values ('NJ-2017-00003',7,'PRD0018',41,799);
Insert into ORDER_ITEMS (ORDER_ID,ITEM_ID,PRODUCT_ID,QUANTITY,UNIT_PRICE) values ('CA-2015-00003',6,'PRD0078',47,686.99);
Insert into ORDER_ITEMS (ORDER_ID,ITEM_ID,PRODUCT_ID,QUANTITY,UNIT_PRICE) values ('CA-2015-00002',8,'PRD0169',73,1844.89);
Insert into ORDER_ITEMS (ORDER_ID,ITEM_ID,PRODUCT_ID,QUANTITY,UNIT_PRICE) values ('NJ-2017-00006',6,'PRD0164',44,1850);
Insert into ORDER_ITEMS (ORDER_ID,ITEM_ID,PRODUCT_ID,QUANTITY,UNIT_PRICE) values ('CA-2016-00005',11,'PRD0152',51,280.98);
Insert into ORDER_ITEMS (ORDER_ID,ITEM_ID,PRODUCT_ID,QUANTITY,UNIT_PRICE) values ('TX-2015-00003',8,'PRD0287',96,329.99);
Insert into ORDER_ITEMS (ORDER_ID,ITEM_ID,PRODUCT_ID,QUANTITY,UNIT_PRICE) values ('TX-2017-00013',7,'PRD0189',146,649);
Insert into ORDER_ITEMS (ORDER_ID,ITEM_ID,PRODUCT_ID,QUANTITY,UNIT_PRICE) values ('CA-2016-00002',8,'PRD0075',122,624.04);
Insert into ORDER_ITEMS (ORDER_ID,ITEM_ID,PRODUCT_ID,QUANTITY,UNIT_PRICE) values ('CA-2016-00001',9,'PRD0091',138,2259.99);
Insert into ORDER_ITEMS (ORDER_ID,ITEM_ID,PRODUCT_ID,QUANTITY,UNIT_PRICE) values ('CA-2017-00003',8,'PRD0169',67,1844.89);
Insert into ORDER_ITEMS (ORDER_ID,ITEM_ID,PRODUCT_ID,QUANTITY,UNIT_PRICE) values ('TX-2016-00003',4,'PRD0045',54,2501.69);
Insert into ORDER_ITEMS (ORDER_ID,ITEM_ID,PRODUCT_ID,QUANTITY,UNIT_PRICE) values ('TX-2017-00001',6,'PRD0187',137,353.98);
Insert into ORDER_ITEMS (ORDER_ID,ITEM_ID,PRODUCT_ID,QUANTITY,UNIT_PRICE) values ('TX-2017-00002',10,'PRD0072',86,589.99);
Insert into ORDER_ITEMS (ORDER_ID,ITEM_ID,PRODUCT_ID,QUANTITY,UNIT_PRICE) values ('TX-2017-00003',9,'PRD0155',78,588.95);
Insert into ORDER_ITEMS (ORDER_ID,ITEM_ID,PRODUCT_ID,QUANTITY,UNIT_PRICE) values ('TX-2016-00012',10,'PRD0269',104,759.99);
Insert into ORDER_ITEMS (ORDER_ID,ITEM_ID,PRODUCT_ID,QUANTITY,UNIT_PRICE) values ('TX-2015-00005',7,'PRD0108',104,849.99);
Insert into ORDER_ITEMS (ORDER_ID,ITEM_ID,PRODUCT_ID,QUANTITY,UNIT_PRICE) values ('TX-2016-00011',4,'PRD0043',113,298.98);
Insert into ORDER_ITEMS (ORDER_ID,ITEM_ID,PRODUCT_ID,QUANTITY,UNIT_PRICE) values ('TX-2017-00017',8,'PRD0258',73,57.98);
Insert into ORDER_ITEMS (ORDER_ID,ITEM_ID,PRODUCT_ID,QUANTITY,UNIT_PRICE) values ('NJ-2017-00001',8,'PRD0102',101,2042.69);
Insert into ORDER_ITEMS (ORDER_ID,ITEM_ID,PRODUCT_ID,QUANTITY,UNIT_PRICE) values ('TX-2017-00016',13,'PRD0178',121,1999.89);
Insert into ORDER_ITEMS (ORDER_ID,ITEM_ID,PRODUCT_ID,QUANTITY,UNIT_PRICE) values ('NJ-2015-00001',7,'PRD0262',79,1449.99);
Insert into ORDER_ITEMS (ORDER_ID,ITEM_ID,PRODUCT_ID,QUANTITY,UNIT_PRICE) values ('TX-2015-00001',6,'PRD0089',150,749.99);
Insert into ORDER_ITEMS (ORDER_ID,ITEM_ID,PRODUCT_ID,QUANTITY,UNIT_PRICE) values ('TX-2017-00004',8,'PRD0100',68,97.88);
Insert into ORDER_ITEMS (ORDER_ID,ITEM_ID,PRODUCT_ID,QUANTITY,UNIT_PRICE) values ('TX-2017-00005',8,'PRD0093',132,2116.72);
Insert into ORDER_ITEMS (ORDER_ID,ITEM_ID,PRODUCT_ID,QUANTITY,UNIT_PRICE) values ('CA-2017-00002',9,'PRD0119',107,899.99);
Insert into ORDER_ITEMS (ORDER_ID,ITEM_ID,PRODUCT_ID,QUANTITY,UNIT_PRICE) values ('NJ-2016-00006',9,'PRD0135',76,127.88);
Insert into ORDER_ITEMS (ORDER_ID,ITEM_ID,PRODUCT_ID,QUANTITY,UNIT_PRICE) values ('TX-2016-00006',8,'PRD0136',32,826.99);
Insert into ORDER_ITEMS (ORDER_ID,ITEM_ID,PRODUCT_ID,QUANTITY,UNIT_PRICE) values ('TX-2016-00004',10,'PRD0200',93,620.95);
Insert into ORDER_ITEMS (ORDER_ID,ITEM_ID,PRODUCT_ID,QUANTITY,UNIT_PRICE) values ('NJ-2016-00001',13,'PRD0281',73,864.98);
Insert into ORDER_ITEMS (ORDER_ID,ITEM_ID,PRODUCT_ID,QUANTITY,UNIT_PRICE) values ('CA-2016-00004',8,'PRD0002',65,2554.99);
Insert into ORDER_ITEMS (ORDER_ID,ITEM_ID,PRODUCT_ID,QUANTITY,UNIT_PRICE) values ('CA-2016-00003',13,'PRD0111',102,827.37);
Insert into ORDER_ITEMS (ORDER_ID,ITEM_ID,PRODUCT_ID,QUANTITY,UNIT_PRICE) values ('CA-2017-00009',8,'PRD0040',105,299.89);
Insert into ORDER_ITEMS (ORDER_ID,ITEM_ID,PRODUCT_ID,QUANTITY,UNIT_PRICE) values ('CA-2017-00008',11,'PRD0115',52,699.99);
Insert into ORDER_ITEMS (ORDER_ID,ITEM_ID,PRODUCT_ID,QUANTITY,UNIT_PRICE) values ('TX-2017-00014',6,'PRD0171',103,382.98);
Insert into ORDER_ITEMS (ORDER_ID,ITEM_ID,PRODUCT_ID,QUANTITY,UNIT_PRICE) values ('TX-2017-00010',6,'PRD0102',147,2042.69);
Insert into ORDER_ITEMS (ORDER_ID,ITEM_ID,PRODUCT_ID,QUANTITY,UNIT_PRICE) values ('NJ-2017-00003',8,'PRD0013',75,704.99);
Insert into ORDER_ITEMS (ORDER_ID,ITEM_ID,PRODUCT_ID,QUANTITY,UNIT_PRICE) values ('NJ-2016-00002',6,'PRD0101',62,635.99);
Insert into ORDER_ITEMS (ORDER_ID,ITEM_ID,PRODUCT_ID,QUANTITY,UNIT_PRICE) values ('NJ-2016-00005',5,'PRD0186',41,1449.98);
Insert into ORDER_ITEMS (ORDER_ID,ITEM_ID,PRODUCT_ID,QUANTITY,UNIT_PRICE) values ('TX-2016-00010',9,'PRD0144',125,289.79);
Insert into ORDER_ITEMS (ORDER_ID,ITEM_ID,PRODUCT_ID,QUANTITY,UNIT_PRICE) values ('TX-2017-00011',11,'PRD0184',88,999.99);
Insert into ORDER_ITEMS (ORDER_ID,ITEM_ID,PRODUCT_ID,QUANTITY,UNIT_PRICE) values ('TX-2017-00012',9,'PRD0055',61,150.99);
Insert into ORDER_ITEMS (ORDER_ID,ITEM_ID,PRODUCT_ID,QUANTITY,UNIT_PRICE) values ('CA-2015-00003',7,'PRD0139',149,65.92);
Insert into ORDER_ITEMS (ORDER_ID,ITEM_ID,PRODUCT_ID,QUANTITY,UNIT_PRICE) values ('CA-2016-00008',2,'PRD0007',64,680.99);
Insert into ORDER_ITEMS (ORDER_ID,ITEM_ID,PRODUCT_ID,QUANTITY,UNIT_PRICE) values ('TX-2016-00008',4,'PRD0177',96,1759.99);
Insert into ORDER_ITEMS (ORDER_ID,ITEM_ID,PRODUCT_ID,QUANTITY,UNIT_PRICE) values ('CA-2016-00005',12,'PRD0062',148,789.79);
Insert into ORDER_ITEMS (ORDER_ID,ITEM_ID,PRODUCT_ID,QUANTITY,UNIT_PRICE) values ('TX-2015-00003',9,'PRD0154',82,1204.98);
Insert into ORDER_ITEMS (ORDER_ID,ITEM_ID,PRODUCT_ID,QUANTITY,UNIT_PRICE) values ('CA-2013-00001',6,'PRD0262',118,1449.99);
Insert into ORDER_ITEMS (ORDER_ID,ITEM_ID,PRODUCT_ID,QUANTITY,UNIT_PRICE) values ('CA-2016-00002',9,'PRD0279',90,1318.99);
Insert into ORDER_ITEMS (ORDER_ID,ITEM_ID,PRODUCT_ID,QUANTITY,UNIT_PRICE) values ('CA-2016-00001',10,'PRD0239',45,739.99);
Insert into ORDER_ITEMS (ORDER_ID,ITEM_ID,PRODUCT_ID,QUANTITY,UNIT_PRICE) values ('NJ-2016-00003',9,'PRD0177',84,1759.99);
Insert into ORDER_ITEMS (ORDER_ID,ITEM_ID,PRODUCT_ID,QUANTITY,UNIT_PRICE) values ('CA-2017-00003',9,'PRD0261',55,1504.99);
INSERT INTO order_items (order_id, item_id, product_id, quantity, unit_price) VALUES ('FL-2015-00001', 1, 'PRD0084', 122, 1444.15);
INSERT INTO order_items (order_id, item_id, product_id, quantity, unit_price) VALUES ('FL-2015-00001', 2, 'PRD0192', 120, 414.21);
INSERT INTO order_items (order_id, item_id, product_id, quantity, unit_price) VALUES ('FL-2015-00001', 3, 'PRD0272', 122, 68.61);
INSERT INTO order_items (order_id, item_id, product_id, quantity, unit_price) VALUES ('FL-2015-00001', 4, 'PRD0032', 81, 1180.56);
INSERT INTO order_items (order_id, item_id, product_id, quantity, unit_price) VALUES ('FL-2015-00001', 5, 'PRD0265', 111, 35.69);
INSERT INTO order_items (order_id, item_id, product_id, quantity, unit_price) VALUES ('FL-2015-00002', 1, 'PRD0117', 97, 633.52);
INSERT INTO order_items (order_id, item_id, product_id, quantity, unit_price) VALUES ('FL-2015-00002', 2, 'PRD0265', 98, 35.69);
INSERT INTO order_items (order_id, item_id, product_id, quantity, unit_price) VALUES ('FL-2015-00002', 3, 'PRD0013', 121, 1736.29);
INSERT INTO order_items (order_id, item_id, product_id, quantity, unit_price) VALUES ('FL-2015-00002', 4, 'PRD0036', 100, 1024.23);
INSERT INTO order_items (order_id, item_id, product_id, quantity, unit_price) VALUES ('FL-2015-00002', 5, 'PRD0023', 149, 1489.19);
INSERT INTO order_items (order_id, item_id, product_id, quantity, unit_price) VALUES ('FL-2015-00002', 6, 'PRD0150', 94, 617.09);
INSERT INTO order_items (order_id, item_id, product_id, quantity, unit_price) VALUES ('FL-2015-00002', 7, 'PRD0082', 148, 1529.99);
INSERT INTO order_items (order_id, item_id, product_id, quantity, unit_price) VALUES ('FL-2015-00003', 1, 'PRD0203', 108, 339.99);
INSERT INTO order_items (order_id, item_id, product_id, quantity, unit_price) VALUES ('FL-2015-00003', 2, 'PRD0099', 120, 701.23);
INSERT INTO order_items (order_id, item_id, product_id, quantity, unit_price) VALUES ('FL-2015-00003', 3, 'PRD0057', 130, 594.99);
INSERT INTO order_items (order_id, item_id, product_id, quantity, unit_price) VALUES ('FL-2015-00003', 4, 'PRD0102', 111, 684.23);
INSERT INTO order_items (order_id, item_id, product_id, quantity, unit_price) VALUES ('FL-2015-00003', 5, 'PRD0089', 85, 849.99);
INSERT INTO order_items (order_id, item_id, product_id, quantity, unit_price) VALUES ('FL-2015-00003', 6, 'PRD0004', 94, 2171.74);
INSERT INTO order_items (order_id, item_id, product_id, quantity, unit_price) VALUES ('FL-2015-00003', 7, 'PRD0039', 132, 905.24);
INSERT INTO order_items (order_id, item_id, product_id, quantity, unit_price) VALUES ('FL-2015-00003', 8, 'PRD0064', 99, 517.61);
INSERT INTO order_items (order_id, item_id, product_id, quantity, unit_price) VALUES ('FL-2015-00003', 9, 'PRD0216', 83, 288.14);
INSERT INTO order_items (order_id, item_id, product_id, quantity, unit_price) VALUES ('FL-2015-00003', 10, 'PRD0162', 108, 594.16);
INSERT INTO order_items (order_id, item_id, product_id, quantity, unit_price) VALUES ('FL-2015-00003', 11, 'PRD0227', 107, 254.13);
INSERT INTO order_items (order_id, item_id, product_id, quantity, unit_price) VALUES ('FL-2015-00004', 1, 'PRD0242', 110, 89.15);
INSERT INTO order_items (order_id, item_id, product_id, quantity, unit_price) VALUES ('FL-2015-00004', 2, 'PRD0031', 37, 1249.47);
INSERT INTO order_items (order_id, item_id, product_id, quantity, unit_price) VALUES ('FL-2015-00004', 3, 'PRD0006', 95, 2067.16);
INSERT INTO order_items (order_id, item_id, product_id, quantity, unit_price) VALUES ('FL-2015-00004', 4, 'PRD0118', 63, 633.23);
INSERT INTO order_items (order_id, item_id, product_id, quantity, unit_price) VALUES ('FL-2015-00004', 5, 'PRD0223', 71, 256.69);
INSERT INTO order_items (order_id, item_id, product_id, quantity, unit_price) VALUES ('FL-2015-00004', 6, 'PRD0200', 63, 355.28);
INSERT INTO order_items (order_id, item_id, product_id, quantity, unit_price) VALUES ('FL-2015-00005', 1, 'PRD0130', 43, 1019.99);
INSERT INTO order_items (order_id, item_id, product_id, quantity, unit_price) VALUES ('FL-2015-00005', 2, 'PRD0270', 132, 72.21);
INSERT INTO order_items (order_id, item_id, product_id, quantity, unit_price) VALUES ('FL-2015-00005', 3, 'PRD0154', 63, 611.99);
INSERT INTO order_items (order_id, item_id, product_id, quantity, unit_price) VALUES ('FL-2015-00005', 4, 'PRD0106', 79, 667.23);
INSERT INTO order_items (order_id, item_id, product_id, quantity, unit_price) VALUES ('FL-2015-00005', 5, 'PRD0101', 59, 688.49);
INSERT INTO order_items (order_id, item_id, product_id, quantity, unit_price) VALUES ('FL-2015-00006', 1, 'PRD0157', 148, 599.24);
INSERT INTO order_items (order_id, item_id, product_id, quantity, unit_price) VALUES ('FL-2015-00006', 2, 'PRD0288', 100, 50.89);
INSERT INTO order_items (order_id, item_id, product_id, quantity, unit_price) VALUES ('FL-2015-00006', 3, 'PRD0255', 117, 99.83);
INSERT INTO order_items (order_id, item_id, product_id, quantity, unit_price) VALUES ('FL-2015-00006', 4, 'PRD0019', 137, 1572.50);
INSERT INTO order_items (order_id, item_id, product_id, quantity, unit_price) VALUES ('FL-2015-00006', 5, 'PRD0041', 101, 866.99);
INSERT INTO order_items (order_id, item_id, product_id, quantity, unit_price) VALUES ('FL-2015-00006', 6, 'PRD0073', 74, 2766.74);
INSERT INTO order_items (order_id, item_id, product_id, quantity, unit_price) VALUES ('FL-2015-00006', 7, 'PRD0012', 91, 1755.24);
INSERT INTO order_items (order_id, item_id, product_id, quantity, unit_price) VALUES ('FL-2015-00006', 8, 'PRD0156', 37, 606.89);
INSERT INTO order_items (order_id, item_id, product_id, quantity, unit_price) VALUES ('FL-2015-00006', 9, 'PRD0142', 100, 653.64);
INSERT INTO order_items (order_id, item_id, product_id, quantity, unit_price) VALUES ('FL-2015-00006', 10, 'PRD0059', 137, 561.00);
INSERT INTO order_items (order_id, item_id, product_id, quantity, unit_price) VALUES ('FL-2015-00006', 11, 'PRD0161', 117, 594.91);
INSERT INTO order_items (order_id, item_id, product_id, quantity, unit_price) VALUES ('FL-2015-00006', 12, 'PRD0223', 43, 256.69);
INSERT INTO order_items (order_id, item_id, product_id, quantity, unit_price) VALUES ('FL-2015-00007', 1, 'PRD0167', 112, 578.84);
INSERT INTO order_items (order_id, item_id, product_id, quantity, unit_price) VALUES ('FL-2015-00007', 2, 'PRD0180', 109, 806.64);
INSERT INTO order_items (order_id, item_id, product_id, quantity, unit_price) VALUES ('FL-2015-00007', 3, 'PRD0257', 71, 56.03);
INSERT INTO order_items (order_id, item_id, product_id, quantity, unit_price) VALUES ('FL-2015-00007', 4, 'PRD0088', 80, 849.99);
INSERT INTO order_items (order_id, item_id, product_id, quantity, unit_price) VALUES ('FL-2015-00007', 5, 'PRD0218', 86, 280.49);
INSERT INTO order_items (order_id, item_id, product_id, quantity, unit_price) VALUES ('FL-2015-00008', 1, 'PRD0105', 54, 671.50);
INSERT INTO order_items (order_id, item_id, product_id, quantity, unit_price) VALUES ('FL-2015-00008', 2, 'PRD0204', 113, 339.99);
INSERT INTO order_items (order_id, item_id, product_id, quantity, unit_price) VALUES ('FL-2015-00008', 3, 'PRD0184', 145, 487.02);
INSERT INTO order_items (order_id, item_id, product_id, quantity, unit_price) VALUES ('FL-2015-00008', 4, 'PRD0267', 86, 101.99);
INSERT INTO order_items (order_id, item_id, product_id, quantity, unit_price) VALUES ('FL-2015-00008', 5, 'PRD0017', 126, 1619.00);
INSERT INTO order_items (order_id, item_id, product_id, quantity, unit_price) VALUES ('FL-2015-00008', 6, 'PRD0099', 122, 701.23);
INSERT INTO order_items (order_id, item_id, product_id, quantity, unit_price) VALUES ('FL-2015-00008', 7, 'PRD0254', 119, 7537.79);
INSERT INTO order_items (order_id, item_id, product_id, quantity, unit_price) VALUES ('FL-2015-00008', 8, 'PRD0237', 48, 239.67);
INSERT INTO order_items (order_id, item_id, product_id, quantity, unit_price) VALUES ('FL-2015-00009', 1, 'PRD0097', 109, 705.49);
INSERT INTO order_items (order_id, item_id, product_id, quantity, unit_price) VALUES ('FL-2015-00009', 2, 'PRD0062', 79, 530.43);
INSERT INTO order_items (order_id, item_id, product_id, quantity, unit_price) VALUES ('FL-2015-00009', 3, 'PRD0071', 83, 4674.99);
INSERT INTO order_items (order_id, item_id, product_id, quantity, unit_price) VALUES ('FL-2015-00009', 4, 'PRD0029', 136, 1393.06);
INSERT INTO order_items (order_id, item_id, product_id, quantity, unit_price) VALUES ('FL-2015-00009', 5, 'PRD0203', 39, 339.99);
INSERT INTO order_items (order_id, item_id, product_id, quantity, unit_price) VALUES ('FL-2015-00009', 6, 'PRD0009', 149, 1920.99);
INSERT INTO order_items (order_id, item_id, product_id, quantity, unit_price) VALUES ('FL-2015-00009', 7, 'PRD0102', 101, 684.23);
INSERT INTO order_items (order_id, item_id, product_id, quantity, unit_price) VALUES ('FL-2015-00009', 8, 'PRD0007', 85, 2020.53);
INSERT INTO order_items (order_id, item_id, product_id, quantity, unit_price) VALUES ('FL-2015-00009', 9, 'PRD0063', 126, 527.81);
INSERT INTO order_items (order_id, item_id, product_id, quantity, unit_price) VALUES ('FL-2015-00009', 10, 'PRD0055', 117, 604.34);
INSERT INTO order_items (order_id, item_id, product_id, quantity, unit_price) VALUES ('FL-2016-00001', 1, 'PRD0085', 36, 1274.99);
INSERT INTO order_items (order_id, item_id, product_id, quantity, unit_price) VALUES ('FL-2016-00001', 2, 'PRD0092', 147, 742.88);
INSERT INTO order_items (order_id, item_id, product_id, quantity, unit_price) VALUES ('FL-2016-00001', 3, 'PRD0136', 110, 733.59);
INSERT INTO order_items (order_id, item_id, product_id, quantity, unit_price) VALUES ('FL-2016-00001', 4, 'PRD0143', 68, 651.19);
INSERT INTO order_items (order_id, item_id, product_id, quantity, unit_price) VALUES ('FL-2016-00002', 1, 'PRD0104', 46, 678.52);
INSERT INTO order_items (order_id, item_id, product_id, quantity, unit_price) VALUES ('FL-2016-00002', 2, 'PRD0150', 101, 617.09);
INSERT INTO order_items (order_id, item_id, product_id, quantity, unit_price) VALUES ('FL-2016-00002', 3, 'PRD0019', 134, 1572.50);
INSERT INTO order_items (order_id, item_id, product_id, quantity, unit_price) VALUES ('FL-2016-00002', 4, 'PRD0086', 115, 1232.48);
INSERT INTO order_items (order_id, item_id, product_id, quantity, unit_price) VALUES ('FL-2016-00002', 5, 'PRD0196', 134, 399.49);
INSERT INTO order_items (order_id, item_id, product_id, quantity, unit_price) VALUES ('FL-2016-00002', 6, 'PRD0265', 75, 35.69);
INSERT INTO order_items (order_id, item_id, product_id, quantity, unit_price) VALUES ('FL-2016-00003', 1, 'PRD0099', 134, 701.23);
INSERT INTO order_items (order_id, item_id, product_id, quantity, unit_price) VALUES ('FL-2016-00003', 2, 'PRD0136', 126, 733.59);
INSERT INTO order_items (order_id, item_id, product_id, quantity, unit_price) VALUES ('FL-2016-00003', 3, 'PRD0162', 80, 594.16);
INSERT INTO order_items (order_id, item_id, product_id, quantity, unit_price) VALUES ('FL-2016-00003', 4, 'PRD0011', 48, 1799.21);
INSERT INTO order_items (order_id, item_id, product_id, quantity, unit_price) VALUES ('FL-2016-00003', 5, 'PRD0022', 119, 1492.60);
INSERT INTO order_items (order_id, item_id, product_id, quantity, unit_price) VALUES ('FL-2016-00003', 6, 'PRD0003', 86, 2261.61);
INSERT INTO order_items (order_id, item_id, product_id, quantity, unit_price) VALUES ('FL-2016-00003', 7, 'PRD0163', 124, 591.59);
INSERT INTO order_items (order_id, item_id, product_id, quantity, unit_price) VALUES ('FL-2016-00003', 8, 'PRD0112', 41, 645.99);
INSERT INTO order_items (order_id, item_id, product_id, quantity, unit_price) VALUES ('FL-2016-00003', 9, 'PRD0253', 146, 1274.99);
INSERT INTO order_items (order_id, item_id, product_id, quantity, unit_price) VALUES ('FL-2016-00004', 1, 'PRD0259', 36, 339.99);
INSERT INTO order_items (order_id, item_id, product_id, quantity, unit_price) VALUES ('FL-2016-00004', 2, 'PRD0080', 141, 1712.84);
INSERT INTO order_items (order_id, item_id, product_id, quantity, unit_price) VALUES ('FL-2016-00004', 3, 'PRD0058', 130, 576.94);
INSERT INTO order_items (order_id, item_id, product_id, quantity, unit_price) VALUES ('FL-2016-00004', 4, 'PRD0226', 104, 254.91);
INSERT INTO order_items (order_id, item_id, product_id, quantity, unit_price) VALUES ('FL-2016-00004', 5, 'PRD0244', 46, 71.30);
INSERT INTO order_items (order_id, item_id, product_id, quantity, unit_price) VALUES ('FL-2016-00004', 6, 'PRD0201', 143, 342.54);
INSERT INTO order_items (order_id, item_id, product_id, quantity, unit_price) VALUES ('FL-2016-00004', 7, 'PRD0242', 67, 89.15);
INSERT INTO order_items (order_id, item_id, product_id, quantity, unit_price) VALUES ('FL-2016-00004', 8, 'PRD0273', 79, 227.79);
INSERT INTO order_items (order_id, item_id, product_id, quantity, unit_price) VALUES ('FL-2016-00004', 9, 'PRD0010', 146, 1870.00);
INSERT INTO order_items (order_id, item_id, product_id, quantity, unit_price) VALUES ('FL-2016-00004', 10, 'PRD0205', 96, 337.81);
INSERT INTO order_items (order_id, item_id, product_id, quantity, unit_price) VALUES ('FL-2016-00004', 11, 'PRD0077', 82, 2379.99);
INSERT INTO order_items (order_id, item_id, product_id, quantity, unit_price) VALUES ('FL-2016-00004', 12, 'PRD0055', 35, 604.34);
INSERT INTO order_items (order_id, item_id, product_id, quantity, unit_price) VALUES ('FL-2016-00005', 1, 'PRD0013', 39, 1736.29);
INSERT INTO order_items (order_id, item_id, product_id, quantity, unit_price) VALUES ('FL-2016-00005', 2, 'PRD0047', 108, 764.99);
INSERT INTO order_items (order_id, item_id, product_id, quantity, unit_price) VALUES ('FL-2016-00005', 3, 'PRD0072', 133, 3518.15);
INSERT INTO order_items (order_id, item_id, product_id, quantity, unit_price) VALUES ('FL-2016-00005', 4, 'PRD0058', 130, 576.94);
INSERT INTO order_items (order_id, item_id, product_id, quantity, unit_price) VALUES ('FL-2016-00005', 5, 'PRD0207', 110, 330.64);
INSERT INTO order_items (order_id, item_id, product_id, quantity, unit_price) VALUES ('FL-2016-00005', 6, 'PRD0152', 50, 613.69);
INSERT INTO order_items (order_id, item_id, product_id, quantity, unit_price) VALUES ('FL-2016-00005', 7, 'PRD0106', 90, 667.23);
INSERT INTO order_items (order_id, item_id, product_id, quantity, unit_price) VALUES ('FL-2016-00005', 8, 'PRD0073', 112, 2766.74);
INSERT INTO order_items (order_id, item_id, product_id, quantity, unit_price) VALUES ('FL-2016-00005', 9, 'PRD0138', 80, 687.58);
INSERT INTO order_items (order_id, item_id, product_id, quantity, unit_price) VALUES ('FL-2016-00005', 10, 'PRD0059', 128, 561.00);
INSERT INTO order_items (order_id, item_id, product_id, quantity, unit_price) VALUES ('FL-2016-00005', 11, 'PRD0149', 148, 622.19);
INSERT INTO order_items (order_id, item_id, product_id, quantity, unit_price) VALUES ('FL-2016-00005', 12, 'PRD0100', 41, 697.52);
INSERT INTO order_items (order_id, item_id, product_id, quantity, unit_price) VALUES ('FL-2016-00005', 13, 'PRD0147', 117, 630.39);
INSERT INTO order_items (order_id, item_id, product_id, quantity, unit_price) VALUES ('FL-2016-00005', 14, 'PRD0255', 111, 99.83);
INSERT INTO order_items (order_id, item_id, product_id, quantity, unit_price) VALUES ('FL-2016-00005', 15, 'PRD0061', 64, 535.49);
INSERT INTO order_items (order_id, item_id, product_id, quantity, unit_price) VALUES ('FL-2016-00006', 1, 'PRD0049', 117, 758.20);
INSERT INTO order_items (order_id, item_id, product_id, quantity, unit_price) VALUES ('FL-2016-00006', 2, 'PRD0200', 76, 355.28);
INSERT INTO order_items (order_id, item_id, product_id, quantity, unit_price) VALUES ('FL-2016-00006', 3, 'PRD0103', 142, 679.99);
INSERT INTO order_items (order_id, item_id, product_id, quantity, unit_price) VALUES ('FL-2016-00006', 4, 'PRD0035', 137, 1061.65);
INSERT INTO order_items (order_id, item_id, product_id, quantity, unit_price) VALUES ('FL-2016-00006', 5, 'PRD0221', 110, 263.37);
INSERT INTO order_items (order_id, item_id, product_id, quantity, unit_price) VALUES ('FL-2016-00006', 6, 'PRD0019', 103, 1572.50);
INSERT INTO order_items (order_id, item_id, product_id, quantity, unit_price) VALUES ('FL-2016-00007', 1, 'PRD0194', 128, 407.99);
INSERT INTO order_items (order_id, item_id, product_id, quantity, unit_price) VALUES ('FL-2016-00007', 2, 'PRD0238', 112, 238.83);
INSERT INTO order_items (order_id, item_id, product_id, quantity, unit_price) VALUES ('FL-2016-00007', 3, 'PRD0263', 102, 50.99);
INSERT INTO order_items (order_id, item_id, product_id, quantity, unit_price) VALUES ('FL-2016-00007', 4, 'PRD0220', 101, 265.77);
INSERT INTO order_items (order_id, item_id, product_id, quantity, unit_price) VALUES ('FL-2016-00007', 5, 'PRD0230', 142, 246.32);
INSERT INTO order_items (order_id, item_id, product_id, quantity, unit_price) VALUES ('FL-2016-00007', 6, 'PRD0135', 87, 897.59);
INSERT INTO order_items (order_id, item_id, product_id, quantity, unit_price) VALUES ('FL-2016-00007', 7, 'PRD0025', 93, 1448.71);
INSERT INTO order_items (order_id, item_id, product_id, quantity, unit_price) VALUES ('FL-2016-00007', 8, 'PRD0094', 102, 734.38);
INSERT INTO order_items (order_id, item_id, product_id, quantity, unit_price) VALUES ('FL-2016-00008', 1, 'PRD0237', 124, 239.67);
INSERT INTO order_items (order_id, item_id, product_id, quantity, unit_price) VALUES ('FL-2016-00008', 2, 'PRD0163', 55, 591.59);
INSERT INTO order_items (order_id, item_id, product_id, quantity, unit_price) VALUES ('FL-2016-00008', 3, 'PRD0140', 67, 679.99);
INSERT INTO order_items (order_id, item_id, product_id, quantity, unit_price) VALUES ('FL-2016-00008', 4, 'PRD0228', 139, 251.36);
INSERT INTO order_items (order_id, item_id, product_id, quantity, unit_price) VALUES ('FL-2016-00008', 5, 'PRD0038', 98, 934.99);
INSERT INTO order_items (order_id, item_id, product_id, quantity, unit_price) VALUES ('FL-2016-00008', 6, 'PRD0192', 69, 414.21);
INSERT INTO order_items (order_id, item_id, product_id, quantity, unit_price) VALUES ('FL-2016-00008', 7, 'PRD0108', 117, 650.23);
INSERT INTO order_items (order_id, item_id, product_id, quantity, unit_price) VALUES ('FL-2016-00008', 8, 'PRD0164', 95, 591.59);
INSERT INTO order_items (order_id, item_id, product_id, quantity, unit_price) VALUES ('FL-2016-00008', 9, 'PRD0202', 40, 341.68);
INSERT INTO order_items (order_id, item_id, product_id, quantity, unit_price) VALUES ('FL-2016-00009', 1, 'PRD0055', 90, 604.34);
INSERT INTO order_items (order_id, item_id, product_id, quantity, unit_price) VALUES ('FL-2016-00009', 2, 'PRD0107', 140, 654.49);
INSERT INTO order_items (order_id, item_id, product_id, quantity, unit_price) VALUES ('FL-2016-00009', 3, 'PRD0062', 128, 530.43);
INSERT INTO order_items (order_id, item_id, product_id, quantity, unit_price) VALUES ('FL-2016-00009', 4, 'PRD0233', 120, 241.38);
INSERT INTO order_items (order_id, item_id, product_id, quantity, unit_price) VALUES ('FL-2016-00009', 5, 'PRD0212', 98, 300.88);
INSERT INTO order_items (order_id, item_id, product_id, quantity, unit_price) VALUES ('FL-2016-00009', 6, 'PRD0221', 78, 263.37);
INSERT INTO order_items (order_id, item_id, product_id, quantity, unit_price) VALUES ('FL-2016-00009', 7, 'PRD0163', 147, 591.59);
INSERT INTO order_items (order_id, item_id, product_id, quantity, unit_price) VALUES ('FL-2016-00009', 8, 'PRD0268', 55, 77.34);
INSERT INTO order_items (order_id, item_id, product_id, quantity, unit_price) VALUES ('FL-2016-00009', 9, 'PRD0133', 40, 934.99);
INSERT INTO order_items (order_id, item_id, product_id, quantity, unit_price) VALUES ('FL-2016-00009', 10, 'PRD0138', 78, 687.58);
INSERT INTO order_items (order_id, item_id, product_id, quantity, unit_price) VALUES ('FL-2016-00009', 11, 'PRD0287', 48, 120.33);
INSERT INTO order_items (order_id, item_id, product_id, quantity, unit_price) VALUES ('FL-2017-00001', 1, 'PRD0229', 134, 246.47);
INSERT INTO order_items (order_id, item_id, product_id, quantity, unit_price) VALUES ('FL-2017-00001', 2, 'PRD0014', 36, 1708.04);
INSERT INTO order_items (order_id, item_id, product_id, quantity, unit_price) VALUES ('FL-2017-00001', 3, 'PRD0073', 66, 2766.74);
INSERT INTO order_items (order_id, item_id, product_id, quantity, unit_price) VALUES ('FL-2017-00001', 4, 'PRD0019', 105, 1572.50);
INSERT INTO order_items (order_id, item_id, product_id, quantity, unit_price) VALUES ('FL-2017-00002', 1, 'PRD0009', 39, 1920.99);
INSERT INTO order_items (order_id, item_id, product_id, quantity, unit_price) VALUES ('FL-2017-00002', 2, 'PRD0151', 141, 614.54);
INSERT INTO order_items (order_id, item_id, product_id, quantity, unit_price) VALUES ('FL-2017-00002', 3, 'PRD0030', 142, 1274.91);
INSERT INTO order_items (order_id, item_id, product_id, quantity, unit_price) VALUES ('FL-2017-00002', 4, 'PRD0174', 32, 549.09);
INSERT INTO order_items (order_id, item_id, product_id, quantity, unit_price) VALUES ('FL-2017-00002', 5, 'PRD0126', 124, 1121.14);
INSERT INTO order_items (order_id, item_id, product_id, quantity, unit_price) VALUES ('FL-2017-00003', 1, 'PRD0217', 108, 287.14);
INSERT INTO order_items (order_id, item_id, product_id, quantity, unit_price) VALUES ('FL-2017-00003', 2, 'PRD0115', 90, 637.49);
INSERT INTO order_items (order_id, item_id, product_id, quantity, unit_price) VALUES ('FL-2017-00003', 3, 'PRD0277', 30, 50.99);
INSERT INTO order_items (order_id, item_id, product_id, quantity, unit_price) VALUES ('FL-2017-00003', 4, 'PRD0238', 140, 238.83);
INSERT INTO order_items (order_id, item_id, product_id, quantity, unit_price) VALUES ('FL-2017-00003', 5, 'PRD0155', 101, 606.89);
INSERT INTO order_items (order_id, item_id, product_id, quantity, unit_price) VALUES ('FL-2017-00003', 6, 'PRD0056', 62, 596.66);
INSERT INTO order_items (order_id, item_id, product_id, quantity, unit_price) VALUES ('FL-2017-00003', 7, 'PRD0279', 91, 57.85);
INSERT INTO order_items (order_id, item_id, product_id, quantity, unit_price) VALUES ('FL-2017-00003', 8, 'PRD0109', 149, 645.99);
INSERT INTO order_items (order_id, item_id, product_id, quantity, unit_price) VALUES ('FL-2017-00004', 1, 'PRD0280', 49, 83.20);
INSERT INTO order_items (order_id, item_id, product_id, quantity, unit_price) VALUES ('FL-2017-00004', 2, 'PRD0225', 67, 254.91);
INSERT INTO order_items (order_id, item_id, product_id, quantity, unit_price) VALUES ('FL-2017-00004', 3, 'PRD0065', 149, 511.69);
INSERT INTO order_items (order_id, item_id, product_id, quantity, unit_price) VALUES ('FL-2017-00004', 4, 'PRD0046', 127, 798.57);
INSERT INTO order_items (order_id, item_id, product_id, quantity, unit_price) VALUES ('FL-2017-00004', 5, 'PRD0103', 129, 679.99);
INSERT INTO order_items (order_id, item_id, product_id, quantity, unit_price) VALUES ('FL-2017-00005', 1, 'PRD0155', 124, 606.89);
INSERT INTO order_items (order_id, item_id, product_id, quantity, unit_price) VALUES ('FL-2017-00005', 2, 'PRD0227', 96, 254.13);
INSERT INTO order_items (order_id, item_id, product_id, quantity, unit_price) VALUES ('FL-2017-00005', 3, 'PRD0201', 130, 342.54);
INSERT INTO order_items (order_id, item_id, product_id, quantity, unit_price) VALUES ('FL-2017-00005', 4, 'PRD0132', 62, 989.39);
INSERT INTO order_items (order_id, item_id, product_id, quantity, unit_price) VALUES ('FL-2017-00006', 1, 'PRD0067', 102, 501.49);
INSERT INTO order_items (order_id, item_id, product_id, quantity, unit_price) VALUES ('FL-2017-00006', 2, 'PRD0255', 61, 99.83);
INSERT INTO order_items (order_id, item_id, product_id, quantity, unit_price) VALUES ('FL-2017-00006', 3, 'PRD0267', 146, 101.99);
INSERT INTO order_items (order_id, item_id, product_id, quantity, unit_price) VALUES ('FL-2017-00006', 4, 'PRD0198', 92, 374.26);
INSERT INTO order_items (order_id, item_id, product_id, quantity, unit_price) VALUES ('FL-2017-00006', 5, 'PRD0171', 136, 555.47);
INSERT INTO order_items (order_id, item_id, product_id, quantity, unit_price) VALUES ('FL-2017-00006', 6, 'PRD0243', 40, 151.38);
INSERT INTO order_items (order_id, item_id, product_id, quantity, unit_price) VALUES ('FL-2017-00006', 7, 'PRD0184', 94, 487.02);
INSERT INTO order_items (order_id, item_id, product_id, quantity, unit_price) VALUES ('FL-2017-00007', 1, 'PRD0150', 124, 617.09);
INSERT INTO order_items (order_id, item_id, product_id, quantity, unit_price) VALUES ('FL-2017-00007', 2, 'PRD0193', 48, 410.12);
INSERT INTO order_items (order_id, item_id, product_id, quantity, unit_price) VALUES ('FL-2017-00007', 3, 'PRD0228', 137, 251.36);
INSERT INTO order_items (order_id, item_id, product_id, quantity, unit_price) VALUES ('FL-2017-00007', 4, 'PRD0070', 142, 471.74);
INSERT INTO order_items (order_id, item_id, product_id, quantity, unit_price) VALUES ('FL-2017-00007', 5, 'PRD0285', 38, 57.24);
INSERT INTO order_items (order_id, item_id, product_id, quantity, unit_price) VALUES ('FL-2017-00007', 6, 'PRD0210', 141, 304.72);
INSERT INTO order_items (order_id, item_id, product_id, quantity, unit_price) VALUES ('FL-2017-00007', 7, 'PRD0199', 110, 356.99);
INSERT INTO order_items (order_id, item_id, product_id, quantity, unit_price) VALUES ('FL-2017-00007', 8, 'PRD0022', 149, 1492.60);
INSERT INTO order_items (order_id, item_id, product_id, quantity, unit_price) VALUES ('FL-2017-00007', 9, 'PRD0207', 124, 330.64);
INSERT INTO order_items (order_id, item_id, product_id, quantity, unit_price) VALUES ('FL-2017-00008', 1, 'PRD0227', 104, 254.13);
INSERT INTO order_items (order_id, item_id, product_id, quantity, unit_price) VALUES ('FL-2017-00008', 2, 'PRD0062', 102, 530.43);
INSERT INTO order_items (order_id, item_id, product_id, quantity, unit_price) VALUES ('FL-2017-00008', 3, 'PRD0094', 81, 734.38);
INSERT INTO order_items (order_id, item_id, product_id, quantity, unit_price) VALUES ('FL-2017-00008', 4, 'PRD0061', 68, 535.49);
INSERT INTO order_items (order_id, item_id, product_id, quantity, unit_price) VALUES ('FL-2017-00008', 5, 'PRD0076', 136, 2549.06);
INSERT INTO order_items (order_id, item_id, product_id, quantity, unit_price) VALUES ('FL-2017-00008', 6, 'PRD0184', 36, 487.02);
INSERT INTO order_items (order_id, item_id, product_id, quantity, unit_price) VALUES ('FL-2017-00008', 7, 'PRD0059', 101, 561.00);
INSERT INTO order_items (order_id, item_id, product_id, quantity, unit_price) VALUES ('FL-2017-00008', 8, 'PRD0056', 122, 596.66);
INSERT INTO order_items (order_id, item_id, product_id, quantity, unit_price) VALUES ('FL-2017-00008', 9, 'PRD0211', 105, 300.88);
INSERT INTO order_items (order_id, item_id, product_id, quantity, unit_price) VALUES ('FL-2017-00008', 10, 'PRD0118', 62, 633.23);
INSERT INTO order_items (order_id, item_id, product_id, quantity, unit_price) VALUES ('FL-2017-00008', 11, 'PRD0045', 129, 831.29);
INSERT INTO order_items (order_id, item_id, product_id, quantity, unit_price) VALUES ('FL-2017-00009', 1, 'PRD0265', 114, 35.69);
INSERT INTO order_items (order_id, item_id, product_id, quantity, unit_price) VALUES ('FL-2017-00009', 2, 'PRD0001', 41, 2898.89);
INSERT INTO order_items (order_id, item_id, product_id, quantity, unit_price) VALUES ('FL-2017-00009', 3, 'PRD0208', 111, 326.38);
INSERT INTO order_items (order_id, item_id, product_id, quantity, unit_price) VALUES ('FL-2017-00009', 4, 'PRD0232', 147, 241.38);
INSERT INTO order_items (order_id, item_id, product_id, quantity, unit_price) VALUES ('FL-2017-00009', 5, 'PRD0158', 83, 599.24);
INSERT INTO order_items (order_id, item_id, product_id, quantity, unit_price) VALUES ('FL-2017-00009', 6, 'PRD0269', 95, 22.94);
INSERT INTO order_items (order_id, item_id, product_id, quantity, unit_price) VALUES ('FL-2017-00009', 7, 'PRD0108', 37, 650.23);
INSERT INTO order_items (order_id, item_id, product_id, quantity, unit_price) VALUES ('FL-2017-00009', 8, 'PRD0114', 48, 641.73);
INSERT INTO order_items (order_id, item_id, product_id, quantity, unit_price) VALUES ('FL-2017-00009', 9, 'PRD0130', 141, 1019.99);
INSERT INTO order_items (order_id, item_id, product_id, quantity, unit_price) VALUES ('FL-2017-00009', 10, 'PRD0210', 122, 304.72);
INSERT INTO order_items (order_id, item_id, product_id, quantity, unit_price) VALUES ('FL-2017-00009', 11, 'PRD0253', 109, 1274.99);
INSERT INTO order_items (order_id, item_id, product_id, quantity, unit_price) VALUES ('FL-2017-00009', 12, 'PRD0074', 89, 2714.02);
INSERT INTO order_items (order_id, item_id, product_id, quantity, unit_price) VALUES ('FL-2017-00010', 1, 'PRD0035', 137, 1061.65);
INSERT INTO order_items (order_id, item_id, product_id, quantity, unit_price) VALUES ('FL-2017-00010', 2, 'PRD0226', 94, 254.91);
INSERT INTO order_items (order_id, item_id, product_id, quantity, unit_price) VALUES ('FL-2017-00010', 3, 'PRD0108', 149, 650.23);
INSERT INTO order_items (order_id, item_id, product_id, quantity, unit_price) VALUES ('FL-2017-00010', 4, 'PRD0155', 108, 606.89);
INSERT INTO order_items (order_id, item_id, product_id, quantity, unit_price) VALUES ('FL-2017-00010', 5, 'PRD0187', 120, 447.09);
INSERT INTO order_items (order_id, item_id, product_id, quantity, unit_price) VALUES ('FL-2017-00010', 6, 'PRD0148', 63, 624.74);
INSERT INTO order_items (order_id, item_id, product_id, quantity, unit_price) VALUES ('FL-2017-00010', 7, 'PRD0120', 90, 628.99);
INSERT INTO order_items (order_id, item_id, product_id, quantity, unit_price) VALUES ('FL-2017-00010', 8, 'PRD0236', 104, 239.68);
INSERT INTO order_items (order_id, item_id, product_id, quantity, unit_price) VALUES ('FL-2017-00010', 9, 'PRD0127', 88, 1117.74);
INSERT INTO order_items (order_id, item_id, product_id, quantity, unit_price) VALUES ('FL-2017-00010', 10, 'PRD0224', 60, 254.91);
INSERT INTO order_items (order_id, item_id, product_id, quantity, unit_price) VALUES ('FL-2017-00010', 11, 'PRD0278', 148, 13.22);
INSERT INTO order_items (order_id, item_id, product_id, quantity, unit_price) VALUES ('FL-2017-00010', 12, 'PRD0019', 46, 1572.50);
INSERT INTO order_items (order_id, item_id, product_id, quantity, unit_price) VALUES ('FL-2017-00010', 13, 'PRD0064', 137, 517.61);
INSERT INTO order_items (order_id, item_id, product_id, quantity, unit_price) VALUES ('FL-2017-00010', 14, 'PRD0049', 128, 758.20);
INSERT INTO order_items (order_id, item_id, product_id, quantity, unit_price) VALUES ('MA-2015-00001', 1, 'PRD0238', 77, 238.83);
INSERT INTO order_items (order_id, item_id, product_id, quantity, unit_price) VALUES ('MA-2015-00001', 2, 'PRD0085', 58, 1274.99);
INSERT INTO order_items (order_id, item_id, product_id, quantity, unit_price) VALUES ('MA-2015-00001', 3, 'PRD0174', 44, 549.09);
INSERT INTO order_items (order_id, item_id, product_id, quantity, unit_price) VALUES ('MA-2015-00001', 4, 'PRD0208', 128, 326.38);
INSERT INTO order_items (order_id, item_id, product_id, quantity, unit_price) VALUES ('MA-2015-00001', 5, 'PRD0275', 137, 75.64);
INSERT INTO order_items (order_id, item_id, product_id, quantity, unit_price) VALUES ('MA-2015-00002', 1, 'PRD0185', 108, 477.35);
INSERT INTO order_items (order_id, item_id, product_id, quantity, unit_price) VALUES ('MA-2015-00002', 2, 'PRD0004', 109, 2171.74);
INSERT INTO order_items (order_id, item_id, product_id, quantity, unit_price) VALUES ('MA-2015-00002', 3, 'PRD0255', 48, 99.83);
INSERT INTO order_items (order_id, item_id, product_id, quantity, unit_price) VALUES ('MA-2015-00002', 4, 'PRD0044', 49, 853.38);
INSERT INTO order_items (order_id, item_id, product_id, quantity, unit_price) VALUES ('MA-2015-00002', 5, 'PRD0245', 89, 108.70);
INSERT INTO order_items (order_id, item_id, product_id, quantity, unit_price) VALUES ('MA-2015-00002', 6, 'PRD0201', 128, 342.54);
INSERT INTO order_items (order_id, item_id, product_id, quantity, unit_price) VALUES ('MA-2015-00002', 7, 'PRD0063', 143, 527.81);
INSERT INTO order_items (order_id, item_id, product_id, quantity, unit_price) VALUES ('MA-2015-00003', 1, 'PRD0089', 81, 849.99);
INSERT INTO order_items (order_id, item_id, product_id, quantity, unit_price) VALUES ('MA-2015-00003', 2, 'PRD0249', 110, 71.07);
INSERT INTO order_items (order_id, item_id, product_id, quantity, unit_price) VALUES ('MA-2015-00003', 3, 'PRD0160', 113, 594.99);
INSERT INTO order_items (order_id, item_id, product_id, quantity, unit_price) VALUES ('MA-2015-00003', 4, 'PRD0184', 129, 487.02);
INSERT INTO order_items (order_id, item_id, product_id, quantity, unit_price) VALUES ('MA-2015-00004', 1, 'PRD0189', 88, 428.38);
INSERT INTO order_items (order_id, item_id, product_id, quantity, unit_price) VALUES ('MA-2015-00004', 2, 'PRD0216', 143, 288.14);
INSERT INTO order_items (order_id, item_id, product_id, quantity, unit_price) VALUES ('MA-2015-00004', 3, 'PRD0279', 101, 57.85);
INSERT INTO order_items (order_id, item_id, product_id, quantity, unit_price) VALUES ('MA-2015-00004', 4, 'PRD0127', 149, 1117.74);
INSERT INTO order_items (order_id, item_id, product_id, quantity, unit_price) VALUES ('MA-2015-00004', 5, 'PRD0020', 140, 1568.16);
INSERT INTO order_items (order_id, item_id, product_id, quantity, unit_price) VALUES ('MA-2015-00004', 6, 'PRD0222', 108, 259.25);
INSERT INTO order_items (order_id, item_id, product_id, quantity, unit_price) VALUES ('MA-2015-00004', 7, 'PRD0158', 117, 599.24);
INSERT INTO order_items (order_id, item_id, product_id, quantity, unit_price) VALUES ('MA-2015-00004', 8, 'PRD0103', 104, 679.99);
INSERT INTO order_items (order_id, item_id, product_id, quantity, unit_price) VALUES ('MA-2015-00004', 9, 'PRD0040', 133, 875.49);
INSERT INTO order_items (order_id, item_id, product_id, quantity, unit_price) VALUES ('MA-2015-00005', 1, 'PRD0083', 95, 1495.99);
INSERT INTO order_items (order_id, item_id, product_id, quantity, unit_price) VALUES ('MA-2015-00005', 2, 'PRD0003', 85, 2261.61);
INSERT INTO order_items (order_id, item_id, product_id, quantity, unit_price) VALUES ('MA-2015-00005', 3, 'PRD0071', 111, 4674.99);
INSERT INTO order_items (order_id, item_id, product_id, quantity, unit_price) VALUES ('MA-2015-00005', 4, 'PRD0128', 106, 1104.99);
INSERT INTO order_items (order_id, item_id, product_id, quantity, unit_price) VALUES ('MA-2015-00005', 5, 'PRD0242', 34, 89.15);
INSERT INTO order_items (order_id, item_id, product_id, quantity, unit_price) VALUES ('MA-2015-00005', 6, 'PRD0109', 100, 645.99);
INSERT INTO order_items (order_id, item_id, product_id, quantity, unit_price) VALUES ('MA-2015-00005', 7, 'PRD0052', 66, 702.94);
INSERT INTO order_items (order_id, item_id, product_id, quantity, unit_price) VALUES ('MA-2015-00005', 8, 'PRD0117', 134, 633.52);
INSERT INTO order_items (order_id, item_id, product_id, quantity, unit_price) VALUES ('MA-2015-00005', 9, 'PRD0267', 46, 101.99);
INSERT INTO order_items (order_id, item_id, product_id, quantity, unit_price) VALUES ('MA-2015-00005', 10, 'PRD0069', 144, 470.16);
INSERT INTO order_items (order_id, item_id, product_id, quantity, unit_price) VALUES ('MA-2015-00005', 11, 'PRD0241', 60, 56.86);
INSERT INTO order_items (order_id, item_id, product_id, quantity, unit_price) VALUES ('MA-2015-00005', 12, 'PRD0072', 67, 3518.15);
INSERT INTO order_items (order_id, item_id, product_id, quantity, unit_price) VALUES ('MA-2015-00006', 1, 'PRD0270', 68, 72.21);
INSERT INTO order_items (order_id, item_id, product_id, quantity, unit_price) VALUES ('MA-2015-00006', 2, 'PRD0054', 81, 679.15);
INSERT INTO order_items (order_id, item_id, product_id, quantity, unit_price) VALUES ('MA-2015-00006', 3, 'PRD0178', 144, 544.84);
INSERT INTO order_items (order_id, item_id, product_id, quantity, unit_price) VALUES ('MA-2015-00007', 1, 'PRD0015', 133, 1695.32);
INSERT INTO order_items (order_id, item_id, product_id, quantity, unit_price) VALUES ('MA-2015-00007', 2, 'PRD0172', 124, 552.49);
INSERT INTO order_items (order_id, item_id, product_id, quantity, unit_price) VALUES ('MA-2015-00007', 3, 'PRD0132', 62, 989.39);
INSERT INTO order_items (order_id, item_id, product_id, quantity, unit_price) VALUES ('MA-2015-00007', 4, 'PRD0254', 124, 7537.79);
INSERT INTO order_items (order_id, item_id, product_id, quantity, unit_price) VALUES ('MA-2015-00007', 5, 'PRD0198', 131, 374.26);
INSERT INTO order_items (order_id, item_id, product_id, quantity, unit_price) VALUES ('MA-2015-00007', 6, 'PRD0090', 93, 807.41);
INSERT INTO order_items (order_id, item_id, product_id, quantity, unit_price) VALUES ('MA-2015-00007', 7, 'PRD0140', 89, 679.99);
INSERT INTO order_items (order_id, item_id, product_id, quantity, unit_price) VALUES ('MA-2015-00007', 8, 'PRD0017', 125, 1619.00);
INSERT INTO order_items (order_id, item_id, product_id, quantity, unit_price) VALUES ('MA-2015-00008', 1, 'PRD0212', 49, 300.88);
INSERT INTO order_items (order_id, item_id, product_id, quantity, unit_price) VALUES ('MA-2015-00008', 2, 'PRD0094', 143, 734.38);
INSERT INTO order_items (order_id, item_id, product_id, quantity, unit_price) VALUES ('MA-2015-00008', 3, 'PRD0133', 122, 934.99);
INSERT INTO order_items (order_id, item_id, product_id, quantity, unit_price) VALUES ('MA-2015-00008', 4, 'PRD0108', 104, 650.23);
INSERT INTO order_items (order_id, item_id, product_id, quantity, unit_price) VALUES ('MA-2015-00008', 5, 'PRD0009', 100, 1920.99);
INSERT INTO order_items (order_id, item_id, product_id, quantity, unit_price) VALUES ('MA-2015-00008', 6, 'PRD0171', 97, 555.47);
INSERT INTO order_items (order_id, item_id, product_id, quantity, unit_price) VALUES ('MA-2015-00008', 7, 'PRD0159', 134, 599.24);
INSERT INTO order_items (order_id, item_id, product_id, quantity, unit_price) VALUES ('MA-2015-00008', 8, 'PRD0099', 109, 701.23);
INSERT INTO order_items (order_id, item_id, product_id, quantity, unit_price) VALUES ('MA-2015-00008', 9, 'PRD0010', 66, 1870.00);
INSERT INTO order_items (order_id, item_id, product_id, quantity, unit_price) VALUES ('MA-2015-00008', 10, 'PRD0255', 145, 99.83);
INSERT INTO order_items (order_id, item_id, product_id, quantity, unit_price) VALUES ('MA-2015-00008', 11, 'PRD0055', 119, 604.34);
INSERT INTO order_items (order_id, item_id, product_id, quantity, unit_price) VALUES ('MA-2015-00008', 12, 'PRD0064', 146, 517.61);
INSERT INTO order_items (order_id, item_id, product_id, quantity, unit_price) VALUES ('MA-2015-00008', 13, 'PRD0116', 112, 637.49);
INSERT INTO order_items (order_id, item_id, product_id, quantity, unit_price) VALUES ('MA-2015-00009', 1, 'PRD0035', 58, 1061.65);
INSERT INTO order_items (order_id, item_id, product_id, quantity, unit_price) VALUES ('MA-2015-00009', 2, 'PRD0038', 119, 934.99);
INSERT INTO order_items (order_id, item_id, product_id, quantity, unit_price) VALUES ('MA-2015-00009', 3, 'PRD0151', 77, 614.54);
INSERT INTO order_items (order_id, item_id, product_id, quantity, unit_price) VALUES ('MA-2015-00009', 4, 'PRD0041', 128, 866.99);
INSERT INTO order_items (order_id, item_id, product_id, quantity, unit_price) VALUES ('MA-2015-00009', 5, 'PRD0217', 102, 287.14);
INSERT INTO order_items (order_id, item_id, product_id, quantity, unit_price) VALUES ('MA-2015-00010', 1, 'PRD0092', 103, 742.88);
INSERT INTO order_items (order_id, item_id, product_id, quantity, unit_price) VALUES ('MA-2015-00010', 2, 'PRD0119', 92, 630.51);
INSERT INTO order_items (order_id, item_id, product_id, quantity, unit_price) VALUES ('MA-2015-00010', 3, 'PRD0083', 77, 1495.99);
INSERT INTO order_items (order_id, item_id, product_id, quantity, unit_price) VALUES ('MA-2015-00010', 4, 'PRD0230', 37, 246.32);
INSERT INTO order_items (order_id, item_id, product_id, quantity, unit_price) VALUES ('MA-2015-00010', 5, 'PRD0022', 112, 1492.60);
INSERT INTO order_items (order_id, item_id, product_id, quantity, unit_price) VALUES ('MA-2015-00010', 6, 'PRD0158', 64, 599.24);
INSERT INTO order_items (order_id, item_id, product_id, quantity, unit_price) VALUES ('MA-2015-00011', 1, 'PRD0244', 138, 71.30);
INSERT INTO order_items (order_id, item_id, product_id, quantity, unit_price) VALUES ('MA-2015-00011', 2, 'PRD0145', 127, 645.14);
INSERT INTO order_items (order_id, item_id, product_id, quantity, unit_price) VALUES ('MA-2015-00011', 3, 'PRD0057', 146, 594.99);
INSERT INTO order_items (order_id, item_id, product_id, quantity, unit_price) VALUES ('MA-2015-00011', 4, 'PRD0115', 113, 637.49);
INSERT INTO order_items (order_id, item_id, product_id, quantity, unit_price) VALUES ('MA-2015-00011', 5, 'PRD0077', 139, 2379.99);
INSERT INTO order_items (order_id, item_id, product_id, quantity, unit_price) VALUES ('MA-2015-00011', 6, 'PRD0023', 103, 1489.19);
INSERT INTO order_items (order_id, item_id, product_id, quantity, unit_price) VALUES ('MA-2015-00011', 7, 'PRD0006', 114, 2067.16);
INSERT INTO order_items (order_id, item_id, product_id, quantity, unit_price) VALUES ('MA-2015-00011', 8, 'PRD0039', 141, 905.24);
INSERT INTO order_items (order_id, item_id, product_id, quantity, unit_price) VALUES ('MA-2015-00011', 9, 'PRD0268', 124, 77.34);
INSERT INTO order_items (order_id, item_id, product_id, quantity, unit_price) VALUES ('MA-2015-00012', 1, 'PRD0115', 82, 637.49);
INSERT INTO order_items (order_id, item_id, product_id, quantity, unit_price) VALUES ('MA-2015-00012', 2, 'PRD0104', 143, 678.52);
INSERT INTO order_items (order_id, item_id, product_id, quantity, unit_price) VALUES ('MA-2015-00012', 3, 'PRD0231', 117, 243.95);
INSERT INTO order_items (order_id, item_id, product_id, quantity, unit_price) VALUES ('MA-2015-00012', 4, 'PRD0174', 141, 549.09);
INSERT INTO order_items (order_id, item_id, product_id, quantity, unit_price) VALUES ('MA-2015-00012', 5, 'PRD0103', 83, 679.99);
INSERT INTO order_items (order_id, item_id, product_id, quantity, unit_price) VALUES ('MA-2015-00012', 6, 'PRD0045', 120, 831.29);
INSERT INTO order_items (order_id, item_id, product_id, quantity, unit_price) VALUES ('MA-2015-00012', 7, 'PRD0213', 135, 297.49);
INSERT INTO order_items (order_id, item_id, product_id, quantity, unit_price) VALUES ('MA-2016-00001', 1, 'PRD0091', 130, 764.99);
INSERT INTO order_items (order_id, item_id, product_id, quantity, unit_price) VALUES ('MA-2016-00001', 2, 'PRD0103', 36, 679.99);
INSERT INTO order_items (order_id, item_id, product_id, quantity, unit_price) VALUES ('MA-2016-00001', 3, 'PRD0177', 133, 544.84);
INSERT INTO order_items (order_id, item_id, product_id, quantity, unit_price) VALUES ('MA-2016-00001', 4, 'PRD0223', 72, 256.69);
INSERT INTO order_items (order_id, item_id, product_id, quantity, unit_price) VALUES ('MA-2016-00001', 5, 'PRD0150', 107, 617.09);
INSERT INTO order_items (order_id, item_id, product_id, quantity, unit_price) VALUES ('MA-2016-00001', 6, 'PRD0261', 141, 382.49);
INSERT INTO order_items (order_id, item_id, product_id, quantity, unit_price) VALUES ('MA-2016-00002', 1, 'PRD0054', 118, 679.15);
INSERT INTO order_items (order_id, item_id, product_id, quantity, unit_price) VALUES ('MA-2016-00002', 2, 'PRD0090', 121, 807.41);
INSERT INTO order_items (order_id, item_id, product_id, quantity, unit_price) VALUES ('MA-2016-00002', 3, 'PRD0118', 59, 633.23);
INSERT INTO order_items (order_id, item_id, product_id, quantity, unit_price) VALUES ('MA-2016-00002', 4, 'PRD0202', 142, 341.68);
INSERT INTO order_items (order_id, item_id, product_id, quantity, unit_price) VALUES ('MA-2016-00003', 1, 'PRD0180', 107, 806.64);
INSERT INTO order_items (order_id, item_id, product_id, quantity, unit_price) VALUES ('MA-2016-00003', 2, 'PRD0152', 37, 613.69);
INSERT INTO order_items (order_id, item_id, product_id, quantity, unit_price) VALUES ('MA-2016-00003', 3, 'PRD0178', 120, 544.84);
INSERT INTO order_items (order_id, item_id, product_id, quantity, unit_price) VALUES ('MA-2016-00003', 4, 'PRD0254', 130, 7537.79);
INSERT INTO order_items (order_id, item_id, product_id, quantity, unit_price) VALUES ('MA-2016-00003', 5, 'PRD0091', 36, 764.99);
INSERT INTO order_items (order_id, item_id, product_id, quantity, unit_price) VALUES ('MA-2016-00003', 6, 'PRD0143', 78, 651.19);
INSERT INTO order_items (order_id, item_id, product_id, quantity, unit_price) VALUES ('MA-2016-00003', 7, 'PRD0138', 85, 687.58);
INSERT INTO order_items (order_id, item_id, product_id, quantity, unit_price) VALUES ('MA-2016-00003', 8, 'PRD0066', 112, 505.74);
INSERT INTO order_items (order_id, item_id, product_id, quantity, unit_price) VALUES ('MA-2016-00004', 1, 'PRD0181', 117, 671.32);
INSERT INTO order_items (order_id, item_id, product_id, quantity, unit_price) VALUES ('MA-2016-00004', 2, 'PRD0219', 101, 271.99);
INSERT INTO order_items (order_id, item_id, product_id, quantity, unit_price) VALUES ('MA-2016-00004', 3, 'PRD0109', 92, 645.99);
INSERT INTO order_items (order_id, item_id, product_id, quantity, unit_price) VALUES ('MA-2016-00004', 4, 'PRD0103', 121, 679.99);
INSERT INTO order_items (order_id, item_id, product_id, quantity, unit_price) VALUES ('MA-2016-00004', 5, 'PRD0070', 139, 471.74);
INSERT INTO order_items (order_id, item_id, product_id, quantity, unit_price) VALUES ('MA-2016-00004', 6, 'PRD0086', 127, 1232.48);
INSERT INTO order_items (order_id, item_id, product_id, quantity, unit_price) VALUES ('MA-2016-00004', 7, 'PRD0226', 87, 254.91);
INSERT INTO order_items (order_id, item_id, product_id, quantity, unit_price) VALUES ('MA-2016-00004', 8, 'PRD0124', 99, 1217.19);
INSERT INTO order_items (order_id, item_id, product_id, quantity, unit_price) VALUES ('MA-2016-00004', 9, 'PRD0093', 148, 735.23);
INSERT INTO order_items (order_id, item_id, product_id, quantity, unit_price) VALUES ('MA-2016-00004', 10, 'PRD0141', 114, 679.15);
INSERT INTO order_items (order_id, item_id, product_id, quantity, unit_price) VALUES ('MA-2016-00004', 11, 'PRD0118', 149, 633.23);
INSERT INTO order_items (order_id, item_id, product_id, quantity, unit_price) VALUES ('MA-2016-00005', 1, 'PRD0131', 39, 1019.99);
INSERT INTO order_items (order_id, item_id, product_id, quantity, unit_price) VALUES ('MA-2016-00005', 2, 'PRD0043', 99, 858.32);
INSERT INTO order_items (order_id, item_id, product_id, quantity, unit_price) VALUES ('MA-2016-00005', 3, 'PRD0009', 126, 1920.99);
INSERT INTO order_items (order_id, item_id, product_id, quantity, unit_price) VALUES ('MA-2016-00005', 4, 'PRD0134', 33, 912.89);
INSERT INTO order_items (order_id, item_id, product_id, quantity, unit_price) VALUES ('MA-2016-00005', 5, 'PRD0260', 137, 116.19);
INSERT INTO order_items (order_id, item_id, product_id, quantity, unit_price) VALUES ('MA-2016-00005', 6, 'PRD0143', 107, 651.19);
INSERT INTO order_items (order_id, item_id, product_id, quantity, unit_price) VALUES ('MA-2016-00005', 7, 'PRD0183', 79, 487.89);
INSERT INTO order_items (order_id, item_id, product_id, quantity, unit_price) VALUES ('MA-2016-00005', 8, 'PRD0037', 137, 1019.99);
INSERT INTO order_items (order_id, item_id, product_id, quantity, unit_price) VALUES ('MA-2016-00005', 9, 'PRD0063', 135, 527.81);
INSERT INTO order_items (order_id, item_id, product_id, quantity, unit_price) VALUES ('MA-2016-00005', 10, 'PRD0140', 137, 679.99);
INSERT INTO order_items (order_id, item_id, product_id, quantity, unit_price) VALUES ('MA-2016-00005', 11, 'PRD0097', 112, 705.49);
INSERT INTO order_items (order_id, item_id, product_id, quantity, unit_price) VALUES ('MA-2016-00005', 12, 'PRD0144', 61, 646.84);
INSERT INTO order_items (order_id, item_id, product_id, quantity, unit_price) VALUES ('MA-2016-00006', 1, 'PRD0098', 112, 705.41);
INSERT INTO order_items (order_id, item_id, product_id, quantity, unit_price) VALUES ('MA-2016-00006', 2, 'PRD0051', 114, 703.26);
INSERT INTO order_items (order_id, item_id, product_id, quantity, unit_price) VALUES ('MA-2016-00006', 3, 'PRD0016', 101, 1622.42);
INSERT INTO order_items (order_id, item_id, product_id, quantity, unit_price) VALUES ('MA-2016-00006', 4, 'PRD0189', 33, 428.38);
INSERT INTO order_items (order_id, item_id, product_id, quantity, unit_price) VALUES ('MA-2016-00006', 5, 'PRD0114', 117, 641.73);
INSERT INTO order_items (order_id, item_id, product_id, quantity, unit_price) VALUES ('MA-2016-00006', 6, 'PRD0142', 61, 653.64);
INSERT INTO order_items (order_id, item_id, product_id, quantity, unit_price) VALUES ('MA-2016-00007', 1, 'PRD0023', 65, 1489.19);
INSERT INTO order_items (order_id, item_id, product_id, quantity, unit_price) VALUES ('MA-2016-00007', 2, 'PRD0156', 64, 606.89);
INSERT INTO order_items (order_id, item_id, product_id, quantity, unit_price) VALUES ('MA-2016-00007', 3, 'PRD0045', 43, 831.29);
INSERT INTO order_items (order_id, item_id, product_id, quantity, unit_price) VALUES ('MA-2016-00007', 4, 'PRD0230', 126, 246.32);
INSERT INTO order_items (order_id, item_id, product_id, quantity, unit_price) VALUES ('MA-2016-00007', 5, 'PRD0054', 136, 679.15);
INSERT INTO order_items (order_id, item_id, product_id, quantity, unit_price) VALUES ('MA-2016-00007', 6, 'PRD0174', 105, 549.09);
INSERT INTO order_items (order_id, item_id, product_id, quantity, unit_price) VALUES ('MA-2016-00007', 7, 'PRD0027', 119, 1416.62);
INSERT INTO order_items (order_id, item_id, product_id, quantity, unit_price) VALUES ('MA-2016-00008', 1, 'PRD0229', 70, 246.47);
INSERT INTO order_items (order_id, item_id, product_id, quantity, unit_price) VALUES ('MA-2016-00008', 2, 'PRD0218', 115, 280.49);
INSERT INTO order_items (order_id, item_id, product_id, quantity, unit_price) VALUES ('MA-2016-00008', 3, 'PRD0222', 126, 259.25);
INSERT INTO order_items (order_id, item_id, product_id, quantity, unit_price) VALUES ('MA-2016-00008', 4, 'PRD0285', 88, 57.24);
INSERT INTO order_items (order_id, item_id, product_id, quantity, unit_price) VALUES ('MA-2016-00009', 1, 'PRD0277', 139, 50.99);
INSERT INTO order_items (order_id, item_id, product_id, quantity, unit_price) VALUES ('MA-2016-00009', 2, 'PRD0182', 141, 551.65);
INSERT INTO order_items (order_id, item_id, product_id, quantity, unit_price) VALUES ('MA-2016-00009', 3, 'PRD0154', 105, 611.99);
INSERT INTO order_items (order_id, item_id, product_id, quantity, unit_price) VALUES ('MA-2016-00009', 4, 'PRD0242', 123, 89.15);
INSERT INTO order_items (order_id, item_id, product_id, quantity, unit_price) VALUES ('MA-2016-00009', 5, 'PRD0064', 45, 517.61);
INSERT INTO order_items (order_id, item_id, product_id, quantity, unit_price) VALUES ('MA-2016-00009', 6, 'PRD0214', 118, 292.39);
INSERT INTO order_items (order_id, item_id, product_id, quantity, unit_price) VALUES ('MA-2016-00009', 7, 'PRD0244', 114, 71.30);
INSERT INTO order_items (order_id, item_id, product_id, quantity, unit_price) VALUES ('MA-2016-00010', 1, 'PRD0210', 93, 304.72);
INSERT INTO order_items (order_id, item_id, product_id, quantity, unit_price) VALUES ('MA-2016-00010', 2, 'PRD0169', 112, 570.67);
INSERT INTO order_items (order_id, item_id, product_id, quantity, unit_price) VALUES ('MA-2016-00010', 3, 'PRD0110', 113, 645.99);
INSERT INTO order_items (order_id, item_id, product_id, quantity, unit_price) VALUES ('MA-2016-00010', 4, 'PRD0002', 127, 2358.73);
INSERT INTO order_items (order_id, item_id, product_id, quantity, unit_price) VALUES ('MA-2016-00010', 5, 'PRD0185', 147, 477.35);
INSERT INTO order_items (order_id, item_id, product_id, quantity, unit_price) VALUES ('MA-2016-00010', 6, 'PRD0040', 130, 875.49);
INSERT INTO order_items (order_id, item_id, product_id, quantity, unit_price) VALUES ('MA-2016-00010', 7, 'PRD0196', 129, 399.49);
INSERT INTO order_items (order_id, item_id, product_id, quantity, unit_price) VALUES ('MA-2016-00010', 8, 'PRD0142', 100, 653.64);
INSERT INTO order_items (order_id, item_id, product_id, quantity, unit_price) VALUES ('MA-2016-00010', 9, 'PRD0208', 71, 326.38);
INSERT INTO order_items (order_id, item_id, product_id, quantity, unit_price) VALUES ('MA-2017-00001', 1, 'PRD0110', 111, 645.99);
INSERT INTO order_items (order_id, item_id, product_id, quantity, unit_price) VALUES ('MA-2017-00001', 2, 'PRD0271', 120, 49.28);
INSERT INTO order_items (order_id, item_id, product_id, quantity, unit_price) VALUES ('MA-2017-00001', 3, 'PRD0221', 137, 263.37);
INSERT INTO order_items (order_id, item_id, product_id, quantity, unit_price) VALUES ('MA-2017-00001', 4, 'PRD0143', 118, 651.19);
INSERT INTO order_items (order_id, item_id, product_id, quantity, unit_price) VALUES ('MA-2017-00002', 1, 'PRD0187', 45, 447.09);
INSERT INTO order_items (order_id, item_id, product_id, quantity, unit_price) VALUES ('MA-2017-00002', 2, 'PRD0222', 148, 259.25);
INSERT INTO order_items (order_id, item_id, product_id, quantity, unit_price) VALUES ('MA-2017-00002', 3, 'PRD0240', 102, 40.70);
INSERT INTO order_items (order_id, item_id, product_id, quantity, unit_price) VALUES ('MA-2017-00002', 4, 'PRD0018', 32, 1614.99);
INSERT INTO order_items (order_id, item_id, product_id, quantity, unit_price) VALUES ('MA-2017-00002', 5, 'PRD0280', 146, 83.20);
INSERT INTO order_items (order_id, item_id, product_id, quantity, unit_price) VALUES ('MA-2017-00002', 6, 'PRD0214', 134, 292.39);
INSERT INTO order_items (order_id, item_id, product_id, quantity, unit_price) VALUES ('MA-2017-00003', 1, 'PRD0118', 94, 633.23);
INSERT INTO order_items (order_id, item_id, product_id, quantity, unit_price) VALUES ('MA-2017-00003', 2, 'PRD0206', 93, 335.74);
INSERT INTO order_items (order_id, item_id, product_id, quantity, unit_price) VALUES ('MA-2017-00003', 3, 'PRD0041', 120, 866.99);
INSERT INTO order_items (order_id, item_id, product_id, quantity, unit_price) VALUES ('MA-2017-00003', 4, 'PRD0153', 114, 611.99);
INSERT INTO order_items (order_id, item_id, product_id, quantity, unit_price) VALUES ('MA-2017-00003', 5, 'PRD0228', 54, 251.36);
INSERT INTO order_items (order_id, item_id, product_id, quantity, unit_price) VALUES ('MA-2017-00003', 6, 'PRD0032', 132, 1180.56);
INSERT INTO order_items (order_id, item_id, product_id, quantity, unit_price) VALUES ('MA-2017-00003', 7, 'PRD0161', 60, 594.91);
INSERT INTO order_items (order_id, item_id, product_id, quantity, unit_price) VALUES ('MA-2017-00004', 1, 'PRD0238', 75, 238.83);
INSERT INTO order_items (order_id, item_id, product_id, quantity, unit_price) VALUES ('MA-2017-00004', 2, 'PRD0113', 112, 645.99);
INSERT INTO order_items (order_id, item_id, product_id, quantity, unit_price) VALUES ('MA-2017-00004', 3, 'PRD0125', 85, 1206.14);
INSERT INTO order_items (order_id, item_id, product_id, quantity, unit_price) VALUES ('MA-2017-00004', 4, 'PRD0112', 135, 645.99);
INSERT INTO order_items (order_id, item_id, product_id, quantity, unit_price) VALUES ('MA-2017-00004', 5, 'PRD0157', 113, 599.24);
INSERT INTO order_items (order_id, item_id, product_id, quantity, unit_price) VALUES ('MA-2017-00005', 1, 'PRD0025', 34, 1448.71);
INSERT INTO order_items (order_id, item_id, product_id, quantity, unit_price) VALUES ('MA-2017-00005', 2, 'PRD0017', 94, 1619.00);
INSERT INTO order_items (order_id, item_id, product_id, quantity, unit_price) VALUES ('MA-2017-00005', 3, 'PRD0003', 115, 2261.61);
INSERT INTO order_items (order_id, item_id, product_id, quantity, unit_price) VALUES ('MA-2017-00006', 1, 'PRD0146', 81, 637.49);
INSERT INTO order_items (order_id, item_id, product_id, quantity, unit_price) VALUES ('MA-2017-00006', 2, 'PRD0236', 67, 239.68);
INSERT INTO order_items (order_id, item_id, product_id, quantity, unit_price) VALUES ('MA-2017-00006', 3, 'PRD0111', 128, 645.99);
INSERT INTO order_items (order_id, item_id, product_id, quantity, unit_price) VALUES ('MA-2017-00006', 4, 'PRD0055', 94, 604.34);
INSERT INTO order_items (order_id, item_id, product_id, quantity, unit_price) VALUES ('MA-2017-00006', 5, 'PRD0185', 130, 477.35);
INSERT INTO order_items (order_id, item_id, product_id, quantity, unit_price) VALUES ('MA-2017-00006', 6, 'PRD0080', 129, 1712.84);
INSERT INTO order_items (order_id, item_id, product_id, quantity, unit_price) VALUES ('MA-2017-00006', 7, 'PRD0263', 86, 50.99);
INSERT INTO order_items (order_id, item_id, product_id, quantity, unit_price) VALUES ('MA-2017-00006', 8, 'PRD0074', 137, 2714.02);
INSERT INTO order_items (order_id, item_id, product_id, quantity, unit_price) VALUES ('MA-2017-00007', 1, 'PRD0012', 111, 1755.24);
INSERT INTO order_items (order_id, item_id, product_id, quantity, unit_price) VALUES ('MA-2017-00007', 2, 'PRD0151', 148, 614.54);
INSERT INTO order_items (order_id, item_id, product_id, quantity, unit_price) VALUES ('MA-2017-00007', 3, 'PRD0015', 92, 1695.32);
INSERT INTO order_items (order_id, item_id, product_id, quantity, unit_price) VALUES ('MA-2017-00007', 4, 'PRD0121', 44, 1377.84);
INSERT INTO order_items (order_id, item_id, product_id, quantity, unit_price) VALUES ('MA-2017-00007', 5, 'PRD0135', 94, 897.59);
INSERT INTO order_items (order_id, item_id, product_id, quantity, unit_price) VALUES ('MA-2017-00007', 6, 'PRD0134', 104, 912.89);
INSERT INTO order_items (order_id, item_id, product_id, quantity, unit_price) VALUES ('MA-2017-00007', 7, 'PRD0078', 88, 2294.99);
INSERT INTO order_items (order_id, item_id, product_id, quantity, unit_price) VALUES ('MA-2017-00007', 8, 'PRD0098', 107, 705.41);
INSERT INTO order_items (order_id, item_id, product_id, quantity, unit_price) VALUES ('MA-2017-00007', 9, 'PRD0077', 128, 2379.99);
INSERT INTO order_items (order_id, item_id, product_id, quantity, unit_price) VALUES ('MA-2017-00008', 1, 'PRD0075', 114, 2700.82);
INSERT INTO order_items (order_id, item_id, product_id, quantity, unit_price) VALUES ('MA-2017-00008', 2, 'PRD0112', 35, 645.99);
INSERT INTO order_items (order_id, item_id, product_id, quantity, unit_price) VALUES ('MA-2017-00008', 3, 'PRD0116', 146, 637.49);
INSERT INTO order_items (order_id, item_id, product_id, quantity, unit_price) VALUES ('MA-2017-00008', 4, 'PRD0166', 119, 583.94);
INSERT INTO order_items (order_id, item_id, product_id, quantity, unit_price) VALUES ('MA-2017-00008', 5, 'PRD0044', 129, 853.38);
INSERT INTO order_items (order_id, item_id, product_id, quantity, unit_price) VALUES ('MA-2017-00008', 6, 'PRD0225', 124, 254.91);
INSERT INTO order_items (order_id, item_id, product_id, quantity, unit_price) VALUES ('MA-2017-00008', 7, 'PRD0005', 91, 2126.44);
INSERT INTO order_items (order_id, item_id, product_id, quantity, unit_price) VALUES ('MA-2017-00008', 8, 'PRD0021', 103, 1535.07);
INSERT INTO order_items (order_id, item_id, product_id, quantity, unit_price) VALUES ('MA-2017-00008', 9, 'PRD0117', 135, 633.52);
INSERT INTO order_items (order_id, item_id, product_id, quantity, unit_price) VALUES ('MA-2017-00008', 10, 'PRD0109', 128, 645.99);
INSERT INTO order_items (order_id, item_id, product_id, quantity, unit_price) VALUES ('MA-2017-00008', 11, 'PRD0053', 80, 680.63);
INSERT INTO order_items (order_id, item_id, product_id, quantity, unit_price) VALUES ('MA-2017-00008', 12, 'PRD0252', 47, 41.96);
INSERT INTO order_items (order_id, item_id, product_id, quantity, unit_price) VALUES ('MA-2017-00009', 1, 'PRD0132', 94, 989.39);
INSERT INTO order_items (order_id, item_id, product_id, quantity, unit_price) VALUES ('MA-2017-00009', 2, 'PRD0215', 119, 288.99);
INSERT INTO order_items (order_id, item_id, product_id, quantity, unit_price) VALUES ('MA-2017-00009', 3, 'PRD0026', 143, 1425.43);
INSERT INTO order_items (order_id, item_id, product_id, quantity, unit_price) VALUES ('MA-2017-00009', 4, 'PRD0144', 124, 646.84);
INSERT INTO order_items (order_id, item_id, product_id, quantity, unit_price) VALUES ('MA-2017-00009', 5, 'PRD0098', 36, 705.41);
INSERT INTO order_items (order_id, item_id, product_id, quantity, unit_price) VALUES ('MA-2017-00009', 6, 'PRD0225', 100, 254.91);
INSERT INTO order_items (order_id, item_id, product_id, quantity, unit_price) VALUES ('MA-2017-00009', 7, 'PRD0250', 143, 76.41);

--Table inventories
Insert into INVENTORIES (PRODUCT_ID, BRANCH_ID, QUANTITY) values ('PRD0003', 'AHTX', 106);
Insert into INVENTORIES (PRODUCT_ID, BRANCH_ID, QUANTITY) values ('PRD0004', 'AHTX', 106);
Insert into INVENTORIES (PRODUCT_ID, BRANCH_ID, QUANTITY) values ('PRD0005', 'AHTX', 106);
Insert into INVENTORIES (PRODUCT_ID, BRANCH_ID, QUANTITY) values ('PRD0006', 'AHTX', 107);
Insert into INVENTORIES (PRODUCT_ID, BRANCH_ID, QUANTITY) values ('PRD0011', 'AHTX', 108);
Insert into INVENTORIES (PRODUCT_ID, BRANCH_ID, QUANTITY) values ('PRD0012', 'AHTX', 108);
Insert into INVENTORIES (PRODUCT_ID, BRANCH_ID, QUANTITY) values ('PRD0080', 'AHTX', 125);
Insert into INVENTORIES (PRODUCT_ID, BRANCH_ID, QUANTITY) values ('PRD0087', 'AHTX', 131);
Insert into INVENTORIES (PRODUCT_ID, BRANCH_ID, QUANTITY) values ('PRD0088', 'AHTX', 117);
Insert into INVENTORIES (PRODUCT_ID, BRANCH_ID, QUANTITY) values ('PRD0089', 'AHTX', 118);
Insert into INVENTORIES (PRODUCT_ID, BRANCH_ID, QUANTITY) values ('PRD0090', 'AHTX', 118);
Insert into INVENTORIES (PRODUCT_ID, BRANCH_ID, QUANTITY) values ('PRD0103', 'AHTX', 125);
Insert into INVENTORIES (PRODUCT_ID, BRANCH_ID, QUANTITY) values ('PRD0105', 'AHTX', 126);
Insert into INVENTORIES (PRODUCT_ID, BRANCH_ID, QUANTITY) values ('PRD0108', 'AHTX', 126);
Insert into INVENTORIES (PRODUCT_ID, BRANCH_ID, QUANTITY) values ('PRD0110', 'AHTX', 127);
Insert into INVENTORIES (PRODUCT_ID, BRANCH_ID, QUANTITY) values ('PRD0114', 'AHTX', 128);
Insert into INVENTORIES (PRODUCT_ID, BRANCH_ID, QUANTITY) values ('PRD0123', 'AHTX', 131);
Insert into INVENTORIES (PRODUCT_ID, BRANCH_ID, QUANTITY) values ('PRD0132', 'AHTX', 133);
Insert into INVENTORIES (PRODUCT_ID, BRANCH_ID, QUANTITY) values ('PRD0133', 'AHTX', 133);
Insert into INVENTORIES (PRODUCT_ID, BRANCH_ID, QUANTITY) values ('PRD0142', 'AHTX', 89);
Insert into INVENTORIES (PRODUCT_ID, BRANCH_ID, QUANTITY) values ('PRD0161', 'AHTX', 132);
Insert into INVENTORIES (PRODUCT_ID, BRANCH_ID, QUANTITY) values ('PRD0174', 'AHTX', 170);
Insert into INVENTORIES (PRODUCT_ID, BRANCH_ID, QUANTITY) values ('PRD0175', 'AHTX', 170);
Insert into INVENTORIES (PRODUCT_ID, BRANCH_ID, QUANTITY) values ('PRD0182', 'AHTX', 175);
Insert into INVENTORIES (PRODUCT_ID, BRANCH_ID, QUANTITY) values ('PRD0184', 'AHTX', 175);
Insert into INVENTORIES (PRODUCT_ID, BRANCH_ID, QUANTITY) values ('PRD0185', 'AHTX', 176);
Insert into INVENTORIES (PRODUCT_ID, BRANCH_ID, QUANTITY) values ('PRD0207', 'AHTX', 205);
Insert into INVENTORIES (PRODUCT_ID, BRANCH_ID, QUANTITY) values ('PRD0216', 'AHTX', 209);
Insert into INVENTORIES (PRODUCT_ID, BRANCH_ID, QUANTITY) values ('PRD0220', 'AHTX', 196);
Insert into INVENTORIES (PRODUCT_ID, BRANCH_ID, QUANTITY) values ('PRD0221', 'AHTX', 197);
Insert into INVENTORIES (PRODUCT_ID, BRANCH_ID, QUANTITY) values ('PRD0222', 'AHTX', 197);
Insert into INVENTORIES (PRODUCT_ID, BRANCH_ID, QUANTITY) values ('PRD0223', 'AHTX', 197);
Insert into INVENTORIES (PRODUCT_ID, BRANCH_ID, QUANTITY) values ('PRD0245', 'AHTX', 221);
Insert into INVENTORIES (PRODUCT_ID, BRANCH_ID, QUANTITY) values ('PRD0269', 'AHTX', 222);
Insert into INVENTORIES (PRODUCT_ID, BRANCH_ID, QUANTITY) values ('PRD0270', 'AHTX', 222);
Insert into INVENTORIES (PRODUCT_ID, BRANCH_ID, QUANTITY) values ('PRD0281', 'AHTX', 251);
Insert into INVENTORIES (PRODUCT_ID, BRANCH_ID, QUANTITY) values ('PRD0003', 'AHCA', 96);
Insert into INVENTORIES (PRODUCT_ID, BRANCH_ID, QUANTITY) values ('PRD0004', 'AHCA', 96);
Insert into INVENTORIES (PRODUCT_ID, BRANCH_ID, QUANTITY) values ('PRD0005', 'AHCA', 96);
Insert into INVENTORIES (PRODUCT_ID, BRANCH_ID, QUANTITY) values ('PRD0006', 'AHCA', 96);
Insert into INVENTORIES (PRODUCT_ID, BRANCH_ID, QUANTITY) values ('PRD0007', 'AHCA', 97);
Insert into INVENTORIES (PRODUCT_ID, BRANCH_ID, QUANTITY) values ('PRD0008', 'AHCA', 97);
Insert into INVENTORIES (PRODUCT_ID, BRANCH_ID, QUANTITY) values ('PRD0009', 'AHCA', 97);
Insert into INVENTORIES (PRODUCT_ID, BRANCH_ID, QUANTITY) values ('PRD0011', 'AHCA', 98);
Insert into INVENTORIES (PRODUCT_ID, BRANCH_ID, QUANTITY) values ('PRD0012', 'AHCA', 98);
Insert into INVENTORIES (PRODUCT_ID, BRANCH_ID, QUANTITY) values ('PRD0013', 'AHCA', 98);
Insert into INVENTORIES (PRODUCT_ID, BRANCH_ID, QUANTITY) values ('PRD0014', 'AHCA', 98);
Insert into INVENTORIES (PRODUCT_ID, BRANCH_ID, QUANTITY) values ('PRD0015', 'AHCA', 99);
Insert into INVENTORIES (PRODUCT_ID, BRANCH_ID, QUANTITY) values ('PRD0017', 'AHCA', 100);
Insert into INVENTORIES (PRODUCT_ID, BRANCH_ID, QUANTITY) values ('PRD0018', 'AHCA', 101);
Insert into INVENTORIES (PRODUCT_ID, BRANCH_ID, QUANTITY) values ('PRD0019', 'AHCA', 101);
Insert into INVENTORIES (PRODUCT_ID, BRANCH_ID, QUANTITY) values ('PRD0020', 'AHCA', 104);
Insert into INVENTORIES (PRODUCT_ID, BRANCH_ID, QUANTITY) values ('PRD0021', 'AHCA', 105);
Insert into INVENTORIES (PRODUCT_ID, BRANCH_ID, QUANTITY) values ('PRD0022', 'AHCA', 114);
Insert into INVENTORIES (PRODUCT_ID, BRANCH_ID, QUANTITY) values ('PRD0023', 'AHCA', 114);
Insert into INVENTORIES (PRODUCT_ID, BRANCH_ID, QUANTITY) values ('PRD0024', 'AHCA', 115);
Insert into INVENTORIES (PRODUCT_ID, BRANCH_ID, QUANTITY) values ('PRD0025', 'AHCA', 115);
Insert into INVENTORIES (PRODUCT_ID, BRANCH_ID, QUANTITY) values ('PRD0026', 'AHCA', 115);
Insert into INVENTORIES (PRODUCT_ID, BRANCH_ID, QUANTITY) values ('PRD0027', 'AHCA', 106);
Insert into INVENTORIES (PRODUCT_ID, BRANCH_ID, QUANTITY) values ('PRD0029', 'AHCA', 107);
Insert into INVENTORIES (PRODUCT_ID, BRANCH_ID, QUANTITY) values ('PRD0030', 'AHCA', 107);
Insert into INVENTORIES (PRODUCT_ID, BRANCH_ID, QUANTITY) values ('PRD0033', 'AHCA', 117);
Insert into INVENTORIES (PRODUCT_ID, BRANCH_ID, QUANTITY) values ('PRD0035', 'AHCA', 118);
Insert into INVENTORIES (PRODUCT_ID, BRANCH_ID, QUANTITY) values ('PRD0036', 'AHCA', 118);
Insert into INVENTORIES (PRODUCT_ID, BRANCH_ID, QUANTITY) values ('PRD0037', 'AHCA', 119);
Insert into INVENTORIES (PRODUCT_ID, BRANCH_ID, QUANTITY) values ('PRD0038', 'AHCA', 119);
Insert into INVENTORIES (PRODUCT_ID, BRANCH_ID, QUANTITY) values ('PRD0039', 'AHCA', 119);
Insert into INVENTORIES (PRODUCT_ID, BRANCH_ID, QUANTITY) values ('PRD0040', 'AHCA', 119);
Insert into INVENTORIES (PRODUCT_ID, BRANCH_ID, QUANTITY) values ('PRD0041', 'AHCA', 119);
Insert into INVENTORIES (PRODUCT_ID, BRANCH_ID, QUANTITY) values ('PRD0042', 'AHCA', 122);
Insert into INVENTORIES (PRODUCT_ID, BRANCH_ID, QUANTITY) values ('PRD0043', 'AHCA', 122);
Insert into INVENTORIES (PRODUCT_ID, BRANCH_ID, QUANTITY) values ('PRD0044', 'AHCA', 122);
Insert into INVENTORIES (PRODUCT_ID, BRANCH_ID, QUANTITY) values ('PRD0050', 'AHCA', 117);
Insert into INVENTORIES (PRODUCT_ID, BRANCH_ID, QUANTITY) values ('PRD0054', 'AHCA', 110);
Insert into INVENTORIES (PRODUCT_ID, BRANCH_ID, QUANTITY) values ('PRD0062', 'AHCA', 149);
Insert into INVENTORIES (PRODUCT_ID, BRANCH_ID, QUANTITY) values ('PRD0063', 'AHCA', 149);
Insert into INVENTORIES (PRODUCT_ID, BRANCH_ID, QUANTITY) values ('PRD0067', 'AHCA', 154);
Insert into INVENTORIES (PRODUCT_ID, BRANCH_ID, QUANTITY) values ('PRD0068', 'AHCA', 154);
Insert into INVENTORIES (PRODUCT_ID, BRANCH_ID, QUANTITY) values ('PRD0069', 'AHCA', 154);
Insert into INVENTORIES (PRODUCT_ID, BRANCH_ID, QUANTITY) values ('PRD0070', 'AHCA', 155);
Insert into INVENTORIES (PRODUCT_ID, BRANCH_ID, QUANTITY) values ('PRD0071', 'AHCA', 155);
Insert into INVENTORIES (PRODUCT_ID, BRANCH_ID, QUANTITY) values ('PRD0072', 'AHCA', 155);
Insert into INVENTORIES (PRODUCT_ID, BRANCH_ID, QUANTITY) values ('PRD0073', 'AHCA', 111);
Insert into INVENTORIES (PRODUCT_ID, BRANCH_ID, QUANTITY) values ('PRD0074', 'AHCA', 111);
Insert into INVENTORIES (PRODUCT_ID, BRANCH_ID, QUANTITY) values ('PRD0076', 'AHCA', 112);
Insert into INVENTORIES (PRODUCT_ID, BRANCH_ID, QUANTITY) values ('PRD0078', 'AHCA', 113);
Insert into INVENTORIES (PRODUCT_ID, BRANCH_ID, QUANTITY) values ('PRD0079', 'AHCA', 113);
Insert into INVENTORIES (PRODUCT_ID, BRANCH_ID, QUANTITY) values ('PRD0080', 'AHCA', 113);
Insert into INVENTORIES (PRODUCT_ID, BRANCH_ID, QUANTITY) values ('PRD0087', 'AHCA', 119);
Insert into INVENTORIES (PRODUCT_ID, BRANCH_ID, QUANTITY) values ('PRD0088', 'AHCA', 167);
Insert into INVENTORIES (PRODUCT_ID, BRANCH_ID, QUANTITY) values ('PRD0089', 'AHCA', 167);
Insert into INVENTORIES (PRODUCT_ID, BRANCH_ID, QUANTITY) values ('PRD0090', 'AHCA', 167);
Insert into INVENTORIES (PRODUCT_ID, BRANCH_ID, QUANTITY) values ('PRD0094', 'AHCA', 91);
Insert into INVENTORIES (PRODUCT_ID, BRANCH_ID, QUANTITY) values ('PRD0099', 'AHCA', 94);
Insert into INVENTORIES (PRODUCT_ID, BRANCH_ID, QUANTITY) values ('PRD0100', 'AHCA', 94);
Insert into INVENTORIES (PRODUCT_ID, BRANCH_ID, QUANTITY) values ('PRD0101', 'AHCA', 173);
Insert into INVENTORIES (PRODUCT_ID, BRANCH_ID, QUANTITY) values ('PRD0103', 'AHCA', 178);
Insert into INVENTORIES (PRODUCT_ID, BRANCH_ID, QUANTITY) values ('PRD0104', 'AHCA', 81);
Insert into INVENTORIES (PRODUCT_ID, BRANCH_ID, QUANTITY) values ('PRD0105', 'AHCA', 178);
Insert into INVENTORIES (PRODUCT_ID, BRANCH_ID, QUANTITY) values ('PRD0106', 'AHCA', 178);
Insert into INVENTORIES (PRODUCT_ID, BRANCH_ID, QUANTITY) values ('PRD0107', 'AHCA', 178);
Insert into INVENTORIES (PRODUCT_ID, BRANCH_ID, QUANTITY) values ('PRD0108', 'AHCA', 179);
Insert into INVENTORIES (PRODUCT_ID, BRANCH_ID, QUANTITY) values ('PRD0109', 'AHCA', 179);
Insert into INVENTORIES (PRODUCT_ID, BRANCH_ID, QUANTITY) values ('PRD0110', 'AHCA', 179);
Insert into INVENTORIES (PRODUCT_ID, BRANCH_ID, QUANTITY) values ('PRD0114', 'AHCA', 180);
Insert into INVENTORIES (PRODUCT_ID, BRANCH_ID, QUANTITY) values ('PRD0115', 'AHCA', 181);
Insert into INVENTORIES (PRODUCT_ID, BRANCH_ID, QUANTITY) values ('PRD0116', 'AHCA', 182);
Insert into INVENTORIES (PRODUCT_ID, BRANCH_ID, QUANTITY) values ('PRD0117', 'AHCA', 182);
Insert into INVENTORIES (PRODUCT_ID, BRANCH_ID, QUANTITY) values ('PRD0119', 'AHCA', 183);
Insert into INVENTORIES (PRODUCT_ID, BRANCH_ID, QUANTITY) values ('PRD0120', 'AHCA', 183);
Insert into INVENTORIES (PRODUCT_ID, BRANCH_ID, QUANTITY) values ('PRD0121', 'AHCA', 183);
Insert into INVENTORIES (PRODUCT_ID, BRANCH_ID, QUANTITY) values ('PRD0122', 'AHCA', 183);
Insert into INVENTORIES (PRODUCT_ID, BRANCH_ID, QUANTITY) values ('PRD0123', 'AHCA', 184);
Insert into INVENTORIES (PRODUCT_ID, BRANCH_ID, QUANTITY) values ('PRD0124', 'AHCA', 184);
Insert into INVENTORIES (PRODUCT_ID, BRANCH_ID, QUANTITY) values ('PRD0125', 'AHCA', 184);
Insert into INVENTORIES (PRODUCT_ID, BRANCH_ID, QUANTITY) values ('PRD0126', 'AHCA', 184);
Insert into INVENTORIES (PRODUCT_ID, BRANCH_ID, QUANTITY) values ('PRD0128', 'AHCA', 185);
Insert into INVENTORIES (PRODUCT_ID, BRANCH_ID, QUANTITY) values ('PRD0129', 'AHCA', 185);
Insert into INVENTORIES (PRODUCT_ID, BRANCH_ID, QUANTITY) values ('PRD0130', 'AHCA', 88);
Insert into INVENTORIES (PRODUCT_ID, BRANCH_ID, QUANTITY) values ('PRD0131', 'AHCA', 88);
Insert into INVENTORIES (PRODUCT_ID, BRANCH_ID, QUANTITY) values ('PRD0132', 'AHCA', 185);
Insert into INVENTORIES (PRODUCT_ID, BRANCH_ID, QUANTITY) values ('PRD0133', 'AHCA', 185);
Insert into INVENTORIES (PRODUCT_ID, BRANCH_ID, QUANTITY) values ('PRD0134', 'AHCA', 89);
Insert into INVENTORIES (PRODUCT_ID, BRANCH_ID, QUANTITY) values ('PRD0135', 'AHCA', 89);
Insert into INVENTORIES (PRODUCT_ID, BRANCH_ID, QUANTITY) values ('PRD0136', 'AHCA', 186);
Insert into INVENTORIES (PRODUCT_ID, BRANCH_ID, QUANTITY) values ('PRD0138', 'AHCA', 191);
Insert into INVENTORIES (PRODUCT_ID, BRANCH_ID, QUANTITY) values ('PRD0139', 'AHCA', 93);
Insert into INVENTORIES (PRODUCT_ID, BRANCH_ID, QUANTITY) values ('PRD0140', 'AHCA', 94);
Insert into INVENTORIES (PRODUCT_ID, BRANCH_ID, QUANTITY) values ('PRD0142', 'AHCA', 194);
Insert into INVENTORIES (PRODUCT_ID, BRANCH_ID, QUANTITY) values ('PRD0144', 'AHCA', 95);
Insert into INVENTORIES (PRODUCT_ID, BRANCH_ID, QUANTITY) values ('PRD0145', 'AHCA', 96);
Insert into INVENTORIES (PRODUCT_ID, BRANCH_ID, QUANTITY) values ('PRD0146', 'AHCA', 96);
Insert into INVENTORIES (PRODUCT_ID, BRANCH_ID, QUANTITY) values ('PRD0147', 'AHCA', 96);
Insert into INVENTORIES (PRODUCT_ID, BRANCH_ID, QUANTITY) values ('PRD0148', 'AHCA', 97);
Insert into INVENTORIES (PRODUCT_ID, BRANCH_ID, QUANTITY) values ('PRD0149', 'AHCA', 97);
Insert into INVENTORIES (PRODUCT_ID, BRANCH_ID, QUANTITY) values ('PRD0150', 'AHCA', 101);
Insert into INVENTORIES (PRODUCT_ID, BRANCH_ID, QUANTITY) values ('PRD0151', 'AHCA', 101);
Insert into INVENTORIES (PRODUCT_ID, BRANCH_ID, QUANTITY) values ('PRD0152', 'AHCA', 101);
Insert into INVENTORIES (PRODUCT_ID, BRANCH_ID, QUANTITY) values ('PRD0161', 'AHCA', 120);
Insert into INVENTORIES (PRODUCT_ID, BRANCH_ID, QUANTITY) values ('PRD0166', 'AHCA', 138);
Insert into INVENTORIES (PRODUCT_ID, BRANCH_ID, QUANTITY) values ('PRD0168', 'AHCA', 128);
Insert into INVENTORIES (PRODUCT_ID, BRANCH_ID, QUANTITY) values ('PRD0174', 'AHCA', 158);
Insert into INVENTORIES (PRODUCT_ID, BRANCH_ID, QUANTITY) values ('PRD0175', 'AHCA', 158);
Insert into INVENTORIES (PRODUCT_ID, BRANCH_ID, QUANTITY) values ('PRD0182', 'AHCA', 177);
Insert into INVENTORIES (PRODUCT_ID, BRANCH_ID, QUANTITY) values ('PRD0184', 'AHCA', 178);
Insert into INVENTORIES (PRODUCT_ID, BRANCH_ID, QUANTITY) values ('PRD0185', 'AHCA', 178);
Insert into INVENTORIES (PRODUCT_ID, BRANCH_ID, QUANTITY) values ('PRD0188', 'AHCA', 171);
Insert into INVENTORIES (PRODUCT_ID, BRANCH_ID, QUANTITY) values ('PRD0189', 'AHCA', 172);
Insert into INVENTORIES (PRODUCT_ID, BRANCH_ID, QUANTITY) values ('PRD0190', 'AHCA', 172);
Insert into INVENTORIES (PRODUCT_ID, BRANCH_ID, QUANTITY) values ('PRD0191', 'AHCA', 173);
Insert into INVENTORIES (PRODUCT_ID, BRANCH_ID, QUANTITY) values ('PRD0193', 'AHCA', 173);
Insert into INVENTORIES (PRODUCT_ID, BRANCH_ID, QUANTITY) values ('PRD0195', 'AHCA', 174);
Insert into INVENTORIES (PRODUCT_ID, BRANCH_ID, QUANTITY) values ('PRD0196', 'AHCA', 174);
Insert into INVENTORIES (PRODUCT_ID, BRANCH_ID, QUANTITY) values ('PRD0198', 'AHCA', 175);
Insert into INVENTORIES (PRODUCT_ID, BRANCH_ID, QUANTITY) values ('PRD0199', 'AHCA', 176);
Insert into INVENTORIES (PRODUCT_ID, BRANCH_ID, QUANTITY) values ('PRD0200', 'AHCA', 176);
Insert into INVENTORIES (PRODUCT_ID, BRANCH_ID, QUANTITY) values ('PRD0201', 'AHCA', 176);
Insert into INVENTORIES (PRODUCT_ID, BRANCH_ID, QUANTITY) values ('PRD0203', 'AHCA', 177);
Insert into INVENTORIES (PRODUCT_ID, BRANCH_ID, QUANTITY) values ('PRD0204', 'AHCA', 177);
Insert into INVENTORIES (PRODUCT_ID, BRANCH_ID, QUANTITY) values ('PRD0205', 'AHCA', 177);
Insert into INVENTORIES (PRODUCT_ID, BRANCH_ID, QUANTITY) values ('PRD0207', 'AHCA', 193);
Insert into INVENTORIES (PRODUCT_ID, BRANCH_ID, QUANTITY) values ('PRD0210', 'AHCA', 194);
Insert into INVENTORIES (PRODUCT_ID, BRANCH_ID, QUANTITY) values ('PRD0211', 'AHCA', 195);
Insert into INVENTORIES (PRODUCT_ID, BRANCH_ID, QUANTITY) values ('PRD0212', 'AHCA', 195);
Insert into INVENTORIES (PRODUCT_ID, BRANCH_ID, QUANTITY) values ('PRD0214', 'AHCA', 196);
Insert into INVENTORIES (PRODUCT_ID, BRANCH_ID, QUANTITY) values ('PRD0216', 'AHCA', 197);
Insert into INVENTORIES (PRODUCT_ID, BRANCH_ID, QUANTITY) values ('PRD0218', 'AHCA', 198);
Insert into INVENTORIES (PRODUCT_ID, BRANCH_ID, QUANTITY) values ('PRD0220', 'AHCA', 184);
Insert into INVENTORIES (PRODUCT_ID, BRANCH_ID, QUANTITY) values ('PRD0221', 'AHCA', 185);
Insert into INVENTORIES (PRODUCT_ID, BRANCH_ID, QUANTITY) values ('PRD0222', 'AHCA', 185);
Insert into INVENTORIES (PRODUCT_ID, BRANCH_ID, QUANTITY) values ('PRD0223', 'AHCA', 185);
Insert into INVENTORIES (PRODUCT_ID, BRANCH_ID, QUANTITY) values ('PRD0227', 'AHCA', 189);
Insert into INVENTORIES (PRODUCT_ID, BRANCH_ID, QUANTITY) values ('PRD0228', 'AHCA', 189);
Insert into INVENTORIES (PRODUCT_ID, BRANCH_ID, QUANTITY) values ('PRD0229', 'AHCA', 212);
Insert into INVENTORIES (PRODUCT_ID, BRANCH_ID, QUANTITY) values ('PRD0230', 'AHCA', 213);
Insert into INVENTORIES (PRODUCT_ID, BRANCH_ID, QUANTITY) values ('PRD0231', 'AHCA', 213);
Insert into INVENTORIES (PRODUCT_ID, BRANCH_ID, QUANTITY) values ('PRD0232', 'AHCA', 213);
Insert into INVENTORIES (PRODUCT_ID, BRANCH_ID, QUANTITY) values ('PRD0233', 'AHCA', 213);
Insert into INVENTORIES (PRODUCT_ID, BRANCH_ID, QUANTITY) values ('PRD0234', 'AHCA', 213);
Insert into INVENTORIES (PRODUCT_ID, BRANCH_ID, QUANTITY) values ('PRD0235', 'AHCA', 214);
Insert into INVENTORIES (PRODUCT_ID, BRANCH_ID, QUANTITY) values ('PRD0236', 'AHCA', 214);
Insert into INVENTORIES (PRODUCT_ID, BRANCH_ID, QUANTITY) values ('PRD0237', 'AHCA', 214);
Insert into INVENTORIES (PRODUCT_ID, BRANCH_ID, QUANTITY) values ('PRD0238', 'AHCA', 214);
Insert into INVENTORIES (PRODUCT_ID, BRANCH_ID, QUANTITY) values ('PRD0239', 'AHCA', 214);
Insert into INVENTORIES (PRODUCT_ID, BRANCH_ID, QUANTITY) values ('PRD0245', 'AHCA', 209);
Insert into INVENTORIES (PRODUCT_ID, BRANCH_ID, QUANTITY) values ('PRD0254', 'AHCA', 225);
Insert into INVENTORIES (PRODUCT_ID, BRANCH_ID, QUANTITY) values ('PRD0255', 'AHCA', 225);
Insert into INVENTORIES (PRODUCT_ID, BRANCH_ID, QUANTITY) values ('PRD0256', 'AHCA', 225);
Insert into INVENTORIES (PRODUCT_ID, BRANCH_ID, QUANTITY) values ('PRD0257', 'AHCA', 226);
Insert into INVENTORIES (PRODUCT_ID, BRANCH_ID, QUANTITY) values ('PRD0258', 'AHCA', 226);
Insert into INVENTORIES (PRODUCT_ID, BRANCH_ID, QUANTITY) values ('PRD0259', 'AHCA', 226);
Insert into INVENTORIES (PRODUCT_ID, BRANCH_ID, QUANTITY) values ('PRD0260', 'AHCA', 226);
Insert into INVENTORIES (PRODUCT_ID, BRANCH_ID, QUANTITY) values ('PRD0261', 'AHCA', 226);
Insert into INVENTORIES (PRODUCT_ID, BRANCH_ID, QUANTITY) values ('PRD0262', 'AHCA', 227);
Insert into INVENTORIES (PRODUCT_ID, BRANCH_ID, QUANTITY) values ('PRD0263', 'AHCA', 227);
Insert into INVENTORIES (PRODUCT_ID, BRANCH_ID, QUANTITY) values ('PRD0264', 'AHCA', 227);
Insert into INVENTORIES (PRODUCT_ID, BRANCH_ID, QUANTITY) values ('PRD0265', 'AHCA', 227);
Insert into INVENTORIES (PRODUCT_ID, BRANCH_ID, QUANTITY) values ('PRD0269', 'AHCA', 210);
Insert into INVENTORIES (PRODUCT_ID, BRANCH_ID, QUANTITY) values ('PRD0270', 'AHCA', 210);
Insert into INVENTORIES (PRODUCT_ID, BRANCH_ID, QUANTITY) values ('PRD0271', 'AHCA', 215);
Insert into INVENTORIES (PRODUCT_ID, BRANCH_ID, QUANTITY) values ('PRD0272', 'AHCA', 216);
Insert into INVENTORIES (PRODUCT_ID, BRANCH_ID, QUANTITY) values ('PRD0273', 'AHCA', 264);
Insert into INVENTORIES (PRODUCT_ID, BRANCH_ID, QUANTITY) values ('PRD0274', 'AHCA', 232);
Insert into INVENTORIES (PRODUCT_ID, BRANCH_ID, QUANTITY) values ('PRD0276', 'AHCA', 219);
Insert into INVENTORIES (PRODUCT_ID, BRANCH_ID, QUANTITY) values ('PRD0277', 'AHCA', 219);
Insert into INVENTORIES (PRODUCT_ID, BRANCH_ID, QUANTITY) values ('PRD0278', 'AHCA', 220);
Insert into INVENTORIES (PRODUCT_ID, BRANCH_ID, QUANTITY) values ('PRD0279', 'AHCA', 244);
Insert into INVENTORIES (PRODUCT_ID, BRANCH_ID, QUANTITY) values ('PRD0280', 'AHCA', 244);
Insert into INVENTORIES (PRODUCT_ID, BRANCH_ID, QUANTITY) values ('PRD0281', 'AHCA', 239);
Insert into INVENTORIES (PRODUCT_ID, BRANCH_ID, QUANTITY) values ('PRD0283', 'AHCA', 226);
Insert into INVENTORIES (PRODUCT_ID, BRANCH_ID, QUANTITY) values ('PRD0284', 'AHCA', 353);
Insert into INVENTORIES (PRODUCT_ID, BRANCH_ID, QUANTITY) values ('PRD0285', 'AHCA', 267);
Insert into INVENTORIES (PRODUCT_ID, BRANCH_ID, QUANTITY) values ('PRD0286', 'AHCA', 267);
Insert into INVENTORIES (PRODUCT_ID, BRANCH_ID, QUANTITY) values ('PRD0002', 'AHNJ', 100);
Insert into INVENTORIES (PRODUCT_ID, BRANCH_ID, QUANTITY) values ('PRD0003', 'AHNJ', 88);
Insert into INVENTORIES (PRODUCT_ID, BRANCH_ID, QUANTITY) values ('PRD0004', 'AHNJ', 88);
Insert into INVENTORIES (PRODUCT_ID, BRANCH_ID, QUANTITY) values ('PRD0005', 'AHNJ', 89);
Insert into INVENTORIES (PRODUCT_ID, BRANCH_ID, QUANTITY) values ('PRD0006', 'AHNJ', 89);
Insert into INVENTORIES (PRODUCT_ID, BRANCH_ID, QUANTITY) values ('PRD0011', 'AHNJ', 90);
Insert into INVENTORIES (PRODUCT_ID, BRANCH_ID, QUANTITY) values ('PRD0012', 'AHNJ', 90);
Insert into INVENTORIES (PRODUCT_ID, BRANCH_ID, QUANTITY) values ('PRD0046', 'AHNJ', 112);
Insert into INVENTORIES (PRODUCT_ID, BRANCH_ID, QUANTITY) values ('PRD0047', 'AHNJ', 66);
Insert into INVENTORIES (PRODUCT_ID, BRANCH_ID, QUANTITY) values ('PRD0080', 'AHNJ', 101);
Insert into INVENTORIES (PRODUCT_ID, BRANCH_ID, QUANTITY) values ('PRD0087', 'AHNJ', 107);
Insert into INVENTORIES (PRODUCT_ID, BRANCH_ID, QUANTITY) values ('PRD0088', 'AHNJ', 118);
Insert into INVENTORIES (PRODUCT_ID, BRANCH_ID, QUANTITY) values ('PRD0089', 'AHNJ', 118);
Insert into INVENTORIES (PRODUCT_ID, BRANCH_ID, QUANTITY) values ('PRD0090', 'AHNJ', 118);
Insert into INVENTORIES (PRODUCT_ID, BRANCH_ID, QUANTITY) values ('PRD0091', 'AHNJ', 94);
Insert into INVENTORIES (PRODUCT_ID, BRANCH_ID, QUANTITY) values ('PRD0098', 'AHNJ', 69);
Insert into INVENTORIES (PRODUCT_ID, BRANCH_ID, QUANTITY) values ('PRD0102', 'AHNJ', 73);
Insert into INVENTORIES (PRODUCT_ID, BRANCH_ID, QUANTITY) values ('PRD0103', 'AHNJ', 126);
Insert into INVENTORIES (PRODUCT_ID, BRANCH_ID, QUANTITY) values ('PRD0105', 'AHNJ', 126);
Insert into INVENTORIES (PRODUCT_ID, BRANCH_ID, QUANTITY) values ('PRD0108', 'AHNJ', 127);
Insert into INVENTORIES (PRODUCT_ID, BRANCH_ID, QUANTITY) values ('PRD0110', 'AHNJ', 127);
Insert into INVENTORIES (PRODUCT_ID, BRANCH_ID, QUANTITY) values ('PRD0114', 'AHNJ', 131);
Insert into INVENTORIES (PRODUCT_ID, BRANCH_ID, QUANTITY) values ('PRD0123', 'AHNJ', 135);
Insert into INVENTORIES (PRODUCT_ID, BRANCH_ID, QUANTITY) values ('PRD0132', 'AHNJ', 136);
Insert into INVENTORIES (PRODUCT_ID, BRANCH_ID, QUANTITY) values ('PRD0133', 'AHNJ', 136);
Insert into INVENTORIES (PRODUCT_ID, BRANCH_ID, QUANTITY) values ('PRD0142', 'AHNJ', 142);
Insert into INVENTORIES (PRODUCT_ID, BRANCH_ID, QUANTITY) values ('PRD0159', 'AHNJ', 87);
Insert into INVENTORIES (PRODUCT_ID, BRANCH_ID, QUANTITY) values ('PRD0160', 'AHNJ', 93);
Insert into INVENTORIES (PRODUCT_ID, BRANCH_ID, QUANTITY) values ('PRD0161', 'AHNJ', 108);
Insert into INVENTORIES (PRODUCT_ID, BRANCH_ID, QUANTITY) values ('PRD0163', 'AHNJ', 107);
Insert into INVENTORIES (PRODUCT_ID, BRANCH_ID, QUANTITY) values ('PRD0174', 'AHNJ', 146);
Insert into INVENTORIES (PRODUCT_ID, BRANCH_ID, QUANTITY) values ('PRD0175', 'AHNJ', 146);
Insert into INVENTORIES (PRODUCT_ID, BRANCH_ID, QUANTITY) values ('PRD0182', 'AHNJ', 245);
Insert into INVENTORIES (PRODUCT_ID, BRANCH_ID, QUANTITY) values ('PRD0184', 'AHNJ', 246);
Insert into INVENTORIES (PRODUCT_ID, BRANCH_ID, QUANTITY) values ('PRD0185', 'AHNJ', 246);
Insert into INVENTORIES (PRODUCT_ID, BRANCH_ID, QUANTITY) values ('PRD0207', 'AHNJ', 181);
Insert into INVENTORIES (PRODUCT_ID, BRANCH_ID, QUANTITY) values ('PRD0216', 'AHNJ', 185);
Insert into INVENTORIES (PRODUCT_ID, BRANCH_ID, QUANTITY) values ('PRD0220', 'AHNJ', 272);
Insert into INVENTORIES (PRODUCT_ID, BRANCH_ID, QUANTITY) values ('PRD0221', 'AHNJ', 273);
Insert into INVENTORIES (PRODUCT_ID, BRANCH_ID, QUANTITY) values ('PRD0222', 'AHNJ', 273);
Insert into INVENTORIES (PRODUCT_ID, BRANCH_ID, QUANTITY) values ('PRD0223', 'AHNJ', 273);
Insert into INVENTORIES (PRODUCT_ID, BRANCH_ID, QUANTITY) values ('PRD0241', 'AHNJ', 181);
Insert into INVENTORIES (PRODUCT_ID, BRANCH_ID, QUANTITY) values ('PRD0242', 'AHNJ', 181);
Insert into INVENTORIES (PRODUCT_ID, BRANCH_ID, QUANTITY) values ('PRD0243', 'AHNJ', 181);
Insert into INVENTORIES (PRODUCT_ID, BRANCH_ID, QUANTITY) values ('PRD0245', 'AHNJ', 197);
Insert into INVENTORIES (PRODUCT_ID, BRANCH_ID, QUANTITY) values ('PRD0269', 'AHNJ', 304);
Insert into INVENTORIES (PRODUCT_ID, BRANCH_ID, QUANTITY) values ('PRD0270', 'AHNJ', 304);
Insert into INVENTORIES (PRODUCT_ID, BRANCH_ID, QUANTITY) values ('PRD0281', 'AHNJ', 227);
Insert into INVENTORIES (PRODUCT_ID, BRANCH_ID, QUANTITY) values ('PRD0001', 'AHFL', 255);
Insert into INVENTORIES (PRODUCT_ID, BRANCH_ID, QUANTITY) values ('PRD0002', 'AHFL', 272);
Insert into INVENTORIES (PRODUCT_ID, BRANCH_ID, QUANTITY) values ('PRD0003', 'AHFL', 190);
Insert into INVENTORIES (PRODUCT_ID, BRANCH_ID, QUANTITY) values ('PRD0004', 'AHFL', 213);
Insert into INVENTORIES (PRODUCT_ID, BRANCH_ID, QUANTITY) values ('PRD0005', 'AHFL', 269);
Insert into INVENTORIES (PRODUCT_ID, BRANCH_ID, QUANTITY) values ('PRD0006', 'AHFL', 119);
Insert into INVENTORIES (PRODUCT_ID, BRANCH_ID, QUANTITY) values ('PRD0007', 'AHFL', 112);
Insert into INVENTORIES (PRODUCT_ID, BRANCH_ID, QUANTITY) values ('PRD0008', 'AHFL', 188);
Insert into INVENTORIES (PRODUCT_ID, BRANCH_ID, QUANTITY) values ('PRD0009', 'AHFL', 114);
Insert into INVENTORIES (PRODUCT_ID, BRANCH_ID, QUANTITY) values ('PRD0010', 'AHFL', 90);
Insert into INVENTORIES (PRODUCT_ID, BRANCH_ID, QUANTITY) values ('PRD0011', 'AHFL', 279);
Insert into INVENTORIES (PRODUCT_ID, BRANCH_ID, QUANTITY) values ('PRD0012', 'AHFL', 234);
Insert into INVENTORIES (PRODUCT_ID, BRANCH_ID, QUANTITY) values ('PRD0013', 'AHFL', 72);
Insert into INVENTORIES (PRODUCT_ID, BRANCH_ID, QUANTITY) values ('PRD0014', 'AHFL', 193);
Insert into INVENTORIES (PRODUCT_ID, BRANCH_ID, QUANTITY) values ('PRD0015', 'AHFL', 102);
Insert into INVENTORIES (PRODUCT_ID, BRANCH_ID, QUANTITY) values ('PRD0016', 'AHFL', 197);
Insert into INVENTORIES (PRODUCT_ID, BRANCH_ID, QUANTITY) values ('PRD0017', 'AHFL', 153);
Insert into INVENTORIES (PRODUCT_ID, BRANCH_ID, QUANTITY) values ('PRD0018', 'AHFL', 152);
Insert into INVENTORIES (PRODUCT_ID, BRANCH_ID, QUANTITY) values ('PRD0019', 'AHFL', 241);
Insert into INVENTORIES (PRODUCT_ID, BRANCH_ID, QUANTITY) values ('PRD0020', 'AHFL', 202);
Insert into INVENTORIES (PRODUCT_ID, BRANCH_ID, QUANTITY) values ('PRD0021', 'AHFL', 89);
Insert into INVENTORIES (PRODUCT_ID, BRANCH_ID, QUANTITY) values ('PRD0022', 'AHFL', 73);
Insert into INVENTORIES (PRODUCT_ID, BRANCH_ID, QUANTITY) values ('PRD0023', 'AHFL', 216);
Insert into INVENTORIES (PRODUCT_ID, BRANCH_ID, QUANTITY) values ('PRD0024', 'AHFL', 100);
Insert into INVENTORIES (PRODUCT_ID, BRANCH_ID, QUANTITY) values ('PRD0025', 'AHFL', 171);
Insert into INVENTORIES (PRODUCT_ID, BRANCH_ID, QUANTITY) values ('PRD0026', 'AHFL', 167);
Insert into INVENTORIES (PRODUCT_ID, BRANCH_ID, QUANTITY) values ('PRD0027', 'AHFL', 84);
Insert into INVENTORIES (PRODUCT_ID, BRANCH_ID, QUANTITY) values ('PRD0028', 'AHFL', 156);
Insert into INVENTORIES (PRODUCT_ID, BRANCH_ID, QUANTITY) values ('PRD0029', 'AHFL', 284);
Insert into INVENTORIES (PRODUCT_ID, BRANCH_ID, QUANTITY) values ('PRD0030', 'AHFL', 173);
Insert into INVENTORIES (PRODUCT_ID, BRANCH_ID, QUANTITY) values ('PRD0031', 'AHFL', 237);
Insert into INVENTORIES (PRODUCT_ID, BRANCH_ID, QUANTITY) values ('PRD0032', 'AHFL', 118);
Insert into INVENTORIES (PRODUCT_ID, BRANCH_ID, QUANTITY) values ('PRD0033', 'AHFL', 94);
Insert into INVENTORIES (PRODUCT_ID, BRANCH_ID, QUANTITY) values ('PRD0034', 'AHFL', 203);
Insert into INVENTORIES (PRODUCT_ID, BRANCH_ID, QUANTITY) values ('PRD0035', 'AHFL', 108);
Insert into INVENTORIES (PRODUCT_ID, BRANCH_ID, QUANTITY) values ('PRD0037', 'AHFL', 122);
Insert into INVENTORIES (PRODUCT_ID, BRANCH_ID, QUANTITY) values ('PRD0038', 'AHFL', 274);
Insert into INVENTORIES (PRODUCT_ID, BRANCH_ID, QUANTITY) values ('PRD0039', 'AHFL', 289);
Insert into INVENTORIES (PRODUCT_ID, BRANCH_ID, QUANTITY) values ('PRD0040', 'AHFL', 281);
Insert into INVENTORIES (PRODUCT_ID, BRANCH_ID, QUANTITY) values ('PRD0041', 'AHFL', 293);
Insert into INVENTORIES (PRODUCT_ID, BRANCH_ID, QUANTITY) values ('PRD0043', 'AHFL', 109);
Insert into INVENTORIES (PRODUCT_ID, BRANCH_ID, QUANTITY) values ('PRD0044', 'AHFL', 267);
Insert into INVENTORIES (PRODUCT_ID, BRANCH_ID, QUANTITY) values ('PRD0045', 'AHFL', 243);
Insert into INVENTORIES (PRODUCT_ID, BRANCH_ID, QUANTITY) values ('PRD0051', 'AHFL', 74);
Insert into INVENTORIES (PRODUCT_ID, BRANCH_ID, QUANTITY) values ('PRD0052', 'AHFL', 218);
Insert into INVENTORIES (PRODUCT_ID, BRANCH_ID, QUANTITY) values ('PRD0053', 'AHFL', 220);
Insert into INVENTORIES (PRODUCT_ID, BRANCH_ID, QUANTITY) values ('PRD0054', 'AHFL', 142);
Insert into INVENTORIES (PRODUCT_ID, BRANCH_ID, QUANTITY) values ('PRD0055', 'AHFL', 248);
Insert into INVENTORIES (PRODUCT_ID, BRANCH_ID, QUANTITY) values ('PRD0057', 'AHFL', 135);
Insert into INVENTORIES (PRODUCT_ID, BRANCH_ID, QUANTITY) values ('PRD0063', 'AHFL', 88);
Insert into INVENTORIES (PRODUCT_ID, BRANCH_ID, QUANTITY) values ('PRD0064', 'AHFL', 168);
Insert into INVENTORIES (PRODUCT_ID, BRANCH_ID, QUANTITY) values ('PRD0066', 'AHFL', 179);
Insert into INVENTORIES (PRODUCT_ID, BRANCH_ID, QUANTITY) values ('PRD0069', 'AHFL', 165);
Insert into INVENTORIES (PRODUCT_ID, BRANCH_ID, QUANTITY) values ('PRD0070', 'AHFL', 286);
Insert into INVENTORIES (PRODUCT_ID, BRANCH_ID, QUANTITY) values ('PRD0071', 'AHFL', 245);
Insert into INVENTORIES (PRODUCT_ID, BRANCH_ID, QUANTITY) values ('PRD0072', 'AHFL', 75);
Insert into INVENTORIES (PRODUCT_ID, BRANCH_ID, QUANTITY) values ('PRD0074', 'AHFL', 124);
Insert into INVENTORIES (PRODUCT_ID, BRANCH_ID, QUANTITY) values ('PRD0075', 'AHFL', 198);
Insert into INVENTORIES (PRODUCT_ID, BRANCH_ID, QUANTITY) values ('PRD0077', 'AHFL', 83);
Insert into INVENTORIES (PRODUCT_ID, BRANCH_ID, QUANTITY) values ('PRD0078', 'AHFL', 76);
Insert into INVENTORIES (PRODUCT_ID, BRANCH_ID, QUANTITY) values ('PRD0080', 'AHFL', 149);
Insert into INVENTORIES (PRODUCT_ID, BRANCH_ID, QUANTITY) values ('PRD0083', 'AHFL', 99);
Insert into INVENTORIES (PRODUCT_ID, BRANCH_ID, QUANTITY) values ('PRD0085', 'AHFL', 240);
Insert into INVENTORIES (PRODUCT_ID, BRANCH_ID, QUANTITY) values ('PRD0086', 'AHFL', 134);
Insert into INVENTORIES (PRODUCT_ID, BRANCH_ID, QUANTITY) values ('PRD0089', 'AHFL', 172);
Insert into INVENTORIES (PRODUCT_ID, BRANCH_ID, QUANTITY) values ('PRD0090', 'AHFL', 129);
Insert into INVENTORIES (PRODUCT_ID, BRANCH_ID, QUANTITY) values ('PRD0091', 'AHFL', 229);
Insert into INVENTORIES (PRODUCT_ID, BRANCH_ID, QUANTITY) values ('PRD0092', 'AHFL', 231);
Insert into INVENTORIES (PRODUCT_ID, BRANCH_ID, QUANTITY) values ('PRD0093', 'AHFL', 249);
Insert into INVENTORIES (PRODUCT_ID, BRANCH_ID, QUANTITY) values ('PRD0094', 'AHFL', 205);
Insert into INVENTORIES (PRODUCT_ID, BRANCH_ID, QUANTITY) values ('PRD0097', 'AHFL', 233);
Insert into INVENTORIES (PRODUCT_ID, BRANCH_ID, QUANTITY) values ('PRD0098', 'AHFL', 282);
Insert into INVENTORIES (PRODUCT_ID, BRANCH_ID, QUANTITY) values ('PRD0099', 'AHFL', 211);
Insert into INVENTORIES (PRODUCT_ID, BRANCH_ID, QUANTITY) values ('PRD0101', 'AHFL', 144);
Insert into INVENTORIES (PRODUCT_ID, BRANCH_ID, QUANTITY) values ('PRD0102', 'AHFL', 222);
Insert into INVENTORIES (PRODUCT_ID, BRANCH_ID, QUANTITY) values ('PRD0103', 'AHFL', 160);
Insert into INVENTORIES (PRODUCT_ID, BRANCH_ID, QUANTITY) values ('PRD0104', 'AHFL', 200);
Insert into INVENTORIES (PRODUCT_ID, BRANCH_ID, QUANTITY) values ('PRD0105', 'AHFL', 80);
Insert into INVENTORIES (PRODUCT_ID, BRANCH_ID, QUANTITY) values ('PRD0106', 'AHFL', 252);
Insert into INVENTORIES (PRODUCT_ID, BRANCH_ID, QUANTITY) values ('PRD0107', 'AHFL', 163);
Insert into INVENTORIES (PRODUCT_ID, BRANCH_ID, QUANTITY) values ('PRD0108', 'AHFL', 263);
Insert into INVENTORIES (PRODUCT_ID, BRANCH_ID, QUANTITY) values ('PRD0109', 'AHFL', 81);
Insert into INVENTORIES (PRODUCT_ID, BRANCH_ID, QUANTITY) values ('PRD0110', 'AHFL', 98);
Insert into INVENTORIES (PRODUCT_ID, BRANCH_ID, QUANTITY) values ('PRD0111', 'AHFL', 278);
Insert into INVENTORIES (PRODUCT_ID, BRANCH_ID, QUANTITY) values ('PRD0112', 'AHFL', 93);
Insert into INVENTORIES (PRODUCT_ID, BRANCH_ID, QUANTITY) values ('PRD0113', 'AHFL', 136);
Insert into INVENTORIES (PRODUCT_ID, BRANCH_ID, QUANTITY) values ('PRD0114', 'AHFL', 257);
Insert into INVENTORIES (PRODUCT_ID, BRANCH_ID, QUANTITY) values ('PRD0115', 'AHFL', 265);
Insert into INVENTORIES (PRODUCT_ID, BRANCH_ID, QUANTITY) values ('PRD0116', 'AHFL', 224);
Insert into INVENTORIES (PRODUCT_ID, BRANCH_ID, QUANTITY) values ('PRD0117', 'AHFL', 117);
Insert into INVENTORIES (PRODUCT_ID, BRANCH_ID, QUANTITY) values ('PRD0118', 'AHFL', 258);
Insert into INVENTORIES (PRODUCT_ID, BRANCH_ID, QUANTITY) values ('PRD0119', 'AHFL', 157);
Insert into INVENTORIES (PRODUCT_ID, BRANCH_ID, QUANTITY) values ('PRD0120', 'AHFL', 210);
Insert into INVENTORIES (PRODUCT_ID, BRANCH_ID, QUANTITY) values ('PRD0121', 'AHFL', 161);
Insert into INVENTORIES (PRODUCT_ID, BRANCH_ID, QUANTITY) values ('PRD0122', 'AHFL', 183);
Insert into INVENTORIES (PRODUCT_ID, BRANCH_ID, QUANTITY) values ('PRD0123', 'AHFL', 262);
Insert into INVENTORIES (PRODUCT_ID, BRANCH_ID, QUANTITY) values ('PRD0124', 'AHFL', 91);
Insert into INVENTORIES (PRODUCT_ID, BRANCH_ID, QUANTITY) values ('PRD0125', 'AHFL', 214);
Insert into INVENTORIES (PRODUCT_ID, BRANCH_ID, QUANTITY) values ('PRD0126', 'AHFL', 131);
Insert into INVENTORIES (PRODUCT_ID, BRANCH_ID, QUANTITY) values ('PRD0127', 'AHFL', 148);
Insert into INVENTORIES (PRODUCT_ID, BRANCH_ID, QUANTITY) values ('PRD0128', 'AHFL', 138);
Insert into INVENTORIES (PRODUCT_ID, BRANCH_ID, QUANTITY) values ('PRD0131', 'AHFL', 225);
Insert into INVENTORIES (PRODUCT_ID, BRANCH_ID, QUANTITY) values ('PRD0132', 'AHFL', 181);
Insert into INVENTORIES (PRODUCT_ID, BRANCH_ID, QUANTITY) values ('PRD0133', 'AHFL', 177);
Insert into INVENTORIES (PRODUCT_ID, BRANCH_ID, QUANTITY) values ('PRD0134', 'AHFL', 275);
Insert into INVENTORIES (PRODUCT_ID, BRANCH_ID, QUANTITY) values ('PRD0135', 'AHFL', 283);
Insert into INVENTORIES (PRODUCT_ID, BRANCH_ID, QUANTITY) values ('PRD0138', 'AHFL', 206);
Insert into INVENTORIES (PRODUCT_ID, BRANCH_ID, QUANTITY) values ('PRD0140', 'AHFL', 299);
Insert into INVENTORIES (PRODUCT_ID, BRANCH_ID, QUANTITY) values ('PRD0141', 'AHFL', 170);
Insert into INVENTORIES (PRODUCT_ID, BRANCH_ID, QUANTITY) values ('PRD0142', 'AHFL', 137);
Insert into INVENTORIES (PRODUCT_ID, BRANCH_ID, QUANTITY) values ('PRD0143', 'AHFL', 86);
Insert into INVENTORIES (PRODUCT_ID, BRANCH_ID, QUANTITY) values ('PRD0144', 'AHFL', 159);
Insert into INVENTORIES (PRODUCT_ID, BRANCH_ID, QUANTITY) values ('PRD0145', 'AHFL', 256);
Insert into INVENTORIES (PRODUCT_ID, BRANCH_ID, QUANTITY) values ('PRD0146', 'AHFL', 226);
Insert into INVENTORIES (PRODUCT_ID, BRANCH_ID, QUANTITY) values ('PRD0150', 'AHFL', 175);
Insert into INVENTORIES (PRODUCT_ID, BRANCH_ID, QUANTITY) values ('PRD0151', 'AHFL', 145);
Insert into INVENTORIES (PRODUCT_ID, BRANCH_ID, QUANTITY) values ('PRD0152', 'AHFL', 151);
Insert into INVENTORIES (PRODUCT_ID, BRANCH_ID, QUANTITY) values ('PRD0153', 'AHFL', 180);
Insert into INVENTORIES (PRODUCT_ID, BRANCH_ID, QUANTITY) values ('PRD0154', 'AHFL', 77);
Insert into INVENTORIES (PRODUCT_ID, BRANCH_ID, QUANTITY) values ('PRD0156', 'AHFL', 266);
Insert into INVENTORIES (PRODUCT_ID, BRANCH_ID, QUANTITY) values ('PRD0157', 'AHFL', 251);
Insert into INVENTORIES (PRODUCT_ID, BRANCH_ID, QUANTITY) values ('PRD0158', 'AHFL', 235);
Insert into INVENTORIES (PRODUCT_ID, BRANCH_ID, QUANTITY) values ('PRD0159', 'AHFL', 133);
Insert into INVENTORIES (PRODUCT_ID, BRANCH_ID, QUANTITY) values ('PRD0160', 'AHFL', 105);
Insert into INVENTORIES (PRODUCT_ID, BRANCH_ID, QUANTITY) values ('PRD0161', 'AHFL', 287);
Insert into INVENTORIES (PRODUCT_ID, BRANCH_ID, QUANTITY) values ('PRD0166', 'AHFL', 261);
Insert into INVENTORIES (PRODUCT_ID, BRANCH_ID, QUANTITY) values ('PRD0169', 'AHFL', 230);
Insert into INVENTORIES (PRODUCT_ID, BRANCH_ID, QUANTITY) values ('PRD0171', 'AHFL', 285);
Insert into INVENTORIES (PRODUCT_ID, BRANCH_ID, QUANTITY) values ('PRD0172', 'AHFL', 271);
Insert into INVENTORIES (PRODUCT_ID, BRANCH_ID, QUANTITY) values ('PRD0174', 'AHFL', 92);
Insert into INVENTORIES (PRODUCT_ID, BRANCH_ID, QUANTITY) values ('PRD0177', 'AHFL', 97);
Insert into INVENTORIES (PRODUCT_ID, BRANCH_ID, QUANTITY) values ('PRD0178', 'AHFL', 227);
Insert into INVENTORIES (PRODUCT_ID, BRANCH_ID, QUANTITY) values ('PRD0180', 'AHFL', 297);
Insert into INVENTORIES (PRODUCT_ID, BRANCH_ID, QUANTITY) values ('PRD0181', 'AHFL', 264);
Insert into INVENTORIES (PRODUCT_ID, BRANCH_ID, QUANTITY) values ('PRD0182', 'AHFL', 204);
Insert into INVENTORIES (PRODUCT_ID, BRANCH_ID, QUANTITY) values ('PRD0183', 'AHFL', 294);
Insert into INVENTORIES (PRODUCT_ID, BRANCH_ID, QUANTITY) values ('PRD0184', 'AHFL', 253);
Insert into INVENTORIES (PRODUCT_ID, BRANCH_ID, QUANTITY) values ('PRD0185', 'AHFL', 78);
Insert into INVENTORIES (PRODUCT_ID, BRANCH_ID, QUANTITY) values ('PRD0187', 'AHFL', 128);
Insert into INVENTORIES (PRODUCT_ID, BRANCH_ID, QUANTITY) values ('PRD0189', 'AHFL', 199);
Insert into INVENTORIES (PRODUCT_ID, BRANCH_ID, QUANTITY) values ('PRD0196', 'AHFL', 176);
Insert into INVENTORIES (PRODUCT_ID, BRANCH_ID, QUANTITY) values ('PRD0198', 'AHFL', 238);
Insert into INVENTORIES (PRODUCT_ID, BRANCH_ID, QUANTITY) values ('PRD0201', 'AHFL', 295);
Insert into INVENTORIES (PRODUCT_ID, BRANCH_ID, QUANTITY) values ('PRD0202', 'AHFL', 126);
Insert into INVENTORIES (PRODUCT_ID, BRANCH_ID, QUANTITY) values ('PRD0206', 'AHFL', 207);
Insert into INVENTORIES (PRODUCT_ID, BRANCH_ID, QUANTITY) values ('PRD0208', 'AHFL', 288);
Insert into INVENTORIES (PRODUCT_ID, BRANCH_ID, QUANTITY) values ('PRD0210', 'AHFL', 141);
Insert into INVENTORIES (PRODUCT_ID, BRANCH_ID, QUANTITY) values ('PRD0211', 'AHFL', 277);
Insert into INVENTORIES (PRODUCT_ID, BRANCH_ID, QUANTITY) values ('PRD0212', 'AHFL', 85);
Insert into INVENTORIES (PRODUCT_ID, BRANCH_ID, QUANTITY) values ('PRD0213', 'AHFL', 140);
Insert into INVENTORIES (PRODUCT_ID, BRANCH_ID, QUANTITY) values ('PRD0214', 'AHFL', 244);
Insert into INVENTORIES (PRODUCT_ID, BRANCH_ID, QUANTITY) values ('PRD0215', 'AHFL', 292);
Insert into INVENTORIES (PRODUCT_ID, BRANCH_ID, QUANTITY) values ('PRD0216', 'AHFL', 71);
Insert into INVENTORIES (PRODUCT_ID, BRANCH_ID, QUANTITY) values ('PRD0217', 'AHFL', 121);
Insert into INVENTORIES (PRODUCT_ID, BRANCH_ID, QUANTITY) values ('PRD0218', 'AHFL', 120);
Insert into INVENTORIES (PRODUCT_ID, BRANCH_ID, QUANTITY) values ('PRD0219', 'AHFL', 116);
Insert into INVENTORIES (PRODUCT_ID, BRANCH_ID, QUANTITY) values ('PRD0220', 'AHFL', 107);
Insert into INVENTORIES (PRODUCT_ID, BRANCH_ID, QUANTITY) values ('PRD0221', 'AHFL', 259);
Insert into INVENTORIES (PRODUCT_ID, BRANCH_ID, QUANTITY) values ('PRD0222', 'AHFL', 123);
Insert into INVENTORIES (PRODUCT_ID, BRANCH_ID, QUANTITY) values ('PRD0223', 'AHFL', 270);
Insert into INVENTORIES (PRODUCT_ID, BRANCH_ID, QUANTITY) values ('PRD0224', 'AHFL', 186);
Insert into INVENTORIES (PRODUCT_ID, BRANCH_ID, QUANTITY) values ('PRD0225', 'AHFL', 139);
Insert into INVENTORIES (PRODUCT_ID, BRANCH_ID, QUANTITY) values ('PRD0226', 'AHFL', 212);
Insert into INVENTORIES (PRODUCT_ID, BRANCH_ID, QUANTITY) values ('PRD0227', 'AHFL', 247);
Insert into INVENTORIES (PRODUCT_ID, BRANCH_ID, QUANTITY) values ('PRD0228', 'AHFL', 268);
Insert into INVENTORIES (PRODUCT_ID, BRANCH_ID, QUANTITY) values ('PRD0229', 'AHFL', 219);
Insert into INVENTORIES (PRODUCT_ID, BRANCH_ID, QUANTITY) values ('PRD0230', 'AHFL', 280);
Insert into INVENTORIES (PRODUCT_ID, BRANCH_ID, QUANTITY) values ('PRD0231', 'AHFL', 79);
Insert into INVENTORIES (PRODUCT_ID, BRANCH_ID, QUANTITY) values ('PRD0232', 'AHFL', 115);
Insert into INVENTORIES (PRODUCT_ID, BRANCH_ID, QUANTITY) values ('PRD0233', 'AHFL', 191);
Insert into INVENTORIES (PRODUCT_ID, BRANCH_ID, QUANTITY) values ('PRD0234', 'AHFL', 228);
Insert into INVENTORIES (PRODUCT_ID, BRANCH_ID, QUANTITY) values ('PRD0235', 'AHFL', 146);
Insert into INVENTORIES (PRODUCT_ID, BRANCH_ID, QUANTITY) values ('PRD0236', 'AHFL', 110);
Insert into INVENTORIES (PRODUCT_ID, BRANCH_ID, QUANTITY) values ('PRD0237', 'AHFL', 295);
Insert into INVENTORIES (PRODUCT_ID, BRANCH_ID, QUANTITY) values ('PRD0238', 'AHFL', 185);
Insert into INVENTORIES (PRODUCT_ID, BRANCH_ID, QUANTITY) values ('PRD0240', 'AHFL', 298);
Insert into INVENTORIES (PRODUCT_ID, BRANCH_ID, QUANTITY) values ('PRD0241', 'AHFL', 208);
Insert into INVENTORIES (PRODUCT_ID, BRANCH_ID, QUANTITY) values ('PRD0242', 'AHFL', 260);
Insert into INVENTORIES (PRODUCT_ID, BRANCH_ID, QUANTITY) values ('PRD0244', 'AHFL', 195);
Insert into INVENTORIES (PRODUCT_ID, BRANCH_ID, QUANTITY) values ('PRD0245', 'AHFL', 130);
Insert into INVENTORIES (PRODUCT_ID, BRANCH_ID, QUANTITY) values ('PRD0249', 'AHFL', 221);
Insert into INVENTORIES (PRODUCT_ID, BRANCH_ID, QUANTITY) values ('PRD0250', 'AHFL', 209);
Insert into INVENTORIES (PRODUCT_ID, BRANCH_ID, QUANTITY) values ('PRD0252', 'AHFL', 127);
Insert into INVENTORIES (PRODUCT_ID, BRANCH_ID, QUANTITY) values ('PRD0254', 'AHFL', 95);
Insert into INVENTORIES (PRODUCT_ID, BRANCH_ID, QUANTITY) values ('PRD0255', 'AHFL', 111);
Insert into INVENTORIES (PRODUCT_ID, BRANCH_ID, QUANTITY) values ('PRD0260', 'AHFL', 147);
Insert into INVENTORIES (PRODUCT_ID, BRANCH_ID, QUANTITY) values ('PRD0261', 'AHFL', 104);
Insert into INVENTORIES (PRODUCT_ID, BRANCH_ID, QUANTITY) values ('PRD0263', 'AHFL', 296);
Insert into INVENTORIES (PRODUCT_ID, BRANCH_ID, QUANTITY) values ('PRD0267', 'AHFL', 291);
Insert into INVENTORIES (PRODUCT_ID, BRANCH_ID, QUANTITY) values ('PRD0268', 'AHFL', 162);
Insert into INVENTORIES (PRODUCT_ID, BRANCH_ID, QUANTITY) values ('PRD0270', 'AHFL', 250);
Insert into INVENTORIES (PRODUCT_ID, BRANCH_ID, QUANTITY) values ('PRD0271', 'AHFL', 106);
Insert into INVENTORIES (PRODUCT_ID, BRANCH_ID, QUANTITY) values ('PRD0275', 'AHFL', 155);
Insert into INVENTORIES (PRODUCT_ID, BRANCH_ID, QUANTITY) values ('PRD0277', 'AHFL', 164);
Insert into INVENTORIES (PRODUCT_ID, BRANCH_ID, QUANTITY) values ('PRD0279', 'AHFL', 71);
Insert into INVENTORIES (PRODUCT_ID, BRANCH_ID, QUANTITY) values ('PRD0280', 'AHFL', 87);
Insert into INVENTORIES (PRODUCT_ID, BRANCH_ID, QUANTITY) values ('PRD0285', 'AHFL', 290);
INSERT INTO INVENTORIES (product_id, branch_id, quantity) VALUES ('PRD0001', 'AHMA', 213);
INSERT INTO INVENTORIES (product_id, branch_id, quantity) VALUES ('PRD0002', 'AHMA', 455);
INSERT INTO INVENTORIES (product_id, branch_id, quantity) VALUES ('PRD0003', 'AHMA', 388);
INSERT INTO INVENTORIES (product_id, branch_id, quantity) VALUES ('PRD0004', 'AHMA', 109);
INSERT INTO INVENTORIES (product_id, branch_id, quantity) VALUES ('PRD0005', 'AHMA', 401);
INSERT INTO INVENTORIES (product_id, branch_id, quantity) VALUES ('PRD0006', 'AHMA', 234);
INSERT INTO INVENTORIES (product_id, branch_id, quantity) VALUES ('PRD0007', 'AHMA', 176);
INSERT INTO INVENTORIES (product_id, branch_id, quantity) VALUES ('PRD0008', 'AHMA', 312);
INSERT INTO INVENTORIES (product_id, branch_id, quantity) VALUES ('PRD0009', 'AHMA', 91);
INSERT INTO INVENTORIES (product_id, branch_id, quantity) VALUES ('PRD0010', 'AHMA', 482);
INSERT INTO INVENTORIES (product_id, branch_id, quantity) VALUES ('PRD0011', 'AHMA', 267);
INSERT INTO INVENTORIES (product_id, branch_id, quantity) VALUES ('PRD0012', 'AHMA', 359);
INSERT INTO INVENTORIES (product_id, branch_id, quantity) VALUES ('PRD0013', 'AHMA', 128);
INSERT INTO INVENTORIES (product_id, branch_id, quantity) VALUES ('PRD0014', 'AHMA', 444);
INSERT INTO INVENTORIES (product_id, branch_id, quantity) VALUES ('PRD0015', 'AHMA', 299);
INSERT INTO INVENTORIES (product_id, branch_id, quantity) VALUES ('PRD0016', 'AHMA', 75);
INSERT INTO INVENTORIES (product_id, branch_id, quantity) VALUES ('PRD0017', 'AHMA', 390);
INSERT INTO INVENTORIES (product_id, branch_id, quantity) VALUES ('PRD0018', 'AHMA', 150);
INSERT INTO INVENTORIES (product_id, branch_id, quantity) VALUES ('PRD0019', 'AHMA', 415);
INSERT INTO INVENTORIES (product_id, branch_id, quantity) VALUES ('PRD0020', 'AHMA', 202);
INSERT INTO INVENTORIES (product_id, branch_id, quantity) VALUES ('PRD0021', 'AHMA', 333);
INSERT INTO INVENTORIES (product_id, branch_id, quantity) VALUES ('PRD0022', 'AHMA', 188);
INSERT INTO INVENTORIES (product_id, branch_id, quantity) VALUES ('PRD0023', 'AHMA', 477);
INSERT INTO INVENTORIES (product_id, branch_id, quantity) VALUES ('PRD0024', 'AHMA', 221);
INSERT INTO INVENTORIES (product_id, branch_id, quantity) VALUES ('PRD0025', 'AHMA', 366);
INSERT INTO INVENTORIES (product_id, branch_id, quantity) VALUES ('PRD0026', 'AHMA', 119);
INSERT INTO INVENTORIES (product_id, branch_id, quantity) VALUES ('PRD0027', 'AHMA', 493);
INSERT INTO INVENTORIES (product_id, branch_id, quantity) VALUES ('PRD0028', 'AHMA', 280);
INSERT INTO INVENTORIES (product_id, branch_id, quantity) VALUES ('PRD0032', 'AHMA', 405);
INSERT INTO INVENTORIES (product_id, branch_id, quantity) VALUES ('PRD0033', 'AHMA', 164);
INSERT INTO INVENTORIES (product_id, branch_id, quantity) VALUES ('PRD0034', 'AHMA', 371);
INSERT INTO INVENTORIES (product_id, branch_id, quantity) VALUES ('PRD0035', 'AHMA', 245);
INSERT INTO INVENTORIES (product_id, branch_id, quantity) VALUES ('PRD0036', 'AHMA', 88);
INSERT INTO INVENTORIES (product_id, branch_id, quantity) VALUES ('PRD0037', 'AHMA', 423);
INSERT INTO INVENTORIES (product_id, branch_id, quantity) VALUES ('PRD0038', 'AHMA', 199);
INSERT INTO INVENTORIES (product_id, branch_id, quantity) VALUES ('PRD0039', 'AHMA', 301);
INSERT INTO INVENTORIES (product_id, branch_id, quantity) VALUES ('PRD0040', 'AHMA', 460);
INSERT INTO INVENTORIES (product_id, branch_id, quantity) VALUES ('PRD0041', 'AHMA', 135);
INSERT INTO INVENTORIES (product_id, branch_id, quantity) VALUES ('PRD0042', 'AHMA', 381);
INSERT INTO INVENTORIES (product_id, branch_id, quantity) VALUES ('PRD0043', 'AHMA', 255);
INSERT INTO INVENTORIES (product_id, branch_id, quantity) VALUES ('PRD0044', 'AHMA', 499);
INSERT INTO INVENTORIES (product_id, branch_id, quantity) VALUES ('PRD0045', 'AHMA', 101);
INSERT INTO INVENTORIES (product_id, branch_id, quantity) VALUES ('PRD0051', 'AHMA', 340);
INSERT INTO INVENTORIES (product_id, branch_id, quantity) VALUES ('PRD0052', 'AHMA', 208);
INSERT INTO INVENTORIES (product_id, branch_id, quantity) VALUES ('PRD0053', 'AHMA', 433);
INSERT INTO INVENTORIES (product_id, branch_id, quantity) VALUES ('PRD0054', 'AHMA', 170);
INSERT INTO INVENTORIES (product_id, branch_id, quantity) VALUES ('PRD0055', 'AHMA', 294);
INSERT INTO INVENTORIES (product_id, branch_id, quantity) VALUES ('PRD0057', 'AHMA', 471);
INSERT INTO INVENTORIES (product_id, branch_id, quantity) VALUES ('PRD0063', 'AHMA', 112);
INSERT INTO INVENTORIES (product_id, branch_id, quantity) VALUES ('PRD0064', 'AHMA', 305);
INSERT INTO INVENTORIES (product_id, branch_id, quantity) VALUES ('PRD0066', 'AHMA', 428);
INSERT INTO INVENTORIES (product_id, branch_id, quantity) VALUES ('PRD0069', 'AHMA', 181);
INSERT INTO INVENTORIES (product_id, branch_id, quantity) VALUES ('PRD0070', 'AHMA', 327);
INSERT INTO INVENTORIES (product_id, branch_id, quantity) VALUES ('PRD0071', 'AHMA', 216);
INSERT INTO INVENTORIES (product_id, branch_id, quantity) VALUES ('PRD0072', 'AHMA', 488);
INSERT INTO INVENTORIES (product_id, branch_id, quantity) VALUES ('PRD0074', 'AHMA', 97);
INSERT INTO INVENTORIES (product_id, branch_id, quantity) VALUES ('PRD0075', 'AHMA', 355);
INSERT INTO INVENTORIES (product_id, branch_id, quantity) VALUES ('PRD0077', 'AHMA', 144);
INSERT INTO INVENTORIES (product_id, branch_id, quantity) VALUES ('PRD0078', 'AHMA', 409);
INSERT INTO INVENTORIES (product_id, branch_id, quantity) VALUES ('PRD0080', 'AHMA', 273);
INSERT INTO INVENTORIES (product_id, branch_id, quantity) VALUES ('PRD0083', 'AHMA', 192);
INSERT INTO INVENTORIES (product_id, branch_id, quantity) VALUES ('PRD0085', 'AHMA', 450);
INSERT INTO INVENTORIES (product_id, branch_id, quantity) VALUES ('PRD0086', 'AHMA', 318);
INSERT INTO INVENTORIES (product_id, branch_id, quantity) VALUES ('PRD0087', 'AHMA', 106);
INSERT INTO INVENTORIES (product_id, branch_id, quantity) VALUES ('PRD0089', 'AHMA', 377);
INSERT INTO INVENTORIES (product_id, branch_id, quantity) VALUES ('PRD0090', 'AHMA', 261);
INSERT INTO INVENTORIES (product_id, branch_id, quantity) VALUES ('PRD0091', 'AHMA', 494);
INSERT INTO INVENTORIES (product_id, branch_id, quantity) VALUES ('PRD0092', 'AHMA', 123);
INSERT INTO INVENTORIES (product_id, branch_id, quantity) VALUES ('PRD0093', 'AHMA', 369);
INSERT INTO INVENTORIES (product_id, branch_id, quantity) VALUES ('PRD0094', 'AHMA', 288);
INSERT INTO INVENTORIES (product_id, branch_id, quantity) VALUES ('PRD0095', 'AHMA', 419);
INSERT INTO INVENTORIES (product_id, branch_id, quantity) VALUES ('PRD0096', 'AHMA', 156);
INSERT INTO INVENTORIES (product_id, branch_id, quantity) VALUES ('PRD0097', 'AHMA', 465);
INSERT INTO INVENTORIES (product_id, branch_id, quantity) VALUES ('PRD0098', 'AHMA', 239);
INSERT INTO INVENTORIES (product_id, branch_id, quantity) VALUES ('PRD0099', 'AHMA', 395);
INSERT INTO INVENTORIES (product_id, branch_id, quantity) VALUES ('PRD0100', 'AHMA', 131);
INSERT INTO INVENTORIES (product_id, branch_id, quantity) VALUES ('PRD0101', 'AHMA', 335);
INSERT INTO INVENTORIES (product_id, branch_id, quantity) VALUES ('PRD0102', 'AHMA', 278);
INSERT INTO INVENTORIES (product_id, branch_id, quantity) VALUES ('PRD0103', 'AHMA', 440);
INSERT INTO INVENTORIES (product_id, branch_id, quantity) VALUES ('PRD0104', 'AHMA', 185);
INSERT INTO INVENTORIES (product_id, branch_id, quantity) VALUES ('PRD0108', 'AHMA', 308);
INSERT INTO INVENTORIES (product_id, branch_id, quantity) VALUES ('PRD0109', 'AHMA', 472);
INSERT INTO INVENTORIES (product_id, branch_id, quantity) VALUES ('PRD0110', 'AHMA', 115);
INSERT INTO INVENTORIES (product_id, branch_id, quantity) VALUES ('PRD0111', 'AHMA', 360);
INSERT INTO INVENTORIES (product_id, branch_id, quantity) VALUES ('PRD0112', 'AHMA', 204);
INSERT INTO INVENTORIES (product_id, branch_id, quantity) VALUES ('PRD0113', 'AHMA', 425);
INSERT INTO INVENTORIES (product_id, branch_id, quantity) VALUES ('PRD0114', 'AHMA', 168);
INSERT INTO INVENTORIES (product_id, branch_id, quantity) VALUES ('PRD0115', 'AHMA', 385);
INSERT INTO INVENTORIES (product_id, branch_id, quantity) VALUES ('PRD0116', 'AHMA', 249);
INSERT INTO INVENTORIES (product_id, branch_id, quantity) VALUES ('PRD0117', 'AHMA', 490);
INSERT INTO INVENTORIES (product_id, branch_id, quantity) VALUES ('PRD0118', 'AHMA', 94);
INSERT INTO INVENTORIES (product_id, branch_id, quantity) VALUES ('PRD0119', 'AHMA', 311);
INSERT INTO INVENTORIES (product_id, branch_id, quantity) VALUES ('PRD0121', 'AHMA', 456);
INSERT INTO INVENTORIES (product_id, branch_id, quantity) VALUES ('PRD0124', 'AHMA', 179);
INSERT INTO INVENTORIES (product_id, branch_id, quantity) VALUES ('PRD0125', 'AHMA', 399);
INSERT INTO INVENTORIES (product_id, branch_id, quantity) VALUES ('PRD0127', 'AHMA', 227);
INSERT INTO INVENTORIES (product_id, branch_id, quantity) VALUES ('PRD0128', 'AHMA', 483);
INSERT INTO INVENTORIES (product_id, branch_id, quantity) VALUES ('PRD0131', 'AHMA', 140);
INSERT INTO INVENTORIES (product_id, branch_id, quantity) VALUES ('PRD0132', 'AHMA', 351);
INSERT INTO INVENTORIES (product_id, branch_id, quantity) VALUES ('PRD0133', 'AHMA', 291);
INSERT INTO INVENTORIES (product_id, branch_id, quantity) VALUES ('PRD0134', 'AHMA', 436);
INSERT INTO INVENTORIES (product_id, branch_id, quantity) VALUES ('PRD0135', 'AHMA', 125);
INSERT INTO INVENTORIES (product_id, branch_id, quantity) VALUES ('PRD0138', 'AHMA', 374);
INSERT INTO INVENTORIES (product_id, branch_id, quantity) VALUES ('PRD0140', 'AHMA', 211);
INSERT INTO INVENTORIES (product_id, branch_id, quantity) VALUES ('PRD0141', 'AHMA', 467);
INSERT INTO INVENTORIES (product_id, branch_id, quantity) VALUES ('PRD0142', 'AHMA', 153);
INSERT INTO INVENTORIES (product_id, branch_id, quantity) VALUES ('PRD0143', 'AHMA', 392);
INSERT INTO INVENTORIES (product_id, branch_id, quantity) VALUES ('PRD0144', 'AHMA', 285);
INSERT INTO INVENTORIES (product_id, branch_id, quantity) VALUES ('PRD0145', 'AHMA', 447);
INSERT INTO INVENTORIES (product_id, branch_id, quantity) VALUES ('PRD0146', 'AHMA', 104);
INSERT INTO INVENTORIES (product_id, branch_id, quantity) VALUES ('PRD0150', 'AHMA', 322);
INSERT INTO INVENTORIES (product_id, branch_id, quantity) VALUES ('PRD0151', 'AHMA', 195);
INSERT INTO INVENTORIES (product_id, branch_id, quantity) VALUES ('PRD0152', 'AHMA', 412);
INSERT INTO INVENTORIES (product_id, branch_id, quantity) VALUES ('PRD0153', 'AHMA', 258);
INSERT INTO INVENTORIES (product_id, branch_id, quantity) VALUES ('PRD0154', 'AHMA', 478);
INSERT INTO INVENTORIES (product_id, branch_id, quantity) VALUES ('PRD0156', 'AHMA', 118);
INSERT INTO INVENTORIES (product_id, branch_id, quantity) VALUES ('PRD0157', 'AHMA', 344);
INSERT INTO INVENTORIES (product_id, branch_id, quantity) VALUES ('PRD0158', 'AHMA', 231);
INSERT INTO INVENTORIES (product_id, branch_id, quantity) VALUES ('PRD0159', 'AHMA', 497);
INSERT INTO INVENTORIES (product_id, branch_id, quantity) VALUES ('PRD0160', 'AHMA', 81);
INSERT INTO INVENTORIES (product_id, branch_id, quantity) VALUES ('PRD0161', 'AHMA', 363);
INSERT INTO INVENTORIES (product_id, branch_id, quantity) VALUES ('PRD0166', 'AHMA', 147);
INSERT INTO INVENTORIES (product_id, branch_id, quantity) VALUES ('PRD0169', 'AHMA', 403);
INSERT INTO INVENTORIES (product_id, branch_id, quantity) VALUES ('PRD0171', 'AHMA', 270);
INSERT INTO INVENTORIES (product_id, branch_id, quantity) VALUES ('PRD0172', 'AHMA', 189);
INSERT INTO INVENTORIES (product_id, branch_id, quantity) VALUES ('PRD0174', 'AHMA', 421);
INSERT INTO INVENTORIES (product_id, branch_id, quantity) VALUES ('PRD0177', 'AHMA', 315);
INSERT INTO INVENTORIES (product_id, branch_id, quantity) VALUES ('PRD0178', 'AHMA', 99);
INSERT INTO INVENTORIES (product_id, branch_id, quantity) VALUES ('PRD0180', 'AHMA', 462);
INSERT INTO INVENTORIES (product_id, branch_id, quantity) VALUES ('PRD0181', 'AHMA', 242);
INSERT INTO INVENTORIES (product_id, branch_id, quantity) VALUES ('PRD0182', 'AHMA', 387);
INSERT INTO INVENTORIES (product_id, branch_id, quantity) VALUES ('PRD0183', 'AHMA', 129);
INSERT INTO INVENTORIES (product_id, branch_id, quantity) VALUES ('PRD0184', 'AHMA', 356);
INSERT INTO INVENTORIES (product_id, branch_id, quantity) VALUES ('PRD0185', 'AHMA', 296);
INSERT INTO INVENTORIES (product_id, branch_id, quantity) VALUES ('PRD0186', 'AHMA', 439);
INSERT INTO INVENTORIES (product_id, branch_id, quantity) VALUES ('PRD0187', 'AHMA', 162);
INSERT INTO INVENTORIES (product_id, branch_id, quantity) VALUES ('PRD0188', 'AHMA', 378);
INSERT INTO INVENTORIES (product_id, branch_id, quantity) VALUES ('PRD0189', 'AHMA', 218);
INSERT INTO INVENTORIES (product_id, branch_id, quantity) VALUES ('PRD0190', 'AHMA', 474);
INSERT INTO INVENTORIES (product_id, branch_id, quantity) VALUES ('PRD0191', 'AHMA', 159);
INSERT INTO INVENTORIES (product_id, branch_id, quantity) VALUES ('PRD0192', 'AHMA', 397);
INSERT INTO INVENTORIES (product_id, branch_id, quantity) VALUES ('PRD0193', 'AHMA', 282);
INSERT INTO INVENTORIES (product_id, branch_id, quantity) VALUES ('PRD0194', 'AHMA', 442);
INSERT INTO INVENTORIES (product_id, branch_id, quantity) VALUES ('PRD0195', 'AHMA', 107);
INSERT INTO INVENTORIES (product_id, branch_id, quantity) VALUES ('PRD0196', 'AHMA', 325);
INSERT INTO INVENTORIES (product_id, branch_id, quantity) VALUES ('PRD0197', 'AHMA', 201);
INSERT INTO INVENTORIES (product_id, branch_id, quantity) VALUES ('PRD0198', 'AHMA', 417);
INSERT INTO INVENTORIES (product_id, branch_id, quantity) VALUES ('PRD0199', 'AHMA', 263);
INSERT INTO INVENTORIES (product_id, branch_id, quantity) VALUES ('PRD0201', 'AHMA', 485);
INSERT INTO INVENTORIES (product_id, branch_id, quantity) VALUES ('PRD0202', 'AHMA', 121);
INSERT INTO INVENTORIES (product_id, branch_id, quantity) VALUES ('PRD0206', 'AHMA', 347);
INSERT INTO INVENTORIES (product_id, branch_id, quantity) VALUES ('PRD0208', 'AHMA', 237);
INSERT INTO INVENTORIES (product_id, branch_id, quantity) VALUES ('PRD0210', 'AHMA', 491);
INSERT INTO INVENTORIES (product_id, branch_id, quantity) VALUES ('PRD0212', 'AHMA', 84);
INSERT INTO INVENTORIES (product_id, branch_id, quantity) VALUES ('PRD0213', 'AHMA', 367);
INSERT INTO INVENTORIES (product_id, branch_id, quantity) VALUES ('PRD0214', 'AHMA', 152);
INSERT INTO INVENTORIES (product_id, branch_id, quantity) VALUES ('PRD0215', 'AHMA', 406);
INSERT INTO INVENTORIES (product_id, branch_id, quantity) VALUES ('PRD0216', 'AHMA', 274);
INSERT INTO INVENTORIES (product_id, branch_id, quantity) VALUES ('PRD0217', 'AHMA', 193);
INSERT INTO INVENTORIES (product_id, branch_id, quantity) VALUES ('PRD0218', 'AHMA', 426);
INSERT INTO INVENTORIES (product_id, branch_id, quantity) VALUES ('PRD0219', 'AHMA', 321);
INSERT INTO INVENTORIES (product_id, branch_id, quantity) VALUES ('PRD0221', 'AHMA', 71);
INSERT INTO INVENTORIES (product_id, branch_id, quantity) VALUES ('PRD0222', 'AHMA', 468);
INSERT INTO INVENTORIES (product_id, branch_id, quantity) VALUES ('PRD0223', 'AHMA', 247);
INSERT INTO INVENTORIES (product_id, branch_id, quantity) VALUES ('PRD0225', 'AHMA', 391);
INSERT INTO INVENTORIES (product_id, branch_id, quantity) VALUES ('PRD0226', 'AHMA', 133);
INSERT INTO INVENTORIES (product_id, branch_id, quantity) VALUES ('PRD0228', 'AHMA', 358);
INSERT INTO INVENTORIES (product_id, branch_id, quantity) VALUES ('PRD0229', 'AHMA', 300);
INSERT INTO INVENTORIES (product_id, branch_id, quantity) VALUES ('PRD0230', 'AHMA', 431);
INSERT INTO INVENTORIES (product_id, branch_id, quantity) VALUES ('PRD0231', 'AHMA', 166);
INSERT INTO INVENTORIES (product_id, branch_id, quantity) VALUES ('PRD0236', 'AHMA', 383);
INSERT INTO INVENTORIES (product_id, branch_id, quantity) VALUES ('PRD0240', 'AHMA', 223);
INSERT INTO INVENTORIES (product_id, branch_id, quantity) VALUES ('PRD0241', 'AHMA', 480);
INSERT INTO INVENTORIES (product_id, branch_id, quantity) VALUES ('PRD0242', 'AHMA', 163);
INSERT INTO INVENTORIES (product_id, branch_id, quantity) VALUES ('PRD0244', 'AHMA', 396);
INSERT INTO INVENTORIES (product_id, branch_id, quantity) VALUES ('PRD0245', 'AHMA', 287);
INSERT INTO INVENTORIES (product_id, branch_id, quantity) VALUES ('PRD0249', 'AHMA', 446);
INSERT INTO INVENTORIES (product_id, branch_id, quantity) VALUES ('PRD0250', 'AHMA', 110);
INSERT INTO INVENTORIES (product_id, branch_id, quantity) VALUES ('PRD0252', 'AHMA', 329);
INSERT INTO INVENTORIES (product_id, branch_id, quantity) VALUES ('PRD0254', 'AHMA', 206);
INSERT INTO INVENTORIES (product_id, branch_id, quantity) VALUES ('PRD0255', 'AHMA', 420);
INSERT INTO INVENTORIES (product_id, branch_id, quantity) VALUES ('PRD0260', 'AHMA', 268);
INSERT INTO INVENTORIES (product_id, branch_id, quantity) VALUES ('PRD0261', 'AHMA', 496);
INSERT INTO INVENTORIES (product_id, branch_id, quantity) VALUES ('PRD0263', 'AHMA', 126);
INSERT INTO INVENTORIES (product_id, branch_id, quantity) VALUES ('PRD0264', 'AHMA', 352);
INSERT INTO INVENTORIES (product_id, branch_id, quantity) VALUES ('PRD0265', 'AHMA', 241);
INSERT INTO INVENTORIES (product_id, branch_id, quantity) VALUES ('PRD0266', 'AHMA', 473);
INSERT INTO INVENTORIES (product_id, branch_id, quantity) VALUES ('PRD0267', 'AHMA', 137);
INSERT INTO INVENTORIES (product_id, branch_id, quantity) VALUES ('PRD0268', 'AHMA', 373);
INSERT INTO INVENTORIES (product_id, branch_id, quantity) VALUES ('PRD0269', 'AHMA', 214);
INSERT INTO INVENTORIES (product_id, branch_id, quantity) VALUES ('PRD0270', 'AHMA', 459);
INSERT INTO INVENTORIES (product_id, branch_id, quantity) VALUES ('PRD0271', 'AHMA', 173);
INSERT INTO INVENTORIES (product_id, branch_id, quantity) VALUES ('PRD0272', 'AHMA', 394);
INSERT INTO INVENTORIES (product_id, branch_id, quantity) VALUES ('PRD0273', 'AHMA', 290);
INSERT INTO INVENTORIES (product_id, branch_id, quantity) VALUES ('PRD0275', 'AHMA', 435);
INSERT INTO INVENTORIES (product_id, branch_id, quantity) VALUES ('PRD0277', 'AHMA', 130);
INSERT INTO INVENTORIES (product_id, branch_id, quantity) VALUES ('PRD0279', 'AHMA', 379);
INSERT INTO INVENTORIES (product_id, branch_id, quantity) VALUES ('PRD0280', 'AHMA', 220);
INSERT INTO INVENTORIES (product_id, branch_id, quantity) VALUES ('PRD0285', 'AHMA', 479);
INSERT INTO INVENTORIES (product_id, branch_id, quantity) VALUES ('PRD0286', 'AHMA', 169);
INSERT INTO INVENTORIES (product_id, branch_id, quantity) VALUES ('PRD0287', 'AHMA', 382);
INSERT INTO INVENTORIES (product_id, branch_id, quantity) VALUES ('PRD0288', 'AHMA', 253);